{
    "boxes": [
        [
            354.389892578125,
            34.01375961303711
        ]
    ],
    "skeleton": "mpi_inf_3dhp_28",
    "joints": [
        "thor",
        "spi4",
        "spi2",
        "spin",
        "pelv",
        "neck",
        "head",
        "htop",
        "lcla",
        "lsho",
        "lelb",
        "lwri",
        "lhan",
        "rcla",
        "rsho",
        "relb",
        "rwri",
        "rhan",
        "lhip",
        "lkne",
        "lank",
        "lfoo",
        "ltoe",
        "rhip",
        "rkne",
        "rank",
        "rfoo",
        "rtoe"
    ],
    "pose3d": [
        [
            "thor",
            2.9822287559509277,
            3348.82763671875,
            394.56829833984375
        ],
        [
            "spi4",
            -3.2791473865509033,
            3365.96923828125,
            500.52996826171875
        ],
        [
            "spi2",
            5.378708839416504,
            3332.59423828125,
            317.59490966796875
        ],
        [
            "spin",
            5.268013954162598,
            3332.23828125,
            316.56463623046875
        ],
        [
            "pelv",
            7.385289669036865,
            3305.280517578125,
            93.79188537597656
        ],
        [
            "neck",
            7.9734787940979,
            3322.688720703125,
            568.7189331054688
        ],
        [
            "head",
            12.588066101074219,
            3299.22119140625,
            650.5606689453125
        ],
        [
            "htop",
            13.253949165344238,
            3304.706298828125,
            822.96533203125
        ],
        [
            "lcla",
            55.79045486450195,
            3317.10546875,
            532.1986083984375
        ],
        [
            "lsho",
            143.081298828125,
            3366.364501953125,
            516.1887817382812
        ],
        [
            "lelb",
            360.13897705078125,
            3371.043701171875,
            289.28497314453125
        ],
        [
            "lwri",
            502.3614196777344,
            3242.95703125,
            150.21908569335938
        ],
        [
            "lhan",
            553.3231811523438,
            3201.23779296875,
            102.28633117675781
        ],
        [
            "rcla",
            -26.314346313476562,
            3290.078857421875,
            533.1097412109375
        ],
        [
            "rsho",
            -126.06867980957031,
            3276.93408203125,
            521.8983154296875
        ],
        [
            "relb",
            -321.58343505859375,
            3176.706787109375,
            302.83294677734375
        ],
        [
            "rwri",
            -358.4389343261719,
            2983.31005859375,
            170.93630981445312
        ],
        [
            "rhan",
            -371.68267822265625,
            2917.867919921875,
            118.4553451538086
        ],
        [
            "lhip",
            126.73921966552734,
            3343.51416015625,
            94.25019836425781
        ],
        [
            "lkne",
            158.8083038330078,
            3305.593017578125,
            -395.33465576171875
        ],
        [
            "lank",
            169.8442840576172,
            3362.354248046875,
            -793.7630004882812
        ],
        [
            "lfoo",
            221.92898559570312,
            3267.047119140625,
            -834.3934326171875
        ],
        [
            "ltoe",
            231.49057006835938,
            3237.40087890625,
            -841.2137451171875
        ],
        [
            "rhip",
            -109.03721618652344,
            3267.18017578125,
            98.19145965576172
        ],
        [
            "rkne",
            -116.97599792480469,
            3189.249267578125,
            -385.4087829589844
        ],
        [
            "rank",
            -167.60699462890625,
            3206.650634765625,
            -794.3687744140625
        ],
        [
            "rfoo",
            -136.39442443847656,
            3106.118408203125,
            -838.0867919921875
        ],
        [
            "rtoe",
            -122.5562515258789,
            3077.355712890625,
            -845.9904174804688
        ]
    ],
    "pose3d1": [],
    "pose3d2": []
}