{
    "boxes": [
        [
            336.4508056640625,
            32.958702087402344
        ]
    ],
    "skeleton": "mpi_inf_3dhp_28",
    "joints": [
        "thor",
        "spi4",
        "spi2",
        "spin",
        "pelv",
        "neck",
        "head",
        "htop",
        "lcla",
        "lsho",
        "lelb",
        "lwri",
        "lhan",
        "rcla",
        "rsho",
        "relb",
        "rwri",
        "rhan",
        "lhip",
        "lkne",
        "lank",
        "lfoo",
        "ltoe",
        "rhip",
        "rkne",
        "rank",
        "rfoo",
        "rtoe"
    ],
    "pose3d": [
        [
            "thor",
            1.0154857635498047,
            3370.017578125,
            405.7168884277344
        ],
        [
            "spi4",
            1.806646704673767,
            3361.34130859375,
            512.5767822265625
        ],
        [
            "spi2",
            -0.9092267751693726,
            3375.34228515625,
            328.96917724609375
        ],
        [
            "spin",
            -0.7514442801475525,
            3375.593017578125,
            328.08184814453125
        ],
        [
            "pelv",
            -3.8946728706359863,
            3354.97265625,
            107.8852767944336
        ],
        [
            "neck",
            -5.679230213165283,
            3395.53564453125,
            573.5977783203125
        ],
        [
            "head",
            -7.872910499572754,
            3416.40771484375,
            658.5071411132812
        ],
        [
            "htop",
            -6.648983001708984,
            3419.53173828125,
            829.6637573242188
        ],
        [
            "lcla",
            -49.58032989501953,
            3401.262451171875,
            536.8516845703125
        ],
        [
            "lsho",
            -143.5269317626953,
            3378.212158203125,
            525.9352416992188
        ],
        [
            "lelb",
            -374.8069763183594,
            3415.92236328125,
            303.9041442871094
        ],
        [
            "lwri",
            -500.8922424316406,
            3561.96240234375,
            158.31173706054688
        ],
        [
            "lhan",
            -541.9642944335938,
            3615.612060546875,
            108.77882385253906
        ],
        [
            "rcla",
            35.44950866699219,
            3411.67236328125,
            537.0947875976562
        ],
        [
            "rsho",
            136.82752990722656,
            3413.322265625,
            526.5704956054688
        ],
        [
            "relb",
            356.5230407714844,
            3485.778076171875,
            304.57879638671875
        ],
        [
            "rwri",
            445.23077392578125,
            3647.731201171875,
            162.67807006835938
        ],
        [
            "rhan",
            474.5780334472656,
            3714.84423828125,
            117.21268463134766
        ],
        [
            "lhip",
            -124.20149993896484,
            3339.41357421875,
            114.51686096191406
        ],
        [
            "lkne",
            -155.65811157226562,
            3276.462158203125,
            -391.0360412597656
        ],
        [
            "lank",
            -175.1854248046875,
            3188.93359375,
            -773.8524780273438
        ],
        [
            "lfoo",
            -209.20492553710938,
            3308.697265625,
            -810.5797119140625
        ],
        [
            "ltoe",
            -215.5388641357422,
            3342.22216796875,
            -816.47802734375
        ],
        [
            "rhip",
            115.59952545166016,
            3369.567138671875,
            109.66934967041016
        ],
        [
            "rkne",
            140.08839416503906,
            3316.002685546875,
            -396.78582763671875
        ],
        [
            "rank",
            176.83486938476562,
            3248.921875,
            -783.4451293945312
        ],
        [
            "rfoo",
            161.85023498535156,
            3369.632080078125,
            -815.272216796875
        ],
        [
            "rtoe",
            153.23696899414062,
            3401.900390625,
            -819.1674194335938
        ]
    ],
    "pose3d1": [],
    "pose3d2": []
}