{
    "boxes": [
        [
            442.402587890625,
            37.04202651977539
        ]
    ],
    "skeleton": "mpi_inf_3dhp_28",
    "joints": [
        "thor",
        "spi4",
        "spi2",
        "spin",
        "pelv",
        "neck",
        "head",
        "htop",
        "lcla",
        "lsho",
        "lelb",
        "lwri",
        "lhan",
        "rcla",
        "rsho",
        "relb",
        "rwri",
        "rhan",
        "lhip",
        "lkne",
        "lank",
        "lfoo",
        "ltoe",
        "rhip",
        "rkne",
        "rank",
        "rfoo",
        "rtoe"
    ],
    "pose3d": [
        [
            "thor",
            0.8792306780815125,
            3395.23779296875,
            414.37445068359375
        ],
        [
            "spi4",
            -17.504558563232422,
            3402.49462890625,
            519.8800048828125
        ],
        [
            "spi2",
            12.441411018371582,
            3385.502685546875,
            336.6114807128906
        ],
        [
            "spin",
            12.542136192321777,
            3384.77734375,
            335.36968994140625
        ],
        [
            "pelv",
            26.86162757873535,
            3370.576904296875,
            106.73172760009766
        ],
        [
            "neck",
            24.357959747314453,
            3394.088623046875,
            584.4583740234375
        ],
        [
            "head",
            41.19291305541992,
            3389.041748046875,
            666.3201904296875
        ],
        [
            "htop",
            31.81307601928711,
            3387.00634765625,
            832.279296875
        ],
        [
            "lcla",
            53.18003463745117,
            3426.40234375,
            548.2635498046875
        ],
        [
            "lsho",
            61.2774658203125,
            3519.278564453125,
            540.897216796875
        ],
        [
            "lelb",
            167.9862823486328,
            3671.34765625,
            300.8995666503906
        ],
        [
            "lwri",
            335.0887451171875,
            3739.94775390625,
            154.0872039794922
        ],
        [
            "lhan",
            396.87152099609375,
            3778.37255859375,
            108.95052337646484
        ],
        [
            "rcla",
            30.03545570373535,
            3348.376953125,
            550.4832763671875
        ],
        [
            "rsho",
            -15.633877754211426,
            3259.92431640625,
            550.7297973632812
        ],
        [
            "relb",
            -51.77437210083008,
            3069.555908203125,
            313.37274169921875
        ],
        [
            "rwri",
            63.909034729003906,
            2914.11962890625,
            167.07498168945312
        ],
        [
            "rhan",
            104.32320404052734,
            2854.15771484375,
            118.1451644897461
        ],
        [
            "lhip",
            66.09700775146484,
            3484.88134765625,
            104.5293960571289
        ],
        [
            "lkne",
            97.45436096191406,
            3471.251953125,
            -406.52276611328125
        ],
        [
            "lank",
            58.49324417114258,
            3477.634033203125,
            -805.9225463867188
        ],
        [
            "lfoo",
            166.6769256591797,
            3481.862548828125,
            -842.7296142578125
        ],
        [
            "ltoe",
            195.98440551757812,
            3476.759765625,
            -848.0362548828125
        ],
        [
            "rhip",
            -11.09897232055664,
            3257.28173828125,
            116.0762939453125
        ],
        [
            "rkne",
            -2.6987650394439697,
            3243.49755859375,
            -412.11810302734375
        ],
        [
            "rank",
            -47.369380950927734,
            3224.0830078125,
            -820.6466674804688
        ],
        [
            "rfoo",
            58.43693161010742,
            3190.825439453125,
            -858.1370239257812
        ],
        [
            "rtoe",
            90.84410095214844,
            3185.623046875,
            -864.6970825195312
        ]
    ],
    "pose3d1": [],
    "pose3d2": []
}