{
    "boxes": [
        [
            442.2203674316406,
            38.210960388183594
        ]
    ],
    "skeleton": "mpi_inf_3dhp_28",
    "joints": [
        "thor",
        "spi4",
        "spi2",
        "spin",
        "pelv",
        "neck",
        "head",
        "htop",
        "lcla",
        "lsho",
        "lelb",
        "lwri",
        "lhan",
        "rcla",
        "rsho",
        "relb",
        "rwri",
        "rhan",
        "lhip",
        "lkne",
        "lank",
        "lfoo",
        "ltoe",
        "rhip",
        "rkne",
        "rank",
        "rfoo",
        "rtoe"
    ],
    "pose3d": [
        [
            "thor",
            -9.144655227661133,
            3534.776611328125,
            433.81280517578125
        ],
        [
            "spi4",
            -20.367862701416016,
            3535.992919921875,
            542.2193603515625
        ],
        [
            "spi2",
            1.2421281337738037,
            3531.990234375,
            353.8060302734375
        ],
        [
            "spin",
            0.914842426776886,
            3531.53076171875,
            353.16156005859375
        ],
        [
            "pelv",
            20.69793701171875,
            3523.798828125,
            116.97920989990234
        ],
        [
            "neck",
            25.926563262939453,
            3546.16552734375,
            602.413330078125
        ],
        [
            "head",
            46.57563018798828,
            3551.983642578125,
            689.2796630859375
        ],
        [
            "htop",
            41.2739372253418,
            3547.52685546875,
            865.8351440429688
        ],
        [
            "lcla",
            30.023433685302734,
            3590.99169921875,
            564.8018188476562
        ],
        [
            "lsho",
            -8.829458236694336,
            3681.573486328125,
            562.3759765625
        ],
        [
            "lelb",
            -1.4634993076324463,
            3860.598388671875,
            289.3870544433594
        ],
        [
            "lwri",
            105.78458404541016,
            3942.400390625,
            116.171142578125
        ],
        [
            "lhan",
            147.15432739257812,
            3989.455078125,
            68.30846405029297
        ],
        [
            "rcla",
            50.774559020996094,
            3505.651611328125,
            565.9496459960938
        ],
        [
            "rsho",
            50.143524169921875,
            3401.58740234375,
            564.2394409179688
        ],
        [
            "relb",
            149.33497619628906,
            3198.215087890625,
            320.50390625
        ],
        [
            "rwri",
            333.70635986328125,
            3111.236328125,
            168.6549072265625
        ],
        [
            "rhan",
            395.8409118652344,
            3079.099609375,
            109.1812515258789
        ],
        [
            "lhip",
            -15.186845779418945,
            3639.052734375,
            117.0903549194336
        ],
        [
            "lkne",
            0.7565367817878723,
            3632.6171875,
            -428.55517578125
        ],
        [
            "lank",
            -33.8883171081543,
            3636.457763671875,
            -845.95849609375
        ],
        [
            "lfoo",
            76.75798034667969,
            3702.38623046875,
            -879.1773681640625
        ],
        [
            "ltoe",
            109.3021469116211,
            3713.524169921875,
            -881.9533081054688
        ],
        [
            "rhip",
            56.00188064575195,
            3406.41796875,
            123.84126281738281
        ],
        [
            "rkne",
            91.06429290771484,
            3367.067138671875,
            -419.1773376464844
        ],
        [
            "rank",
            47.90258026123047,
            3309.41748046875,
            -851.5900268554688
        ],
        [
            "rfoo",
            165.71539306640625,
            3320.74365234375,
            -883.6160278320312
        ],
        [
            "rtoe",
            199.16116333007812,
            3329.401611328125,
            -886.8161010742188
        ]
    ],
    "pose3d1": [],
    "pose3d2": []
}