{
    "boxes": [
        [
            329.8729553222656,
            41.61098098754883
        ]
    ],
    "skeleton": "mpi_inf_3dhp_28",
    "joints": [
        "thor",
        "spi4",
        "spi2",
        "spin",
        "pelv",
        "neck",
        "head",
        "htop",
        "lcla",
        "lsho",
        "lelb",
        "lwri",
        "lhan",
        "rcla",
        "rsho",
        "relb",
        "rwri",
        "rhan",
        "lhip",
        "lkne",
        "lank",
        "lfoo",
        "ltoe",
        "rhip",
        "rkne",
        "rank",
        "rfoo",
        "rtoe"
    ],
    "pose3d": [
        [
            "thor",
            -1.008378505706787,
            3517.384033203125,
            429.16168212890625
        ],
        [
            "spi4",
            11.552428245544434,
            3515.975830078125,
            536.8516845703125
        ],
        [
            "spi2",
            -11.00175666809082,
            3514.998779296875,
            350.06207275390625
        ],
        [
            "spin",
            -11.153778076171875,
            3515.78076171875,
            349.23419189453125
        ],
        [
            "pelv",
            -24.168964385986328,
            3505.62451171875,
            114.86283874511719
        ],
        [
            "neck",
            -30.015823364257812,
            3531.50732421875,
            598.9766845703125
        ],
        [
            "head",
            -48.1010627746582,
            3536.336669921875,
            684.7483520507812
        ],
        [
            "htop",
            -42.725093841552734,
            3530.77978515625,
            856.4761962890625
        ],
        [
            "lcla",
            -61.00908660888672,
            3494.468017578125,
            562.6954345703125
        ],
        [
            "lsho",
            -73.41946411132812,
            3391.9921875,
            557.3023681640625
        ],
        [
            "lelb",
            -204.748779296875,
            3209.94873046875,
            319.18646240234375
        ],
        [
            "lwri",
            -389.7539978027344,
            3153.70947265625,
            168.85787963867188
        ],
        [
            "lhan",
            -456.710693359375,
            3134.06689453125,
            110.29316711425781
        ],
        [
            "rcla",
            -28.88690757751465,
            3576.788330078125,
            562.8744506835938
        ],
        [
            "rsho",
            29.8234920501709,
            3661.93603515625,
            559.4288330078125
        ],
        [
            "relb",
            80.36720275878906,
            3846.93798828125,
            285.4049072265625
        ],
        [
            "rwri",
            -59.364784240722656,
            3931.289794921875,
            111.6068344116211
        ],
        [
            "rhan",
            -101.95452880859375,
            3977.061279296875,
            64.84312438964844
        ],
        [
            "lhip",
            -72.56830596923828,
            3392.395751953125,
            123.1810302734375
        ],
        [
            "lkne",
            -111.08528137207031,
            3354.013671875,
            -415.90911865234375
        ],
        [
            "lank",
            -79.74366760253906,
            3288.596923828125,
            -843.0062255859375
        ],
        [
            "lfoo",
            -193.80331420898438,
            3312.278076171875,
            -874.8932495117188
        ],
        [
            "ltoe",
            -225.4187469482422,
            3323.10009765625,
            -878.1946411132812
        ],
        [
            "rhip",
            27.15350914001465,
            3620.40771484375,
            115.660400390625
        ],
        [
            "rkne",
            16.90914535522461,
            3604.94921875,
            -424.26611328125
        ],
        [
            "rank",
            59.05895233154297,
            3600.606201171875,
            -835.7360229492188
        ],
        [
            "rfoo",
            -41.30823516845703,
            3676.801513671875,
            -872.3395385742188
        ],
        [
            "rtoe",
            -72.47403717041016,
            3691.813232421875,
            -878.4060668945312
        ]
    ],
    "pose3d1": [],
    "pose3d2": []
}