{
    "boxes": [
        [
            315.9886169433594,
            35.328739166259766
        ]
    ],
    "skeleton": "mpi_inf_3dhp_28",
    "joints": [
        "thor",
        "spi4",
        "spi2",
        "spin",
        "pelv",
        "neck",
        "head",
        "htop",
        "lcla",
        "lsho",
        "lelb",
        "lwri",
        "lhan",
        "rcla",
        "rsho",
        "relb",
        "rwri",
        "rhan",
        "lhip",
        "lkne",
        "lank",
        "lfoo",
        "ltoe",
        "rhip",
        "rkne",
        "rank",
        "rfoo",
        "rtoe"
    ],
    "pose3d": [
        [
            "thor",
            -4.051389217376709,
            3323.155517578125,
            388.5225830078125
        ],
        [
            "spi4",
            -1.7027947902679443,
            3339.62158203125,
            495.2037658691406
        ],
        [
            "spi2",
            -4.5095906257629395,
            3308.44287109375,
            310.6435852050781
        ],
        [
            "spin",
            -4.4401631355285645,
            3308.11474609375,
            309.50531005859375
        ],
        [
            "pelv",
            -4.965231895446777,
            3287.3203125,
            84.7992935180664
        ],
        [
            "neck",
            -7.476599216461182,
            3292.47412109375,
            562.302001953125
        ],
        [
            "head",
            -9.150245666503906,
            3267.19873046875,
            645.0802612304688
        ],
        [
            "htop",
            -5.4373369216918945,
            3275.240234375,
            819.08154296875
        ],
        [
            "lcla",
            31.609039306640625,
            3266.654052734375,
            525.5084228515625
        ],
        [
            "lsho",
            134.57826232910156,
            3272.953125,
            512.9974365234375
        ],
        [
            "lelb",
            342.1771240234375,
            3200.98779296875,
            296.2923889160156
        ],
        [
            "lwri",
            412.21563720703125,
            3016.513671875,
            163.1582794189453
        ],
        [
            "lhan",
            438.93988037109375,
            2955.5400390625,
            112.30889892578125
        ],
        [
            "rcla",
            -53.5281982421875,
            3279.814453125,
            525.8568115234375
        ],
        [
            "rsho",
            -147.0172119140625,
            3316.442138671875,
            513.2039794921875
        ],
        [
            "relb",
            -367.54449462890625,
            3311.21923828125,
            292.9720153808594
        ],
        [
            "rwri",
            -485.07275390625,
            3145.059326171875,
            157.62539672851562
        ],
        [
            "rhan",
            -528.8013916015625,
            3095.48193359375,
            108.4499282836914
        ],
        [
            "lhip",
            118.1407699584961,
            3269.31494140625,
            86.41297149658203
        ],
        [
            "lkne",
            131.29783630371094,
            3219.73681640625,
            -392.8109436035156
        ],
        [
            "lank",
            173.78622436523438,
            3259.47900390625,
            -793.8716430664062
        ],
        [
            "lfoo",
            159.15933227539062,
            3146.69580078125,
            -838.3173828125
        ],
        [
            "ltoe",
            150.12350463867188,
            3114.241455078125,
            -846.4440307617188
        ],
        [
            "rhip",
            -128.83238220214844,
            3303.80859375,
            86.59419250488281
        ],
        [
            "rkne",
            -153.53750610351562,
            3226.37109375,
            -383.23846435546875
        ],
        [
            "rank",
            -177.587646484375,
            3280.138671875,
            -781.6276245117188
        ],
        [
            "rfoo",
            -211.18649291992188,
            3172.112548828125,
            -824.5480346679688
        ],
        [
            "rtoe",
            -215.2266845703125,
            3138.98876953125,
            -831.7801513671875
        ]
    ],
    "pose3d1": [],
    "pose3d2": []
}