{
    "boxes": [
        [
            333.04046630859375,
            36.70903778076172
        ]
    ],
    "skeleton": "mpi_inf_3dhp_28",
    "joints": [
        "thor",
        "spi4",
        "spi2",
        "spin",
        "pelv",
        "neck",
        "head",
        "htop",
        "lcla",
        "lsho",
        "lelb",
        "lwri",
        "lhan",
        "rcla",
        "rsho",
        "relb",
        "rwri",
        "rhan",
        "lhip",
        "lkne",
        "lank",
        "lfoo",
        "ltoe",
        "rhip",
        "rkne",
        "rank",
        "rfoo",
        "rtoe"
    ],
    "pose3d": [
        [
            "thor",
            1.2078393697738647,
            3337.2890625,
            393.02301025390625
        ],
        [
            "spi4",
            -1.9295310974121094,
            3352.81640625,
            499.5838928222656
        ],
        [
            "spi2",
            2.3733558654785156,
            3322.98046875,
            315.18896484375
        ],
        [
            "spin",
            2.3142614364624023,
            3322.632080078125,
            314.12286376953125
        ],
        [
            "pelv",
            2.2682037353515625,
            3303.514892578125,
            89.3297119140625
        ],
        [
            "neck",
            2.7732768058776855,
            3305.916748046875,
            565.7857666015625
        ],
        [
            "head",
            4.842822074890137,
            3280.186767578125,
            647.5316162109375
        ],
        [
            "htop",
            3.7904467582702637,
            3286.62890625,
            818.9595947265625
        ],
        [
            "lcla",
            49.065711975097656,
            3293.378173828125,
            529.1019287109375
        ],
        [
            "lsho",
            143.69520568847656,
            3330.020751953125,
            515.4988403320312
        ],
        [
            "lelb",
            363.71453857421875,
            3315.506591796875,
            291.75347900390625
        ],
        [
            "lwri",
            486.34161376953125,
            3162.385986328125,
            153.1409149169922
        ],
        [
            "lhan",
            533.0774536132812,
            3113.65576171875,
            103.40605163574219
        ],
        [
            "rcla",
            -36.64520263671875,
            3279.456298828125,
            529.1500244140625
        ],
        [
            "rsho",
            -137.5079345703125,
            3282.975341796875,
            517.3297729492188
        ],
        [
            "relb",
            -347.32427978515625,
            3213.0751953125,
            298.1655578613281
        ],
        [
            "rwri",
            -413.3714294433594,
            3022.21728515625,
            164.95755004882812
        ],
        [
            "rhan",
            -438.8807067871094,
            2960.096435546875,
            113.05278015136719
        ],
        [
            "lhip",
            125.7371597290039,
            3322.660888671875,
            91.05241394042969
        ],
        [
            "lkne",
            154.8585205078125,
            3273.16015625,
            -394.0315856933594
        ],
        [
            "lank",
            177.14993286132812,
            3329.46337890625,
            -797.5863647460938
        ],
        [
            "lfoo",
            209.62353515625,
            3220.76708984375,
            -835.5388793945312
        ],
        [
            "ltoe",
            213.32241821289062,
            3187.966064453125,
            -843.4788208007812
        ],
        [
            "rhip",
            -119.19917297363281,
            3283.643310546875,
            92.4424057006836
        ],
        [
            "rkne",
            -133.02023315429688,
            3202.119384765625,
            -384.3785095214844
        ],
        [
            "rank",
            -177.1430206298828,
            3236.19677734375,
            -791.3492431640625
        ],
        [
            "rfoo",
            -168.5259246826172,
            3126.26123046875,
            -836.1053466796875
        ],
        [
            "rtoe",
            -161.0990753173828,
            3093.04052734375,
            -844.2463989257812
        ]
    ],
    "pose3d1": [],
    "pose3d2": []
}