{
    "boxes": [
        [
            322.9742736816406,
            35.62306213378906
        ]
    ],
    "skeleton": "mpi_inf_3dhp_28",
    "joints": [
        "thor",
        "spi4",
        "spi2",
        "spin",
        "pelv",
        "neck",
        "head",
        "htop",
        "lcla",
        "lsho",
        "lelb",
        "lwri",
        "lhan",
        "rcla",
        "rsho",
        "relb",
        "rwri",
        "rhan",
        "lhip",
        "lkne",
        "lank",
        "lfoo",
        "ltoe",
        "rhip",
        "rkne",
        "rank",
        "rfoo",
        "rtoe"
    ],
    "pose3d": [
        [
            "thor",
            -2.222832441329956,
            3330.42822265625,
            389.83941650390625
        ],
        [
            "spi4",
            9.940991401672363,
            3344.90087890625,
            495.27203369140625
        ],
        [
            "spi2",
            -8.947896957397461,
            3316.735107421875,
            313.2939453125
        ],
        [
            "spin",
            -8.912137985229492,
            3316.46484375,
            312.41058349609375
        ],
        [
            "pelv",
            -18.463916778564453,
            3296.718017578125,
            88.97711181640625
        ],
        [
            "neck",
            -19.499168395996094,
            3312.89404296875,
            564.0264282226562
        ],
        [
            "head",
            -30.53714370727539,
            3293.60693359375,
            647.5721435546875
        ],
        [
            "htop",
            -25.00472640991211,
            3300.08251953125,
            819.5344848632812
        ],
        [
            "lcla",
            0.3729749619960785,
            3270.8662109375,
            529.5452880859375
        ],
        [
            "lsho",
            88.5813980102539,
            3220.947021484375,
            520.001220703125
        ],
        [
            "lelb",
            232.9289093017578,
            3060.207275390625,
            307.5325927734375
        ],
        [
            "lwri",
            221.05532836914062,
            2881.89599609375,
            171.40557861328125
        ],
        [
            "lhan",
            213.4770965576172,
            2813.760009765625,
            120.32377624511719
        ],
        [
            "rcla",
            -65.26925659179688,
            3323.71923828125,
            528.8527221679688
        ],
        [
            "rsho",
            -127.5412368774414,
            3399.88671875,
            514.5377197265625
        ],
        [
            "relb",
            -320.6693115234375,
            3499.236328125,
            291.82562255859375
        ],
        [
            "rwri",
            -498.1336975097656,
            3503.99462890625,
            150.80679321289062
        ],
        [
            "rhan",
            -558.8067626953125,
            3508.17529296875,
            104.15850830078125
        ],
        [
            "lhip",
            76.97935485839844,
            3221.250244140625,
            93.67378997802734
        ],
        [
            "lkne",
            76.86002349853516,
            3169.343505859375,
            -394.4812927246094
        ],
        [
            "lank",
            130.2362060546875,
            3158.07568359375,
            -790.3060913085938
        ],
        [
            "lfoo",
            61.5464973449707,
            3076.033203125,
            -832.5408935546875
        ],
        [
            "ltoe",
            37.81306457519531,
            3056.19970703125,
            -840.3392333984375
        ],
        [
            "rhip",
            -117.66788482666016,
            3371.796142578125,
            87.35285949707031
        ],
        [
            "rkne",
            -151.75405883789062,
            3354.399658203125,
            -402.0244140625
        ],
        [
            "rank",
            -149.2620391845703,
            3401.414794921875,
            -788.6959228515625
        ],
        [
            "rfoo",
            -226.7841033935547,
            3336.000732421875,
            -829.1737060546875
        ],
        [
            "rtoe",
            -245.0470733642578,
            3313.06298828125,
            -835.6798095703125
        ]
    ],
    "pose3d1": [],
    "pose3d2": []
}