{
    "boxes": [
        [
            352.79937744140625,
            40.2788200378418
        ]
    ],
    "skeleton": "mpi_inf_3dhp_28",
    "joints": [
        "thor",
        "spi4",
        "spi2",
        "spin",
        "pelv",
        "neck",
        "head",
        "htop",
        "lcla",
        "lsho",
        "lelb",
        "lwri",
        "lhan",
        "rcla",
        "rsho",
        "relb",
        "rwri",
        "rhan",
        "lhip",
        "lkne",
        "lank",
        "lfoo",
        "ltoe",
        "rhip",
        "rkne",
        "rank",
        "rfoo",
        "rtoe"
    ],
    "pose3d": [
        [
            "thor",
            -1.0739511251449585,
            3375.643310546875,
            407.22894287109375
        ],
        [
            "spi4",
            -1.3241482973098755,
            3367.97021484375,
            514.6680908203125
        ],
        [
            "spi2",
            -0.2889603078365326,
            3380.13427734375,
            330.0254211425781
        ],
        [
            "spin",
            -0.2604757845401764,
            3380.52490234375,
            329.05615234375
        ],
        [
            "pelv",
            -0.19633884727954865,
            3357.206298828125,
            108.0455093383789
        ],
        [
            "neck",
            0.214092418551445,
            3403.61767578125,
            574.7154541015625
        ],
        [
            "head",
            0.5308741927146912,
            3424.34228515625,
            659.15576171875
        ],
        [
            "htop",
            -0.788478434085846,
            3423.88671875,
            831.3397216796875
        ],
        [
            "lcla",
            -41.97113037109375,
            3415.68505859375,
            537.90380859375
        ],
        [
            "lsho",
            -141.36953735351562,
            3408.124267578125,
            527.6453247070312
        ],
        [
            "lelb",
            -365.18280029296875,
            3472.07373046875,
            303.9627380371094
        ],
        [
            "lwri",
            -464.00811767578125,
            3632.31005859375,
            160.82583618164062
        ],
        [
            "lhan",
            -492.3960876464844,
            3694.41064453125,
            114.18058776855469
        ],
        [
            "rcla",
            43.361473083496094,
            3412.56591796875,
            537.9827880859375
        ],
        [
            "rsho",
            141.48587036132812,
            3398.28271484375,
            527.4736938476562
        ],
        [
            "relb",
            371.0751953125,
            3441.06787109375,
            305.9271240234375
        ],
        [
            "rwri",
            489.60772705078125,
            3586.635986328125,
            160.20071411132812
        ],
        [
            "rhan",
            527.7885131835938,
            3644.186767578125,
            110.42097473144531
        ],
        [
            "lhip",
            -120.63343811035156,
            3359.70263671875,
            111.6297378540039
        ],
        [
            "lkne",
            -144.39749145507812,
            3288.80322265625,
            -390.8852233886719
        ],
        [
            "lank",
            -174.66262817382812,
            3198.682373046875,
            -769.6707763671875
        ],
        [
            "lfoo",
            -182.67343139648438,
            3314.327392578125,
            -812.8834228515625
        ],
        [
            "ltoe",
            -180.6898956298828,
            3345.56494140625,
            -820.5169677734375
        ],
        [
            "rhip",
            119.42634582519531,
            3353.319091796875,
            113.7522964477539
        ],
        [
            "rkne",
            150.18463134765625,
            3298.852783203125,
            -395.06005859375
        ],
        [
            "rank",
            175.80905151367188,
            3223.44384765625,
            -780.6358642578125
        ],
        [
            "rfoo",
            195.24493408203125,
            3343.707763671875,
            -813.889892578125
        ],
        [
            "rtoe",
            196.2812957763672,
            3376.52978515625,
            -817.8543701171875
        ]
    ],
    "pose3d1": [],
    "pose3d2": []
}