{
    "boxes": [
        [
            439.72564697265625,
            39.10710144042969
        ]
    ],
    "skeleton": "mpi_inf_3dhp_28",
    "joints": [
        "thor",
        "spi4",
        "spi2",
        "spin",
        "pelv",
        "neck",
        "head",
        "htop",
        "lcla",
        "lsho",
        "lelb",
        "lwri",
        "lhan",
        "rcla",
        "rsho",
        "relb",
        "rwri",
        "rhan",
        "lhip",
        "lkne",
        "lank",
        "lfoo",
        "ltoe",
        "rhip",
        "rkne",
        "rank",
        "rfoo",
        "rtoe"
    ],
    "pose3d": [
        [
            "thor",
            -4.952360153198242,
            3469.395263671875,
            427.21197509765625
        ],
        [
            "spi4",
            -16.654766082763672,
            3470.05859375,
            533.4039306640625
        ],
        [
            "spi2",
            4.60159969329834,
            3466.72509765625,
            348.6846618652344
        ],
        [
            "spin",
            4.650624752044678,
            3466.964111328125,
            347.90557861328125
        ],
        [
            "pelv",
            17.59177017211914,
            3453.59814453125,
            115.80106353759766
        ],
        [
            "neck",
            24.50236701965332,
            3487.36474609375,
            593.2838134765625
        ],
        [
            "head",
            41.693931579589844,
            3496.969482421875,
            677.0524291992188
        ],
        [
            "htop",
            33.853580474853516,
            3497.783203125,
            852.3160400390625
        ],
        [
            "lcla",
            20.83173179626465,
            3531.24462890625,
            556.97802734375
        ],
        [
            "lsho",
            -39.30946731567383,
            3612.549560546875,
            552.34326171875
        ],
        [
            "lelb",
            -99.9782485961914,
            3775.76513671875,
            274.7197570800781
        ],
        [
            "lwri",
            45.92395782470703,
            3847.13037109375,
            96.74413299560547
        ],
        [
            "lhan",
            85.5846939086914,
            3891.73974609375,
            49.96067428588867
        ],
        [
            "rcla",
            56.12331008911133,
            3451.984375,
            557.6488037109375
        ],
        [
            "rsho",
            75.0619888305664,
            3353.57568359375,
            552.900146484375
        ],
        [
            "relb",
            214.47372436523438,
            3186.78564453125,
            313.04400634765625
        ],
        [
            "rwri",
            403.52569580078125,
            3149.12548828125,
            164.29541015625
        ],
        [
            "rhan",
            468.849853515625,
            3134.35400390625,
            107.17317199707031
        ],
        [
            "lhip",
            -40.21696090698242,
            3563.216064453125,
            115.60438537597656
        ],
        [
            "lkne",
            -27.7142391204834,
            3549.483154296875,
            -419.92041015625
        ],
        [
            "lank",
            -71.5150146484375,
            3533.78955078125,
            -823.6712036132812
        ],
        [
            "lfoo",
            27.0660343170166,
            3615.37841796875,
            -859.064453125
        ],
        [
            "ltoe",
            58.256126403808594,
            3631.862548828125,
            -864.5546875
        ],
        [
            "rhip",
            70.95101928710938,
            3344.4609375,
            124.14520263671875
        ],
        [
            "rkne",
            109.6427993774414,
            3304.18896484375,
            -409.36248779296875
        ],
        [
            "rank",
            79.995849609375,
            3237.50390625,
            -832.8623046875
        ],
        [
            "rfoo",
            189.25296020507812,
            3270.044677734375,
            -866.1721801757812
        ],
        [
            "rtoe",
            220.1654510498047,
            3283.21484375,
            -870.4873046875
        ]
    ],
    "pose3d1": [],
    "pose3d2": []
}