{
    "boxes": [
        [
            315.6368103027344,
            37.421688079833984
        ]
    ],
    "skeleton": "mpi_inf_3dhp_28",
    "joints": [
        "thor",
        "spi4",
        "spi2",
        "spin",
        "pelv",
        "neck",
        "head",
        "htop",
        "lcla",
        "lsho",
        "lelb",
        "lwri",
        "lhan",
        "rcla",
        "rsho",
        "relb",
        "rwri",
        "rhan",
        "lhip",
        "lkne",
        "lank",
        "lfoo",
        "ltoe",
        "rhip",
        "rkne",
        "rank",
        "rfoo",
        "rtoe"
    ],
    "pose3d": [
        [
            "thor",
            2.9911859035491943,
            3411.83984375,
            409.8458557128906
        ],
        [
            "spi4",
            6.63720178604126,
            3407.151611328125,
            518.1368408203125
        ],
        [
            "spi2",
            -3.165797472000122,
            3413.84619140625,
            333.297607421875
        ],
        [
            "spin",
            -2.892446517944336,
            3414.015625,
            332.35540771484375
        ],
        [
            "pelv",
            -8.853574752807617,
            3392.714111328125,
            110.76908111572266
        ],
        [
            "neck",
            -17.818050384521484,
            3439.85986328125,
            578.8629150390625
        ],
        [
            "head",
            -25.675304412841797,
            3459.65478515625,
            665.071044921875
        ],
        [
            "htop",
            -22.46439552307129,
            3461.044921875,
            838.61376953125
        ],
        [
            "lcla",
            -61.42515182495117,
            3429.593017578125,
            542.9486083984375
        ],
        [
            "lsho",
            -137.16368103027344,
            3369.721923828125,
            533.6055908203125
        ],
        [
            "lelb",
            -367.4093322753906,
            3328.958984375,
            303.7037048339844
        ],
        [
            "lwri",
            -538.6585083007812,
            3435.21875,
            158.49871826171875
        ],
        [
            "lhan",
            -595.538330078125,
            3469.10546875,
            103.51017761230469
        ],
        [
            "rcla",
            15.556924819946289,
            3468.3125,
            542.0184326171875
        ],
        [
            "rsho",
            115.85514831542969,
            3503.88427734375,
            529.4930419921875
        ],
        [
            "relb",
            304.6600036621094,
            3638.64208984375,
            302.8646545410156
        ],
        [
            "rwri",
            327.2345275878906,
            3825.317138671875,
            168.83432006835938
        ],
        [
            "rhan",
            336.136474609375,
            3907.43310546875,
            128.6128692626953
        ],
        [
            "lhip",
            -118.53129577636719,
            3337.675048828125,
            118.11119079589844
        ],
        [
            "lkne",
            -157.6095428466797,
            3283.92822265625,
            -396.6977844238281
        ],
        [
            "lank",
            -161.19961547851562,
            3187.185302734375,
            -791.4127197265625
        ],
        [
            "lfoo",
            -224.5406951904297,
            3289.63818359375,
            -827.5188598632812
        ],
        [
            "ltoe",
            -239.55758666992188,
            3319.40380859375,
            -833.0816650390625
        ],
        [
            "rhip",
            99.27398681640625,
            3447.54541015625,
            109.0326156616211
        ],
        [
            "rkne",
            113.17803955078125,
            3408.285888671875,
            -403.33746337890625
        ],
        [
            "rank",
            156.04830932617188,
            3349.34521484375,
            -794.1942138671875
        ],
        [
            "rfoo",
            110.07670593261719,
            3464.38623046875,
            -830.3387451171875
        ],
        [
            "rtoe",
            92.57905578613281,
            3492.515625,
            -835.7958984375
        ]
    ],
    "pose3d1": [],
    "pose3d2": []
}