{
    "boxes": [
        [
            322.2370300292969,
            35.923057556152344
        ]
    ],
    "skeleton": "mpi_inf_3dhp_28",
    "joints": [
        "thor",
        "spi4",
        "spi2",
        "spin",
        "pelv",
        "neck",
        "head",
        "htop",
        "lcla",
        "lsho",
        "lelb",
        "lwri",
        "lhan",
        "rcla",
        "rsho",
        "relb",
        "rwri",
        "rhan",
        "lhip",
        "lkne",
        "lank",
        "lfoo",
        "ltoe",
        "rhip",
        "rkne",
        "rank",
        "rfoo",
        "rtoe"
    ],
    "pose3d": [
        [
            "thor",
            -1.4876251220703125,
            3314.77880859375,
            389.6620178222656
        ],
        [
            "spi4",
            -1.8767664432525635,
            3331.166015625,
            495.7691955566406
        ],
        [
            "spi2",
            -1.1036795377731323,
            3299.49853515625,
            312.0532531738281
        ],
        [
            "spin",
            -1.114206075668335,
            3299.322265625,
            310.9256286621094
        ],
        [
            "pelv",
            -1.9509761333465576,
            3277.03759765625,
            86.40202331542969
        ],
        [
            "neck",
            -2.4060606956481934,
            3282.36767578125,
            561.7062377929688
        ],
        [
            "head",
            -2.0868618488311768,
            3256.20068359375,
            643.5466918945312
        ],
        [
            "htop",
            -1.5331857204437256,
            3263.44677734375,
            814.9596557617188
        ],
        [
            "lcla",
            40.755226135253906,
            3262.85009765625,
            525.0010986328125
        ],
        [
            "lsho",
            141.2594757080078,
            3284.85595703125,
            512.166748046875
        ],
        [
            "lelb",
            356.73211669921875,
            3241.09423828125,
            291.55352783203125
        ],
        [
            "lwri",
            452.40594482421875,
            3065.024169921875,
            156.7888946533203
        ],
        [
            "lhan",
            490.4071350097656,
            3009.52587890625,
            106.16093444824219
        ],
        [
            "rcla",
            -45.64087677001953,
            3262.509765625,
            525.3947143554688
        ],
        [
            "rsho",
            -143.61460876464844,
            3283.609375,
            513.3538818359375
        ],
        [
            "relb",
            -360.5985412597656,
            3239.703857421875,
            291.9020690917969
        ],
        [
            "rwri",
            -451.9527893066406,
            3056.396484375,
            160.100830078125
        ],
        [
            "rhan",
            -487.4727478027344,
            2999.03466796875,
            110.28779602050781
        ],
        [
            "lhip",
            123.0826416015625,
            3278.62109375,
            88.34623718261719
        ],
        [
            "lkne",
            145.35081481933594,
            3234.61572265625,
            -393.8581848144531
        ],
        [
            "lank",
            177.08816528320312,
            3288.85546875,
            -796.6502685546875
        ],
        [
            "lfoo",
            188.7246551513672,
            3174.306396484375,
            -840.0361328125
        ],
        [
            "ltoe",
            186.91262817382812,
            3140.4091796875,
            -847.7697143554688
        ],
        [
            "rhip",
            -126.15936279296875,
            3274.57421875,
            88.7196273803711
        ],
        [
            "rkne",
            -145.10791015625,
            3188.96044921875,
            -382.9277648925781
        ],
        [
            "rank",
            -180.3190155029297,
            3234.366943359375,
            -787.245361328125
        ],
        [
            "rfoo",
            -197.55499267578125,
            3123.5859375,
            -831.1893310546875
        ],
        [
            "rtoe",
            -197.24363708496094,
            3089.576904296875,
            -839.01123046875
        ]
    ],
    "pose3d1": [],
    "pose3d2": []
}