{
    "boxes": [
        [
            350.6114501953125,
            42.78902053833008
        ]
    ],
    "skeleton": "mpi_inf_3dhp_28",
    "joints": [
        "thor",
        "spi4",
        "spi2",
        "spin",
        "pelv",
        "neck",
        "head",
        "htop",
        "lcla",
        "lsho",
        "lelb",
        "lwri",
        "lhan",
        "rcla",
        "rsho",
        "relb",
        "rwri",
        "rhan",
        "lhip",
        "lkne",
        "lank",
        "lfoo",
        "ltoe",
        "rhip",
        "rkne",
        "rank",
        "rfoo",
        "rtoe"
    ],
    "pose3d": [
        [
            "thor",
            3.9024550914764404,
            3544.7890625,
            430.87042236328125
        ],
        [
            "spi4",
            16.292152404785156,
            3543.02685546875,
            540.9207763671875
        ],
        [
            "spi2",
            -7.136163234710693,
            3542.98681640625,
            351.25115966796875
        ],
        [
            "spin",
            -6.87441873550415,
            3542.92041015625,
            350.60345458984375
        ],
        [
            "pelv",
            -28.287267684936523,
            3544.06298828125,
            115.50830078125
        ],
        [
            "neck",
            -30.573749542236328,
            3549.903076171875,
            601.9551391601562
        ],
        [
            "head",
            -50.26318359375,
            3551.5390625,
            689.9711303710938
        ],
        [
            "htop",
            -44.53217315673828,
            3542.339111328125,
            862.42529296875
        ],
        [
            "lcla",
            -53.91496658325195,
            3508.510498046875,
            564.5609741210938
        ],
        [
            "lsho",
            -48.637115478515625,
            3402.671142578125,
            558.9766845703125
        ],
        [
            "lelb",
            -140.21493530273438,
            3192.56396484375,
            316.7805480957031
        ],
        [
            "lwri",
            -315.8863220214844,
            3094.728515625,
            172.65553283691406
        ],
        [
            "lhan",
            -379.13348388671875,
            3056.612060546875,
            114.35736083984375
        ],
        [
            "rcla",
            -36.7908935546875,
            3595.74853515625,
            566.3675537109375
        ],
        [
            "rsho",
            1.2250429391860962,
            3689.653076171875,
            566.3731689453125
        ],
        [
            "relb",
            -0.21370217204093933,
            3891.34326171875,
            306.09991455078125
        ],
        [
            "rwri",
            -120.8501968383789,
            4012.946044921875,
            151.73062133789062
        ],
        [
            "rhan",
            -164.48170471191406,
            4075.65625,
            110.6925048828125
        ],
        [
            "lhip",
            -55.832305908203125,
            3421.455810546875,
            120.01460266113281
        ],
        [
            "lkne",
            -86.5207748413086,
            3396.22119140625,
            -426.45391845703125
        ],
        [
            "lank",
            -45.849403381347656,
            3346.5625,
            -855.9859619140625
        ],
        [
            "lfoo",
            -165.1728057861328,
            3351.949951171875,
            -890.1187744140625
        ],
        [
            "ltoe",
            -197.96798706054688,
            3357.826904296875,
            -893.54296875
        ],
        [
            "rhip",
            -1.0058008432388306,
            3663.499267578125,
            118.33872985839844
        ],
        [
            "rkne",
            -8.445941925048828,
            3664.78271484375,
            -428.35784912109375
        ],
        [
            "rank",
            26.313220977783203,
            3672.41796875,
            -848.3206176757812
        ],
        [
            "rfoo",
            -85.22309875488281,
            3732.73095703125,
            -880.91748046875
        ],
        [
            "rtoe",
            -117.587890625,
            3742.24462890625,
            -884.1566162109375
        ]
    ],
    "pose3d1": [],
    "pose3d2": []
}