{
    "boxes": [
        [
            347.55120849609375,
            41.31605911254883
        ]
    ],
    "skeleton": "mpi_inf_3dhp_28",
    "joints": [
        "thor",
        "spi4",
        "spi2",
        "spin",
        "pelv",
        "neck",
        "head",
        "htop",
        "lcla",
        "lsho",
        "lelb",
        "lwri",
        "lhan",
        "rcla",
        "rsho",
        "relb",
        "rwri",
        "rhan",
        "lhip",
        "lkne",
        "lank",
        "lfoo",
        "ltoe",
        "rhip",
        "rkne",
        "rank",
        "rfoo",
        "rtoe"
    ],
    "pose3d": [
        [
            "thor",
            -2.09159517288208,
            3368.350830078125,
            404.178955078125
        ],
        [
            "spi4",
            15.308120727539062,
            3376.512939453125,
            508.206298828125
        ],
        [
            "spi2",
            -12.562326431274414,
            3357.78173828125,
            327.4807434082031
        ],
        [
            "spin",
            -12.713102340698242,
            3357.789794921875,
            326.333984375
        ],
        [
            "pelv",
            -27.37436866760254,
            3343.34912109375,
            102.84111022949219
        ],
        [
            "neck",
            -24.909738540649414,
            3357.946533203125,
            575.1301879882812
        ],
        [
            "head",
            -39.804649353027344,
            3347.061279296875,
            659.069580078125
        ],
        [
            "htop",
            -28.107879638671875,
            3351.005859375,
            830.4322509765625
        ],
        [
            "lcla",
            -22.762052536010742,
            3311.52880859375,
            540.8309326171875
        ],
        [
            "lsho",
            41.891448974609375,
            3231.509033203125,
            532.7613525390625
        ],
        [
            "lelb",
            124.28627014160156,
            3041.406005859375,
            317.14239501953125
        ],
        [
            "lwri",
            45.928428649902344,
            2866.78564453125,
            171.25006103515625
        ],
        [
            "lhan",
            19.11130714416504,
            2798.893798828125,
            128.11697387695312
        ],
        [
            "rcla",
            -62.15290451049805,
            3384.662841796875,
            541.7257690429688
        ],
        [
            "rsho",
            -89.591064453125,
            3476.57568359375,
            531.9268798828125
        ],
        [
            "relb",
            -235.76016235351562,
            3629.328857421875,
            298.34295654296875
        ],
        [
            "rwri",
            -410.4393615722656,
            3696.07470703125,
            157.83441162109375
        ],
        [
            "rhan",
            -477.6715393066406,
            3725.87158203125,
            113.48565673828125
        ],
        [
            "lhip",
            32.79670715332031,
            3237.85400390625,
            110.45390319824219
        ],
        [
            "lkne",
            28.625890731811523,
            3204.099853515625,
            -407.7523498535156
        ],
        [
            "lank",
            79.44737243652344,
            3186.391845703125,
            -814.29736328125
        ],
        [
            "lfoo",
            -20.978796005249023,
            3134.75,
            -848.7330322265625
        ],
        [
            "ltoe",
            -51.90497970581055,
            3124.377685546875,
            -855.4412231445312
        ],
        [
            "rhip",
            -92.00088500976562,
            3449.322998046875,
            101.25701141357422
        ],
        [
            "rkne",
            -127.55159759521484,
            3435.49267578125,
            -402.6551208496094
        ],
        [
            "rank",
            -102.58689880371094,
            3454.11572265625,
            -799.4420776367188
        ],
        [
            "rfoo",
            -202.71543884277344,
            3433.51025390625,
            -838.2941284179688
        ],
        [
            "rtoe",
            -229.93203735351562,
            3422.29296875,
            -845.03271484375
        ]
    ],
    "pose3d1": [],
    "pose3d2": []
}