{
    "boxes": [
        [
            429.7854309082031,
            38.22273635864258
        ]
    ],
    "skeleton": "mpi_inf_3dhp_28",
    "joints": [
        "thor",
        "spi4",
        "spi2",
        "spin",
        "pelv",
        "neck",
        "head",
        "htop",
        "lcla",
        "lsho",
        "lelb",
        "lwri",
        "lhan",
        "rcla",
        "rsho",
        "relb",
        "rwri",
        "rhan",
        "lhip",
        "lkne",
        "lank",
        "lfoo",
        "ltoe",
        "rhip",
        "rkne",
        "rank",
        "rfoo",
        "rtoe"
    ],
    "pose3d": [
        [
            "thor",
            -6.006840229034424,
            3418.93408203125,
            414.9781188964844
        ],
        [
            "spi4",
            -15.149523735046387,
            3419.61669921875,
            521.3267822265625
        ],
        [
            "spi2",
            2.4932758808135986,
            3416.44482421875,
            338.98272705078125
        ],
        [
            "spin",
            2.5395758152008057,
            3416.589111328125,
            338.22796630859375
        ],
        [
            "pelv",
            13.498212814331055,
            3397.345703125,
            112.4352035522461
        ],
        [
            "neck",
            22.980419158935547,
            3441.97900390625,
            583.582763671875
        ],
        [
            "head",
            37.34927749633789,
            3456.268798828125,
            667.1331787109375
        ],
        [
            "htop",
            28.521774291992188,
            3464.841796875,
            841.1578979492188
        ],
        [
            "lcla",
            12.382037162780762,
            3483.40087890625,
            546.9048461914062
        ],
        [
            "lsho",
            -58.70589065551758,
            3556.264892578125,
            538.7267456054688
        ],
        [
            "lelb",
            -163.68798828125,
            3704.016357421875,
            279.2776184082031
        ],
        [
            "lwri",
            -53.302940368652344,
            3819.58056640625,
            109.54671478271484
        ],
        [
            "lhan",
            -19.90050506591797,
            3872.718017578125,
            63.935211181640625
        ],
        [
            "rcla",
            58.732643127441406,
            3411.48486328125,
            548.1478881835938
        ],
        [
            "rsho",
            94.82991790771484,
            3319.560546875,
            541.1314086914062
        ],
        [
            "relb",
            262.71905517578125,
            3179.067626953125,
            309.6198425292969
        ],
        [
            "rwri",
            453.53924560546875,
            3165.2861328125,
            159.8195343017578
        ],
        [
            "rhan",
            520.4707641601562,
            3158.82470703125,
            103.29141998291016
        ],
        [
            "lhip",
            -59.7337760925293,
            3495.890625,
            110.51922607421875
        ],
        [
            "lkne",
            -53.45762252807617,
            3473.80419921875,
            -412.27044677734375
        ],
        [
            "lank",
            -100.03964233398438,
            3441.76025390625,
            -803.2377319335938
        ],
        [
            "lfoo",
            -5.992364406585693,
            3533.37890625,
            -839.1262817382812
        ],
        [
            "ltoe",
            24.524192810058594,
            3553.371826171875,
            -845.2120971679688
        ],
        [
            "rhip",
            83.31642150878906,
            3297.71875,
            121.98588562011719
        ],
        [
            "rkne",
            123.4974136352539,
            3250.5888671875,
            -400.490234375
        ],
        [
            "rank",
            101.73262786865234,
            3170.648681640625,
            -811.6256713867188
        ],
        [
            "rfoo",
            202.80499267578125,
            3221.8125,
            -845.6978759765625
        ],
        [
            "rtoe",
            231.322021484375,
            3239.45263671875,
            -850.6124267578125
        ]
    ],
    "pose3d1": [],
    "pose3d2": []
}