{
    "boxes": [
        [
            323.86376953125,
            35.447139739990234
        ]
    ],
    "skeleton": "mpi_inf_3dhp_28",
    "joints": [
        "thor",
        "spi4",
        "spi2",
        "spin",
        "pelv",
        "neck",
        "head",
        "htop",
        "lcla",
        "lsho",
        "lelb",
        "lwri",
        "lhan",
        "rcla",
        "rsho",
        "relb",
        "rwri",
        "rhan",
        "lhip",
        "lkne",
        "lank",
        "lfoo",
        "ltoe",
        "rhip",
        "rkne",
        "rank",
        "rfoo",
        "rtoe"
    ],
    "pose3d": [
        [
            "thor",
            2.3964688777923584,
            3414.58056640625,
            411.04669189453125
        ],
        [
            "spi4",
            4.622786045074463,
            3407.26953125,
            518.86083984375
        ],
        [
            "spi2",
            -1.8486177921295166,
            3418.17578125,
            334.17572021484375
        ],
        [
            "spin",
            -1.6273094415664673,
            3418.352294921875,
            333.2540588378906
        ],
        [
            "pelv",
            -5.832785129547119,
            3397.060546875,
            112.0260238647461
        ],
        [
            "neck",
            -11.802972793579102,
            3440.490966796875,
            579.85009765625
        ],
        [
            "head",
            -16.623411178588867,
            3460.092529296875,
            665.40234375
        ],
        [
            "htop",
            -13.734707832336426,
            3457.7734375,
            838.703125
        ],
        [
            "lcla",
            -56.419097900390625,
            3438.169189453125,
            543.4066162109375
        ],
        [
            "lsho",
            -143.73956298828125,
            3395.358154296875,
            533.0447998046875
        ],
        [
            "lelb",
            -379.19903564453125,
            3393.3828125,
            305.14959716796875
        ],
        [
            "lwri",
            -530.1679077148438,
            3523.693359375,
            159.63905334472656
        ],
        [
            "lhan",
            -580.160888671875,
            3567.966064453125,
            105.9480972290039
        ],
        [
            "rcla",
            26.042449951171875,
            3463.49658203125,
            543.0008544921875
        ],
        [
            "rsho",
            128.97616577148438,
            3483.349609375,
            531.0733032226562
        ],
        [
            "relb",
            339.5188293457031,
            3592.989013671875,
            306.32415771484375
        ],
        [
            "rwri",
            394.3074035644531,
            3768.83740234375,
            168.3101348876953
        ],
        [
            "rhan",
            414.78985595703125,
            3844.95654296875,
            126.59434509277344
        ],
        [
            "lhip",
            -122.31364440917969,
            3359.714111328125,
            118.9538345336914
        ],
        [
            "lkne",
            -158.29103088378906,
            3297.67333984375,
            -395.9246520996094
        ],
        [
            "lank",
            -172.14305114746094,
            3203.52392578125,
            -787.9638671875
        ],
        [
            "lfoo",
            -223.1746368408203,
            3315.77392578125,
            -825.3658447265625
        ],
        [
            "ltoe",
            -233.34848022460938,
            3348.11083984375,
            -830.2083129882812
        ],
        [
            "rhip",
            109.4722900390625,
            3432.295654296875,
            112.13873291015625
        ],
        [
            "rkne",
            129.83682250976562,
            3385.080810546875,
            -401.57818603515625
        ],
        [
            "rank",
            170.62747192382812,
            3321.0546875,
            -794.7278442382812
        ],
        [
            "rfoo",
            138.20582580566406,
            3440.264892578125,
            -828.4991455078125
        ],
        [
            "rtoe",
            124.97724914550781,
            3470.98193359375,
            -833.1398315429688
        ]
    ],
    "pose3d1": [],
    "pose3d2": []
}