{
    "boxes": [
        [
            331.77978515625,
            40.80396270751953
        ]
    ],
    "skeleton": "mpi_inf_3dhp_28",
    "joints": [
        "thor",
        "spi4",
        "spi2",
        "spin",
        "pelv",
        "neck",
        "head",
        "htop",
        "lcla",
        "lsho",
        "lelb",
        "lwri",
        "lhan",
        "rcla",
        "rsho",
        "relb",
        "rwri",
        "rhan",
        "lhip",
        "lkne",
        "lank",
        "lfoo",
        "ltoe",
        "rhip",
        "rkne",
        "rank",
        "rfoo",
        "rtoe"
    ],
    "pose3d": [
        [
            "thor",
            1.1475999355316162,
            3342.227783203125,
            394.0466003417969
        ],
        [
            "spi4",
            15.4473295211792,
            3352.19580078125,
            498.94189453125
        ],
        [
            "spi2",
            -7.323127746582031,
            3331.11572265625,
            317.75604248046875
        ],
        [
            "spin",
            -7.301422119140625,
            3330.77294921875,
            316.75439453125
        ],
        [
            "pelv",
            -20.240955352783203,
            3316.888671875,
            93.73136901855469
        ],
        [
            "neck",
            -21.43743324279785,
            3325.06396484375,
            566.8177490234375
        ],
        [
            "head",
            -35.40428924560547,
            3308.65673828125,
            650.0648193359375
        ],
        [
            "htop",
            -24.048959732055664,
            3316.544921875,
            822.2620239257812
        ],
        [
            "lcla",
            -9.873918533325195,
            3280.224609375,
            531.854736328125
        ],
        [
            "lsho",
            66.95660400390625,
            3213.85009765625,
            523.410400390625
        ],
        [
            "lelb",
            180.1343994140625,
            3034.156982421875,
            312.13934326171875
        ],
        [
            "lwri",
            137.37730407714844,
            2855.100341796875,
            173.90203857421875
        ],
        [
            "lhan",
            121.05155181884766,
            2788.20703125,
            123.82487487792969
        ],
        [
            "rcla",
            -64.21932983398438,
            3344.021484375,
            532.2918701171875
        ],
        [
            "rsho",
            -110.82147216796875,
            3429.348388671875,
            521.1949462890625
        ],
        [
            "relb",
            -282.8309631347656,
            3562.4296875,
            293.42645263671875
        ],
        [
            "rwri",
            -464.06439208984375,
            3599.010986328125,
            154.46145629882812
        ],
        [
            "rhan",
            -527.6746826171875,
            3616.009033203125,
            108.91695404052734
        ],
        [
            "lhip",
            61.54347610473633,
            3225.20361328125,
            98.41203308105469
        ],
        [
            "lkne",
            55.47356414794922,
            3196.75732421875,
            -410.04296875
        ],
        [
            "lank",
            108.554443359375,
            3185.21923828125,
            -808.6708374023438
        ],
        [
            "lfoo",
            22.4007625579834,
            3114.612548828125,
            -845.4549560546875
        ],
        [
            "ltoe",
            -7.37256383895874,
            3098.18212890625,
            -853.0361328125
        ],
        [
            "rhip",
            -108.5562973022461,
            3407.384765625,
            93.2214584350586
        ],
        [
            "rkne",
            -141.53305053710938,
            3401.46826171875,
            -407.17327880859375
        ],
        [
            "rank",
            -126.8006362915039,
            3437.651123046875,
            -795.5235595703125
        ],
        [
            "rfoo",
            -218.95437622070312,
            3391.789794921875,
            -833.2962646484375
        ],
        [
            "rtoe",
            -241.3668975830078,
            3373.95166015625,
            -839.3397216796875
        ]
    ],
    "pose3d1": [],
    "pose3d2": []
}