{
    "boxes": [
        [
            369.74658203125,
            38.836299896240234
        ]
    ],
    "skeleton": "mpi_inf_3dhp_28",
    "joints": [
        "thor",
        "spi4",
        "spi2",
        "spin",
        "pelv",
        "neck",
        "head",
        "htop",
        "lcla",
        "lsho",
        "lelb",
        "lwri",
        "lhan",
        "rcla",
        "rsho",
        "relb",
        "rwri",
        "rhan",
        "lhip",
        "lkne",
        "lank",
        "lfoo",
        "ltoe",
        "rhip",
        "rkne",
        "rank",
        "rfoo",
        "rtoe"
    ],
    "pose3d": [
        [
            "thor",
            4.524755954742432,
            3501.885986328125,
            430.19140625
        ],
        [
            "spi4",
            17.792713165283203,
            3501.35302734375,
            537.8726806640625
        ],
        [
            "spi2",
            -6.774930000305176,
            3498.67236328125,
            352.4677734375
        ],
        [
            "spin",
            -6.390787601470947,
            3498.393798828125,
            351.75408935546875
        ],
        [
            "pelv",
            -28.690277099609375,
            3501.06005859375,
            115.00602722167969
        ],
        [
            "neck",
            -27.921524047851562,
            3503.6640625,
            600.3380126953125
        ],
        [
            "head",
            -47.789974212646484,
            3502.881591796875,
            686.6732177734375
        ],
        [
            "htop",
            -42.290321350097656,
            3498.0078125,
            854.4560546875
        ],
        [
            "lcla",
            -43.750221252441406,
            3460.751953125,
            563.82373046875
        ],
        [
            "lsho",
            -26.0372314453125,
            3358.10205078125,
            558.9453735351562
        ],
        [
            "lelb",
            -67.54869842529297,
            3141.102294921875,
            320.0955505371094
        ],
        [
            "lwri",
            -229.7401580810547,
            3021.23974609375,
            173.4920196533203
        ],
        [
            "lhan",
            -291.1498107910156,
            2973.886474609375,
            120.87227630615234
        ],
        [
            "rcla",
            -40.89966583251953,
            3544.82470703125,
            566.8604736328125
        ],
        [
            "rsho",
            -17.400959014892578,
            3635.567138671875,
            568.8788452148438
        ],
        [
            "relb",
            -37.589019775390625,
            3830.16650390625,
            319.36773681640625
        ],
        [
            "rwri",
            -180.46707153320312,
            3902.168701171875,
            168.96360778808594
        ],
        [
            "rhan",
            -237.12466430664062,
            3936.641845703125,
            120.04573059082031
        ],
        [
            "lhip",
            -33.01600646972656,
            3377.47607421875,
            116.50245666503906
        ],
        [
            "lkne",
            -52.15917205810547,
            3380.17822265625,
            -420.5152893066406
        ],
        [
            "lank",
            -10.577592849731445,
            3358.77734375,
            -850.4471435546875
        ],
        [
            "lfoo",
            -123.72379302978516,
            3341.053955078125,
            -888.5031127929688
        ],
        [
            "ltoe",
            -157.2081298828125,
            3340.87646484375,
            -896.4913330078125
        ],
        [
            "rhip",
            -25.522579193115234,
            3622.427001953125,
            118.34991455078125
        ],
        [
            "rkne",
            -58.317100524902344,
            3630.05224609375,
            -414.74114990234375
        ],
        [
            "rank",
            -13.760538101196289,
            3626.423828125,
            -834.7693481445312
        ],
        [
            "rfoo",
            -122.5692138671875,
            3663.70751953125,
            -875.0986328125
        ],
        [
            "rtoe",
            -155.6111602783203,
            3667.2109375,
            -882.0494995117188
        ]
    ],
    "pose3d1": [],
    "pose3d2": []
}