{
    "boxes": [
        [
            361.0965881347656,
            39.6796760559082
        ]
    ],
    "skeleton": "mpi_inf_3dhp_28",
    "joints": [
        "thor",
        "spi4",
        "spi2",
        "spin",
        "pelv",
        "neck",
        "head",
        "htop",
        "lcla",
        "lsho",
        "lelb",
        "lwri",
        "lhan",
        "rcla",
        "rsho",
        "relb",
        "rwri",
        "rhan",
        "lhip",
        "lkne",
        "lank",
        "lfoo",
        "ltoe",
        "rhip",
        "rkne",
        "rank",
        "rfoo",
        "rtoe"
    ],
    "pose3d": [
        [
            "thor",
            -4.896383285522461,
            3366.666748046875,
            409.4962158203125
        ],
        [
            "spi4",
            12.882939338684082,
            3374.14794921875,
            513.8587646484375
        ],
        [
            "spi2",
            -16.087886810302734,
            3357.08837890625,
            332.4934387207031
        ],
        [
            "spin",
            -16.237567901611328,
            3356.608154296875,
            331.3392639160156
        ],
        [
            "pelv",
            -30.733707427978516,
            3345.666748046875,
            105.8936767578125
        ],
        [
            "neck",
            -29.731393814086914,
            3364.3046875,
            579.1661987304688
        ],
        [
            "head",
            -44.881351470947266,
            3359.098876953125,
            662.9283447265625
        ],
        [
            "htop",
            -31.9476375579834,
            3361.44775390625,
            830.4968872070312
        ],
        [
            "lcla",
            -34.62394714355469,
            3318.423828125,
            545.33740234375
        ],
        [
            "lsho",
            14.0343656539917,
            3229.66748046875,
            541.2581176757812
        ],
        [
            "lelb",
            59.4056396484375,
            3035.336669921875,
            314.5716552734375
        ],
        [
            "lwri",
            -48.276405334472656,
            2873.36181640625,
            169.77915954589844
        ],
        [
            "lhan",
            -86.10960388183594,
            2814.586181640625,
            120.13211822509766
        ],
        [
            "rcla",
            -59.3484001159668,
            3395.53515625,
            545.0916748046875
        ],
        [
            "rsho",
            -67.91824340820312,
            3488.56494140625,
            537.5631103515625
        ],
        [
            "relb",
            -177.3404083251953,
            3640.448486328125,
            300.4830627441406
        ],
        [
            "rwri",
            -344.9129333496094,
            3712.479736328125,
            156.2633056640625
        ],
        [
            "rhan",
            -411.22808837890625,
            3746.960205078125,
            108.9524154663086
        ],
        [
            "lhip",
            10.383279800415039,
            3232.48193359375,
            114.01456451416016
        ],
        [
            "lkne",
            2.1948482990264893,
            3226.68701171875,
            -414.0614318847656
        ],
        [
            "lank",
            48.08963394165039,
            3217.687255859375,
            -819.3851318359375
        ],
        [
            "lfoo",
            -58.347930908203125,
            3183.9384765625,
            -853.7275390625
        ],
        [
            "ltoe",
            -90.09196472167969,
            3177.76611328125,
            -860.6492309570312
        ],
        [
            "rhip",
            -72.02351379394531,
            3459.79150390625,
            106.61385345458984
        ],
        [
            "rkne",
            -108.11126708984375,
            3447.34619140625,
            -403.00006103515625
        ],
        [
            "rank",
            -73.08880615234375,
            3456.778076171875,
            -801.2696533203125
        ],
        [
            "rfoo",
            -177.35621643066406,
            3456.703857421875,
            -840.7142333984375
        ],
        [
            "rtoe",
            -204.7666778564453,
            3450.28759765625,
            -846.9454345703125
        ]
    ],
    "pose3d1": [],
    "pose3d2": []
}