{
    "boxes": [
        [
            400.4056091308594,
            38.54252243041992
        ]
    ],
    "skeleton": "mpi_inf_3dhp_28",
    "joints": [
        "thor",
        "spi4",
        "spi2",
        "spin",
        "pelv",
        "neck",
        "head",
        "htop",
        "lcla",
        "lsho",
        "lelb",
        "lwri",
        "lhan",
        "rcla",
        "rsho",
        "relb",
        "rwri",
        "rhan",
        "lhip",
        "lkne",
        "lank",
        "lfoo",
        "ltoe",
        "rhip",
        "rkne",
        "rank",
        "rfoo",
        "rtoe"
    ],
    "pose3d": [
        [
            "thor",
            -0.8968780636787415,
            3343.93603515625,
            394.74310302734375
        ],
        [
            "spi4",
            -13.780435562133789,
            3357.335205078125,
            500.40399169921875
        ],
        [
            "spi2",
            6.103332042694092,
            3329.80859375,
            317.9745178222656
        ],
        [
            "spin",
            6.047894477844238,
            3329.498046875,
            317.0628662109375
        ],
        [
            "pelv",
            15.292482376098633,
            3305.663330078125,
            93.42962646484375
        ],
        [
            "neck",
            16.33066177368164,
            3324.635986328125,
            568.2153930664062
        ],
        [
            "head",
            27.91158676147461,
            3304.749267578125,
            648.7514038085938
        ],
        [
            "htop",
            23.6297607421875,
            3306.686279296875,
            821.8776245117188
        ],
        [
            "lcla",
            61.59482955932617,
            3337.06787109375,
            532.6432495117188
        ],
        [
            "lsho",
            122.09632873535156,
            3412.217529296875,
            517.4944458007812
        ],
        [
            "lelb",
            311.9375305175781,
            3499.190673828125,
            287.2100830078125
        ],
        [
            "lwri",
            489.0687561035156,
            3488.188232421875,
            149.1006317138672
        ],
        [
            "lhan",
            550.36767578125,
            3488.606201171875,
            102.16142272949219
        ],
        [
            "rcla",
            -2.19260835647583,
            3283.103515625,
            533.96875
        ],
        [
            "rsho",
            -87.73115539550781,
            3232.30126953125,
            524.5182495117188
        ],
        [
            "relb",
            -231.30752563476562,
            3068.50146484375,
            313.59283447265625
        ],
        [
            "rwri",
            -213.97512817382812,
            2887.41259765625,
            172.59146118164062
        ],
        [
            "rhan",
            -205.3326873779297,
            2824.00732421875,
            120.07275390625
        ],
        [
            "lhip",
            115.10914611816406,
            3384.042236328125,
            89.91902923583984
        ],
        [
            "lkne",
            147.40757751464844,
            3365.505126953125,
            -405.0620422363281
        ],
        [
            "lank",
            140.03306579589844,
            3406.43505859375,
            -793.1867065429688
        ],
        [
            "lfoo",
            222.32809448242188,
            3349.619873046875,
            -836.3829956054688
        ],
        [
            "ltoe",
            242.7747802734375,
            3329.28564453125,
            -843.8350830078125
        ],
        [
            "rhip",
            -76.97010040283203,
            3226.81298828125,
            100.55937194824219
        ],
        [
            "rkne",
            -76.32999420166016,
            3172.820068359375,
            -398.0844421386719
        ],
        [
            "rank",
            -131.35787963867188,
            3166.927978515625,
            -798.8424072265625
        ],
        [
            "rfoo",
            -61.0926513671875,
            3090.60888671875,
            -842.2083740234375
        ],
        [
            "rtoe",
            -37.55807113647461,
            3071.2470703125,
            -850.3486328125
        ]
    ],
    "pose3d1": [],
    "pose3d2": []
}