{
    "boxes": [
        [
            312.88299560546875,
            36.45747756958008
        ]
    ],
    "skeleton": "mpi_inf_3dhp_28",
    "joints": [
        "thor",
        "spi4",
        "spi2",
        "spin",
        "pelv",
        "neck",
        "head",
        "htop",
        "lcla",
        "lsho",
        "lelb",
        "lwri",
        "lhan",
        "rcla",
        "rsho",
        "relb",
        "rwri",
        "rhan",
        "lhip",
        "lkne",
        "lank",
        "lfoo",
        "ltoe",
        "rhip",
        "rkne",
        "rank",
        "rfoo",
        "rtoe"
    ],
    "pose3d": [
        [
            "thor",
            3.491142988204956,
            3445.68798828125,
            412.62261962890625
        ],
        [
            "spi4",
            8.860493659973145,
            3440.96142578125,
            520.9926147460938
        ],
        [
            "spi2",
            -3.8929476737976074,
            3447.018310546875,
            336.1251525878906
        ],
        [
            "spin",
            -3.542311906814575,
            3447.104248046875,
            335.1949768066406
        ],
        [
            "pelv",
            -10.880555152893066,
            3429.20849609375,
            111.69471740722656
        ],
        [
            "neck",
            -22.919109344482422,
            3470.17724609375,
            583.1969604492188
        ],
        [
            "head",
            -33.94562530517578,
            3485.957763671875,
            669.7403564453125
        ],
        [
            "htop",
            -28.530202865600586,
            3482.553466796875,
            844.4485473632812
        ],
        [
            "lcla",
            -65.55821228027344,
            3451.78125,
            547.7449340820312
        ],
        [
            "lsho",
            -126.2585220336914,
            3375.10986328125,
            539.1165771484375
        ],
        [
            "lelb",
            -346.6270751953125,
            3294.72021484375,
            307.77508544921875
        ],
        [
            "lwri",
            -531.829833984375,
            3372.442138671875,
            161.4962921142578
        ],
        [
            "lhan",
            -594.6206665039062,
            3394.22412109375,
            104.19090270996094
        ],
        [
            "rcla",
            2.700073719024658,
            3505.69140625,
            546.98779296875
        ],
        [
            "rsho",
            95.84870910644531,
            3558.984375,
            535.575927734375
        ],
        [
            "relb",
            261.74542236328125,
            3718.160888671875,
            305.1098937988281
        ],
        [
            "rwri",
            249.65982055664062,
            3906.99951171875,
            167.94967651367188
        ],
        [
            "rhan",
            244.44638061523438,
            3992.92138671875,
            126.6139144897461
        ],
        [
            "lhip",
            -109.73445129394531,
            3354.710205078125,
            118.47453308105469
        ],
        [
            "lkne",
            -152.42889404296875,
            3308.864501953125,
            -403.33331298828125
        ],
        [
            "lank",
            -147.5952606201172,
            3218.156005859375,
            -808.134765625
        ],
        [
            "lfoo",
            -227.0952606201172,
            3306.25244140625,
            -842.6558837890625
        ],
        [
            "ltoe",
            -247.51278686523438,
            3332.805419921875,
            -847.3853759765625
        ],
        [
            "rhip",
            87.94889831542969,
            3504.576171875,
            109.23114013671875
        ],
        [
            "rkne",
            93.14070129394531,
            3470.692138671875,
            -409.62701416015625
        ],
        [
            "rank",
            139.3327178955078,
            3417.376220703125,
            -807.2677001953125
        ],
        [
            "rfoo",
            73.73931884765625,
            3526.92529296875,
            -842.9244995117188
        ],
        [
            "rtoe",
            50.80242156982422,
            3552.94677734375,
            -848.6082763671875
        ]
    ],
    "pose3d1": [],
    "pose3d2": []
}