{
    "boxes": [
        [
            445.8804016113281,
            26.04944610595703
        ]
    ],
    "skeleton": "mpi_inf_3dhp_28",
    "joints": [
        "thor",
        "spi4",
        "spi2",
        "spin",
        "pelv",
        "neck",
        "head",
        "htop",
        "lcla",
        "lsho",
        "lelb",
        "lwri",
        "lhan",
        "rcla",
        "rsho",
        "relb",
        "rwri",
        "rhan",
        "lhip",
        "lkne",
        "lank",
        "lfoo",
        "ltoe",
        "rhip",
        "rkne",
        "rank",
        "rfoo",
        "rtoe"
    ],
    "pose3d": [
        [
            "thor",
            -6.75301456451416,
            3455.639892578125,
            422.8147888183594
        ],
        [
            "spi4",
            -21.724788665771484,
            3461.009765625,
            526.7174072265625
        ],
        [
            "spi2",
            4.484456539154053,
            3449.546142578125,
            345.76983642578125
        ],
        [
            "spin",
            4.2583394050598145,
            3449.550048828125,
            344.83502197265625
        ],
        [
            "pelv",
            23.040058135986328,
            3441.280517578125,
            111.4220962524414
        ],
        [
            "neck",
            21.476430892944336,
            3465.344482421875,
            589.1773681640625
        ],
        [
            "head",
            40.94776916503906,
            3466.321044921875,
            676.786865234375
        ],
        [
            "htop",
            37.24010467529297,
            3463.939453125,
            848.2781372070312
        ],
        [
            "lcla",
            36.941741943359375,
            3504.98876953125,
            554.4671630859375
        ],
        [
            "lsho",
            13.720560073852539,
            3594.645751953125,
            552.8128662109375
        ],
        [
            "lelb",
            27.49981117248535,
            3780.270751953125,
            299.7345275878906
        ],
        [
            "lwri",
            142.1573028564453,
            3871.72998046875,
            145.82766723632812
        ],
        [
            "lhan",
            194.26919555664062,
            3906.53759765625,
            87.9264907836914
        ],
        [
            "rcla",
            36.7061767578125,
            3419.612548828125,
            553.9977416992188
        ],
        [
            "rsho",
            10.852873802185059,
            3318.16796875,
            553.6187133789062
        ],
        [
            "relb",
            13.651826858520508,
            3099.2099609375,
            324.04766845703125
        ],
        [
            "rwri",
            155.59890747070312,
            2948.124267578125,
            166.49227905273438
        ],
        [
            "rhan",
            214.0864715576172,
            2891.2294921875,
            108.5191879272461
        ],
        [
            "lhip",
            22.259817123413086,
            3562.071044921875,
            110.86888122558594
        ],
        [
            "lkne",
            62.955230712890625,
            3578.061767578125,
            -415.7724609375
        ],
        [
            "lank",
            33.2801513671875,
            3579.033203125,
            -826.08642578125
        ],
        [
            "lfoo",
            141.3030548095703,
            3607.764892578125,
            -864.6790771484375
        ],
        [
            "ltoe",
            173.92410278320312,
            3608.81396484375,
            -870.2222900390625
        ],
        [
            "rhip",
            24.28945541381836,
            3320.599609375,
            118.0758056640625
        ],
        [
            "rkne",
            26.113941192626953,
            3308.83203125,
            -421.90374755859375
        ],
        [
            "rank",
            -16.476348876953125,
            3280.78076171875,
            -843.3394775390625
        ],
        [
            "rfoo",
            97.18116760253906,
            3258.356201171875,
            -876.9971923828125
        ],
        [
            "rtoe",
            132.0469512939453,
            3257.1953125,
            -882.9992065429688
        ]
    ],
    "pose3d1": [],
    "pose3d2": []
}