{
    "boxes": [
        [
            401.8001708984375,
            40.239505767822266
        ]
    ],
    "skeleton": "mpi_inf_3dhp_28",
    "joints": [
        "thor",
        "spi4",
        "spi2",
        "spin",
        "pelv",
        "neck",
        "head",
        "htop",
        "lcla",
        "lsho",
        "lelb",
        "lwri",
        "lhan",
        "rcla",
        "rsho",
        "relb",
        "rwri",
        "rhan",
        "lhip",
        "lkne",
        "lank",
        "lfoo",
        "ltoe",
        "rhip",
        "rkne",
        "rank",
        "rfoo",
        "rtoe"
    ],
    "pose3d": [
        [
            "thor",
            -3.9030120372772217,
            3396.350341796875,
            405.71234130859375
        ],
        [
            "spi4",
            -9.763797760009766,
            3391.257080078125,
            513.4764404296875
        ],
        [
            "spi2",
            2.8872122764587402,
            3398.92529296875,
            329.628173828125
        ],
        [
            "spin",
            2.6469013690948486,
            3398.798828125,
            328.6402282714844
        ],
        [
            "pelv",
            8.638222694396973,
            3380.63818359375,
            107.21272277832031
        ],
        [
            "neck",
            16.110572814941406,
            3421.529296875,
            576.2719116210938
        ],
        [
            "head",
            26.471542358398438,
            3441.0703125,
            661.2476806640625
        ],
        [
            "htop",
            24.650142669677734,
            3451.03564453125,
            834.279296875
        ],
        [
            "lcla",
            -11.481023788452148,
            3453.9296875,
            539.2787475585938
        ],
        [
            "lsho",
            -106.89860534667969,
            3498.616455078125,
            527.331787109375
        ],
        [
            "lelb",
            -274.163330078125,
            3642.0625,
            296.8643798828125
        ],
        [
            "lwri",
            -272.49798583984375,
            3830.754638671875,
            164.47520446777344
        ],
        [
            "lhan",
            -271.93157958984375,
            3915.016845703125,
            124.77823638916016
        ],
        [
            "rcla",
            60.0323371887207,
            3407.70166015625,
            540.1942138671875
        ],
        [
            "rsho",
            128.8638916015625,
            3339.385498046875,
            529.94775390625
        ],
        [
            "relb",
            346.0154724121094,
            3268.4755859375,
            301.7451477050781
        ],
        [
            "rwri",
            527.4429931640625,
            3334.94384765625,
            151.12039184570312
        ],
        [
            "rhan",
            586.3942260742188,
            3356.63916015625,
            95.60782623291016
        ],
        [
            "lhip",
            -95.6989974975586,
            3443.762451171875,
            105.8359146118164
        ],
        [
            "lkne",
            -100.98052215576172,
            3404.07861328125,
            -404.2240295410156
        ],
        [
            "lank",
            -146.11964416503906,
            3350.80859375,
            -788.1735229492188
        ],
        [
            "lfoo",
            -88.4122543334961,
            3461.234375,
            -826.6112060546875
        ],
        [
            "ltoe",
            -67.28489685058594,
            3487.819580078125,
            -833.8244018554688
        ],
        [
            "rhip",
            113.5001449584961,
            3316.413330078125,
            113.0739517211914
        ],
        [
            "rkne",
            148.22877502441406,
            3261.533935546875,
            -397.4202575683594
        ],
        [
            "rank",
            146.17837524414062,
            3164.66357421875,
            -789.2171020507812
        ],
        [
            "rfoo",
            222.67391967773438,
            3249.29296875,
            -827.8670043945312
        ],
        [
            "rtoe",
            242.55984497070312,
            3273.725341796875,
            -833.46484375
        ]
    ],
    "pose3d1": [],
    "pose3d2": []
}