{
    "boxes": [
        [
            418.39105224609375,
            37.82344436645508
        ]
    ],
    "skeleton": "mpi_inf_3dhp_28",
    "joints": [
        "thor",
        "spi4",
        "spi2",
        "spin",
        "pelv",
        "neck",
        "head",
        "htop",
        "lcla",
        "lsho",
        "lelb",
        "lwri",
        "lhan",
        "rcla",
        "rsho",
        "relb",
        "rwri",
        "rhan",
        "lhip",
        "lkne",
        "lank",
        "lfoo",
        "ltoe",
        "rhip",
        "rkne",
        "rank",
        "rfoo",
        "rtoe"
    ],
    "pose3d": [
        [
            "thor",
            -5.469079494476318,
            3362.59814453125,
            400.29669189453125
        ],
        [
            "spi4",
            -20.295719146728516,
            3371.553955078125,
            505.0882873535156
        ],
        [
            "spi2",
            3.5951666831970215,
            3351.27587890625,
            323.64739990234375
        ],
        [
            "spin",
            3.6489174365997314,
            3351.06640625,
            322.48260498046875
        ],
        [
            "pelv",
            17.584714889526367,
            3332.71923828125,
            98.20121765136719
        ],
        [
            "neck",
            17.542287826538086,
            3345.48388671875,
            572.70361328125
        ],
        [
            "head",
            32.45694351196289,
            3328.62744140625,
            653.9263305664062
        ],
        [
            "htop",
            26.59320068359375,
            3327.279296875,
            826.6746826171875
        ],
        [
            "lcla",
            59.22998046875,
            3367.510498046875,
            537.7988891601562
        ],
        [
            "lsho",
            103.37867736816406,
            3454.14990234375,
            525.5214233398438
        ],
        [
            "lelb",
            271.5337219238281,
            3581.546142578125,
            294.55828857421875
        ],
        [
            "lwri",
            450.334228515625,
            3619.52587890625,
            154.1272735595703
        ],
        [
            "lhan",
            515.2892456054688,
            3638.4921875,
            108.56497955322266
        ],
        [
            "rcla",
            8.21742057800293,
            3300.52197265625,
            537.6249389648438
        ],
        [
            "rsho",
            -65.30461883544922,
            3230.575439453125,
            529.2205200195312
        ],
        [
            "relb",
            -176.33619689941406,
            3046.85009765625,
            315.83258056640625
        ],
        [
            "rwri",
            -126.46684265136719,
            2870.076904296875,
            170.66452026367188
        ],
        [
            "rhan",
            -107.7152099609375,
            2808.9619140625,
            123.81752014160156
        ],
        [
            "lhip",
            102.17222595214844,
            3428.65087890625,
            95.62488555908203
        ],
        [
            "lkne",
            134.7644500732422,
            3420.22021484375,
            -408.40130615234375
        ],
        [
            "lank",
            116.05810546875,
            3449.055419921875,
            -799.2957153320312
        ],
        [
            "lfoo",
            210.2096710205078,
            3411.065185546875,
            -840.0105590820312
        ],
        [
            "ltoe",
            234.4331512451172,
            3395.65283203125,
            -846.5188598632812
        ],
        [
            "rhip",
            -59.60866165161133,
            3237.14697265625,
            105.6946029663086
        ],
        [
            "rkne",
            -53.08818817138672,
            3195.920654296875,
            -406.0209655761719
        ],
        [
            "rank",
            -107.32401275634766,
            3187.260498046875,
            -807.60302734375
        ],
        [
            "rfoo",
            -19.876991271972656,
            3120.7294921875,
            -847.4248046875
        ],
        [
            "rtoe",
            7.885826110839844,
            3105.369140625,
            -854.7488403320312
        ]
    ],
    "pose3d1": [],
    "pose3d2": []
}