{
    "boxes": [
        [
            384.9970703125,
            26.297571182250977
        ]
    ],
    "skeleton": "mpi_inf_3dhp_28",
    "joints": [
        "thor",
        "spi4",
        "spi2",
        "spin",
        "pelv",
        "neck",
        "head",
        "htop",
        "lcla",
        "lsho",
        "lelb",
        "lwri",
        "lhan",
        "rcla",
        "rsho",
        "relb",
        "rwri",
        "rhan",
        "lhip",
        "lkne",
        "lank",
        "lfoo",
        "ltoe",
        "rhip",
        "rkne",
        "rank",
        "rfoo",
        "rtoe"
    ],
    "pose3d": [
        [
            "thor",
            1.8509132862091064,
            3451.725830078125,
            423.32989501953125
        ],
        [
            "spi4",
            16.721643447875977,
            3456.6328125,
            526.4324340820312
        ],
        [
            "spi2",
            -9.288818359375,
            3444.806640625,
            347.08148193359375
        ],
        [
            "spin",
            -9.156425476074219,
            3444.449951171875,
            346.1209716796875
        ],
        [
            "pelv",
            -29.876712799072266,
            3438.49365234375,
            114.35639953613281
        ],
        [
            "neck",
            -28.038829803466797,
            3456.21533203125,
            589.6492309570312
        ],
        [
            "head",
            -47.56855010986328,
            3455.072265625,
            675.4708251953125
        ],
        [
            "htop",
            -44.59507369995117,
            3450.7109375,
            847.58154296875
        ],
        [
            "lcla",
            -40.16980743408203,
            3409.42724609375,
            555.1171264648438
        ],
        [
            "lsho",
            -9.194236755371094,
            3308.44775390625,
            552.5250244140625
        ],
        [
            "lelb",
            -3.471313953399658,
            3091.37841796875,
            322.6945495605469
        ],
        [
            "lwri",
            -139.36611938476562,
            2932.716552734375,
            168.79129028320312
        ],
        [
            "lhan",
            -195.54403686523438,
            2875.175537109375,
            113.51820373535156
        ],
        [
            "rcla",
            -47.58043670654297,
            3494.51806640625,
            555.2659912109375
        ],
        [
            "rsho",
            -31.840999603271484,
            3586.76611328125,
            552.1807250976562
        ],
        [
            "relb",
            -80.06651306152344,
            3772.08349609375,
            304.87384033203125
        ],
        [
            "rwri",
            -233.2110137939453,
            3841.462890625,
            163.38943481445312
        ],
        [
            "rhan",
            -302.4317626953125,
            3867.22607421875,
            113.94941711425781
        ],
        [
            "lhip",
            -15.14801025390625,
            3317.46142578125,
            120.61631774902344
        ],
        [
            "lkne",
            -21.704103469848633,
            3326.486328125,
            -425.1202087402344
        ],
        [
            "lank",
            19.173839569091797,
            3318.03466796875,
            -850.333984375
        ],
        [
            "lfoo",
            -93.6070327758789,
            3291.401123046875,
            -883.2786865234375
        ],
        [
            "ltoe",
            -128.06265258789062,
            3287.60009765625,
            -888.5001831054688
        ],
        [
            "rhip",
            -45.2950439453125,
            3559.13232421875,
            116.21549987792969
        ],
        [
            "rkne",
            -83.38712310791016,
            3572.103515625,
            -412.0330505371094
        ],
        [
            "rank",
            -45.09613037109375,
            3580.669921875,
            -829.01953125
        ],
        [
            "rfoo",
            -151.3193817138672,
            3598.781982421875,
            -868.7840576171875
        ],
        [
            "rtoe",
            -182.09083557128906,
            3596.475830078125,
            -874.8426513671875
        ]
    ],
    "pose3d1": [],
    "pose3d2": []
}