{
    "boxes": [
        [
            431.2510681152344,
            36.06596755981445
        ]
    ],
    "skeleton": "mpi_inf_3dhp_28",
    "joints": [
        "thor",
        "spi4",
        "spi2",
        "spin",
        "pelv",
        "neck",
        "head",
        "htop",
        "lcla",
        "lsho",
        "lelb",
        "lwri",
        "lhan",
        "rcla",
        "rsho",
        "relb",
        "rwri",
        "rhan",
        "lhip",
        "lkne",
        "lank",
        "lfoo",
        "ltoe",
        "rhip",
        "rkne",
        "rank",
        "rfoo",
        "rtoe"
    ],
    "pose3d": [
        [
            "thor",
            -1.0086820125579834,
            3384.130859375,
            408.97747802734375
        ],
        [
            "spi4",
            -18.798419952392578,
            3391.968017578125,
            513.7811889648438
        ],
        [
            "spi2",
            10.151191711425781,
            3374.09130859375,
            331.0839538574219
        ],
        [
            "spin",
            10.364416122436523,
            3374.09912109375,
            329.87860107421875
        ],
        [
            "pelv",
            24.893705368041992,
            3360.74072265625,
            104.06504821777344
        ],
        [
            "neck",
            20.7462100982666,
            3374.692626953125,
            580.2201538085938
        ],
        [
            "head",
            36.8339729309082,
            3364.00537109375,
            662.0889892578125
        ],
        [
            "htop",
            28.746456146240234,
            3362.76806640625,
            830.64453125
        ],
        [
            "lcla",
            56.9990234375,
            3402.91845703125,
            545.6262817382812
        ],
        [
            "lsho",
            81.9027328491211,
            3496.15185546875,
            535.9317016601562
        ],
        [
            "lelb",
            223.5278778076172,
            3646.04248046875,
            299.9601745605469
        ],
        [
            "lwri",
            399.33526611328125,
            3695.55029296875,
            155.4630126953125
        ],
        [
            "lhan",
            464.9584045410156,
            3719.271484375,
            110.06715393066406
        ],
        [
            "rcla",
            19.994327545166016,
            3328.86767578125,
            545.6451416015625
        ],
        [
            "rsho",
            -40.458980560302734,
            3246.53662109375,
            539.5662231445312
        ],
        [
            "relb",
            -117.2777328491211,
            3052.012451171875,
            316.89013671875
        ],
        [
            "rwri",
            -30.394145965576172,
            2881.00927734375,
            169.9171600341797
        ],
        [
            "rhan",
            -1.26895272731781,
            2817.632080078125,
            124.93406677246094
        ],
        [
            "lhip",
            87.4385986328125,
            3467.40234375,
            101.30210876464844
        ],
        [
            "lkne",
            119.38021087646484,
            3450.949951171875,
            -407.0445556640625
        ],
        [
            "lank",
            87.88249206542969,
            3466.942626953125,
            -804.0128784179688
        ],
        [
            "lfoo",
            191.74948120117188,
            3452.64794921875,
            -843.5285034179688
        ],
        [
            "ltoe",
            220.1095428466797,
            3443.06640625,
            -849.4357299804688
        ],
        [
            "rhip",
            -33.326107025146484,
            3254.51171875,
            112.71038818359375
        ],
        [
            "rkne",
            -27.120702743530273,
            3224.516357421875,
            -410.7593688964844
        ],
        [
            "rank",
            -78.19682312011719,
            3208.00927734375,
            -817.2249145507812
        ],
        [
            "rfoo",
            20.78171157836914,
            3158.19189453125,
            -855.0306396484375
        ],
        [
            "rtoe",
            51.28961181640625,
            3148.28857421875,
            -861.6141357421875
        ]
    ],
    "pose3d1": [],
    "pose3d2": []
}