{
    "boxes": [
        [
            314.0436096191406,
            34.03911209106445
        ]
    ],
    "skeleton": "mpi_inf_3dhp_28",
    "joints": [
        "thor",
        "spi4",
        "spi2",
        "spin",
        "pelv",
        "neck",
        "head",
        "htop",
        "lcla",
        "lsho",
        "lelb",
        "lwri",
        "lhan",
        "rcla",
        "rsho",
        "relb",
        "rwri",
        "rhan",
        "lhip",
        "lkne",
        "lank",
        "lfoo",
        "ltoe",
        "rhip",
        "rkne",
        "rank",
        "rfoo",
        "rtoe"
    ],
    "pose3d": [
        [
            "thor",
            -5.203548431396484,
            3353.903564453125,
            392.6333923339844
        ],
        [
            "spi4",
            3.6255905628204346,
            3369.36376953125,
            499.379638671875
        ],
        [
            "spi2",
            -9.153948783874512,
            3339.45458984375,
            315.49627685546875
        ],
        [
            "spin",
            -9.024421691894531,
            3339.02490234375,
            314.57745361328125
        ],
        [
            "pelv",
            -14.253056526184082,
            3319.783203125,
            89.43089294433594
        ],
        [
            "neck",
            -16.59735870361328,
            3330.325439453125,
            567.5590209960938
        ],
        [
            "head",
            -24.379253387451172,
            3307.934814453125,
            650.7716064453125
        ],
        [
            "htop",
            -22.92465591430664,
            3314.297607421875,
            822.9627075195312
        ],
        [
            "lcla",
            11.072927474975586,
            3293.0703125,
            532.2823486328125
        ],
        [
            "lsho",
            107.87126159667969,
            3262.72802734375,
            521.1851806640625
        ],
        [
            "lelb",
            285.25543212890625,
            3131.99267578125,
            302.1188659667969
        ],
        [
            "lwri",
            297.60205078125,
            2944.353271484375,
            172.63742065429688
        ],
        [
            "lhan",
            300.0173645019531,
            2877.585205078125,
            120.763427734375
        ],
        [
            "rcla",
            -64.24873352050781,
            3332.768310546875,
            531.8722534179688
        ],
        [
            "rsho",
            -141.12716674804688,
            3396.13671875,
            517.0369873046875
        ],
        [
            "relb",
            -349.0447692871094,
            3436.81640625,
            290.2355041503906
        ],
        [
            "rwri",
            -503.67266845703125,
            3329.01171875,
            151.02182006835938
        ],
        [
            "rhan",
            -557.4168701171875,
            3296.223388671875,
            103.11128234863281
        ],
        [
            "lhip",
            95.02546691894531,
            3264.192138671875,
            92.72845458984375
        ],
        [
            "lkne",
            100.36802673339844,
            3213.78466796875,
            -394.8082580566406
        ],
        [
            "lank",
            151.67498779296875,
            3220.17236328125,
            -800.4730834960938
        ],
        [
            "lfoo",
            99.89039611816406,
            3126.6875,
            -843.2838745117188
        ],
        [
            "ltoe",
            79.72784423828125,
            3102.320068359375,
            -852.3480224609375
        ],
        [
            "rhip",
            -125.9014663696289,
            3374.836669921875,
            89.99539947509766
        ],
        [
            "rkne",
            -161.43258666992188,
            3352.475830078125,
            -400.151611328125
        ],
        [
            "rank",
            -168.05615234375,
            3408.328125,
            -799.9976806640625
        ],
        [
            "rfoo",
            -232.3423309326172,
            3325.889404296875,
            -838.2750244140625
        ],
        [
            "rtoe",
            -246.05654907226562,
            3298.61083984375,
            -844.8718872070312
        ]
    ],
    "pose3d1": [],
    "pose3d2": []
}