{
    "boxes": [
        [
            383.56561279296875,
            41.84886169433594
        ]
    ],
    "skeleton": "mpi_inf_3dhp_28",
    "joints": [
        "thor",
        "spi4",
        "spi2",
        "spin",
        "pelv",
        "neck",
        "head",
        "htop",
        "lcla",
        "lsho",
        "lelb",
        "lwri",
        "lhan",
        "rcla",
        "rsho",
        "relb",
        "rwri",
        "rhan",
        "lhip",
        "lkne",
        "lank",
        "lfoo",
        "ltoe",
        "rhip",
        "rkne",
        "rank",
        "rfoo",
        "rtoe"
    ],
    "pose3d": [
        [
            "thor",
            -2.5328826904296875,
            3431.048095703125,
            411.3072204589844
        ],
        [
            "spi4",
            -5.907167434692383,
            3427.436767578125,
            520.3961791992188
        ],
        [
            "spi2",
            2.0539512634277344,
            3432.51904296875,
            333.7577209472656
        ],
        [
            "spin",
            1.8822767734527588,
            3432.447265625,
            332.6533203125
        ],
        [
            "pelv",
            5.16155481338501,
            3406.161376953125,
            110.6184310913086
        ],
        [
            "neck",
            12.55652904510498,
            3463.64990234375,
            581.2642211914062
        ],
        [
            "head",
            19.432029724121094,
            3485.963623046875,
            667.3803100585938
        ],
        [
            "htop",
            18.997711181640625,
            3494.555419921875,
            842.2725830078125
        ],
        [
            "lcla",
            -22.511905670166016,
            3488.73291015625,
            542.98681640625
        ],
        [
            "lsho",
            -122.9412612915039,
            3516.80810546875,
            532.20166015625
        ],
        [
            "lelb",
            -319.24578857421875,
            3640.36181640625,
            304.8409729003906
        ],
        [
            "lwri",
            -352.1755676269531,
            3825.85302734375,
            167.96092224121094
        ],
        [
            "lhan",
            -362.8797607421875,
            3906.442138671875,
            126.8915023803711
        ],
        [
            "rcla",
            57.1909294128418,
            3456.620361328125,
            543.8858642578125
        ],
        [
            "rsho",
            139.37945556640625,
            3405.139404296875,
            535.4966430664062
        ],
        [
            "relb",
            369.2093200683594,
            3362.99560546875,
            308.04058837890625
        ],
        [
            "rwri",
            533.1546020507812,
            3469.97119140625,
            159.68978881835938
        ],
        [
            "rhan",
            590.1187744140625,
            3506.86328125,
            104.86417388916016
        ],
        [
            "lhip",
            -106.2092514038086,
            3448.12255859375,
            109.29119873046875
        ],
        [
            "lkne",
            -121.37166595458984,
            3396.58935546875,
            -401.58294677734375
        ],
        [
            "lank",
            -162.4700469970703,
            3322.964111328125,
            -790.2384643554688
        ],
        [
            "lfoo",
            -123.65486907958984,
            3438.58203125,
            -827.9163818359375
        ],
        [
            "ltoe",
            -108.00740814208984,
            3467.442626953125,
            -833.7154541015625
        ],
        [
            "rhip",
            118.71297454833984,
            3362.04541015625,
            118.00331115722656
        ],
        [
            "rkne",
            155.4988250732422,
            3300.75,
            -397.63348388671875
        ],
        [
            "rank",
            164.86422729492188,
            3202.08154296875,
            -791.9268798828125
        ],
        [
            "rfoo",
            223.97537231445312,
            3303.760986328125,
            -830.3477783203125
        ],
        [
            "rtoe",
            237.8076171875,
            3332.916015625,
            -836.68212890625
        ]
    ],
    "pose3d1": [],
    "pose3d2": []
}