{
    "boxes": [
        [
            373.7418518066406,
            36.370994567871094
        ]
    ],
    "skeleton": "mpi_inf_3dhp_28",
    "joints": [
        "thor",
        "spi4",
        "spi2",
        "spin",
        "pelv",
        "neck",
        "head",
        "htop",
        "lcla",
        "lsho",
        "lelb",
        "lwri",
        "lhan",
        "rcla",
        "rsho",
        "relb",
        "rwri",
        "rhan",
        "lhip",
        "lkne",
        "lank",
        "lfoo",
        "ltoe",
        "rhip",
        "rkne",
        "rank",
        "rfoo",
        "rtoe"
    ],
    "pose3d": [
        [
            "thor",
            3.0525691509246826,
            3352.521484375,
            394.8694763183594
        ],
        [
            "spi4",
            -6.674859046936035,
            3368.23046875,
            500.3006896972656
        ],
        [
            "spi2",
            7.360499382019043,
            3336.9453125,
            318.0545349121094
        ],
        [
            "spin",
            7.242579460144043,
            3336.56494140625,
            317.0818786621094
        ],
        [
            "pelv",
            11.944802284240723,
            3310.302734375,
            93.76799011230469
        ],
        [
            "neck",
            14.419439315795898,
            3329.692626953125,
            568.1613159179688
        ],
        [
            "head",
            22.306400299072266,
            3307.47119140625,
            649.28173828125
        ],
        [
            "htop",
            20.30792808532715,
            3310.909423828125,
            821.3948364257812
        ],
        [
            "lcla",
            61.74637985229492,
            3333.334716796875,
            532.1178588867188
        ],
        [
            "lsho",
            136.5902099609375,
            3397.339111328125,
            516.9732666015625
        ],
        [
            "lelb",
            341.2169494628906,
            3451.57421875,
            288.57354736328125
        ],
        [
            "lwri",
            509.19873046875,
            3389.391357421875,
            149.54196166992188
        ],
        [
            "lhan",
            565.0906372070312,
            3371.328857421875,
            101.732421875
        ],
        [
            "rcla",
            -12.716257095336914,
            3291.942138671875,
            533.4510498046875
        ],
        [
            "rsho",
            -107.07966613769531,
            3259.624755859375,
            523.4454345703125
        ],
        [
            "relb",
            -283.3894958496094,
            3129.135009765625,
            307.5789489746094
        ],
        [
            "rwri",
            -292.31787109375,
            2941.9404296875,
            172.5111541748047
        ],
        [
            "rhan",
            -291.55706787109375,
            2876.541748046875,
            119.38692474365234
        ],
        [
            "lhip",
            122.52897644042969,
            3370.77783203125,
            91.6891860961914
        ],
        [
            "lkne",
            156.44284057617188,
            3344.98046875,
            -399.44207763671875
        ],
        [
            "lank",
            159.19879150390625,
            3393.974609375,
            -793.347412109375
        ],
        [
            "lfoo",
            228.4857940673828,
            3316.10302734375,
            -836.267578125
        ],
        [
            "ltoe",
            244.3223419189453,
            3290.59619140625,
            -843.826171875
        ],
        [
            "rhip",
            -93.7015609741211,
            3250.293701171875,
            99.49456787109375
        ],
        [
            "rkne",
            -98.6263427734375,
            3188.600830078125,
            -392.3349609375
        ],
        [
            "rank",
            -153.02761840820312,
            3196.589111328125,
            -798.216796875
        ],
        [
            "rfoo",
            -97.65916442871094,
            3107.73388671875,
            -843.7327270507812
        ],
        [
            "rtoe",
            -77.9876480102539,
            3083.703369140625,
            -852.2844848632812
        ]
    ],
    "pose3d1": [],
    "pose3d2": []
}