{
    "boxes": [
        [
            315.2839660644531,
            35.98025894165039
        ]
    ],
    "skeleton": "mpi_inf_3dhp_28",
    "joints": [
        "thor",
        "spi4",
        "spi2",
        "spin",
        "pelv",
        "neck",
        "head",
        "htop",
        "lcla",
        "lsho",
        "lelb",
        "lwri",
        "lhan",
        "rcla",
        "rsho",
        "relb",
        "rwri",
        "rhan",
        "lhip",
        "lkne",
        "lank",
        "lfoo",
        "ltoe",
        "rhip",
        "rkne",
        "rank",
        "rfoo",
        "rtoe"
    ],
    "pose3d": [
        [
            "thor",
            -6.03268575668335,
            3332.23583984375,
            389.9364929199219
        ],
        [
            "spi4",
            -0.665136456489563,
            3349.266357421875,
            496.807861328125
        ],
        [
            "spi2",
            -7.944033145904541,
            3316.85302734375,
            312.4889831542969
        ],
        [
            "spin",
            -7.829308986663818,
            3316.357421875,
            311.44293212890625
        ],
        [
            "pelv",
            -10.056051254272461,
            3294.287841796875,
            87.49422454833984
        ],
        [
            "neck",
            -12.30160140991211,
            3306.49462890625,
            564.8889770507812
        ],
        [
            "head",
            -16.601520538330078,
            3282.274169921875,
            648.0017700195312
        ],
        [
            "htop",
            -13.847066879272461,
            3286.46630859375,
            821.9732666015625
        ],
        [
            "lcla",
            21.924217224121094,
            3274.71142578125,
            528.8953857421875
        ],
        [
            "lsho",
            122.65299987792969,
            3265.402587890625,
            517.2891845703125
        ],
        [
            "lelb",
            319.1012268066406,
            3171.247802734375,
            300.1858215332031
        ],
        [
            "lwri",
            361.0379638671875,
            2982.265869140625,
            170.34201049804688
        ],
        [
            "lhan",
            376.0709533691406,
            2917.73291015625,
            118.59214782714844
        ],
        [
            "rcla",
            -59.85316848754883,
            3300.25537109375,
            528.3864135742188
        ],
        [
            "rsho",
            -146.6964569091797,
            3350.369140625,
            513.4134521484375
        ],
        [
            "relb",
            -363.6639709472656,
            3370.329345703125,
            290.023193359375
        ],
        [
            "rwri",
            -502.7001037597656,
            3235.93212890625,
            152.99488830566406
        ],
        [
            "rhan",
            -552.9137573242188,
            3195.64208984375,
            105.33223724365234
        ],
        [
            "lhip",
            108.22955322265625,
            3259.082763671875,
            90.30972290039062
        ],
        [
            "lkne",
            116.95074462890625,
            3204.84521484375,
            -390.23687744140625
        ],
        [
            "lank",
            164.9176025390625,
            3232.994873046875,
            -794.2886962890625
        ],
        [
            "lfoo",
            134.00070190429688,
            3129.090576171875,
            -836.08349609375
        ],
        [
            "ltoe",
            120.28189849853516,
            3100.313232421875,
            -844.7024536132812
        ],
        [
            "rhip",
            -129.7229766845703,
            3328.026123046875,
            89.25132751464844
        ],
        [
            "rkne",
            -160.79165649414062,
            3286.73876953125,
            -392.6446228027344
        ],
        [
            "rank",
            -174.0169677734375,
            3353.81005859375,
            -790.3707885742188
        ],
        [
            "rfoo",
            -223.4707794189453,
            3254.321044921875,
            -831.0260009765625
        ],
        [
            "rtoe",
            -232.39352416992188,
            3223.09716796875,
            -837.6834716796875
        ]
    ],
    "pose3d1": [],
    "pose3d2": []
}