{
    "boxes": [
        [
            319.6916809082031,
            41.13534927368164
        ]
    ],
    "skeleton": "mpi_inf_3dhp_28",
    "joints": [
        "thor",
        "spi4",
        "spi2",
        "spin",
        "pelv",
        "neck",
        "head",
        "htop",
        "lcla",
        "lsho",
        "lelb",
        "lwri",
        "lhan",
        "rcla",
        "rsho",
        "relb",
        "rwri",
        "rhan",
        "lhip",
        "lkne",
        "lank",
        "lfoo",
        "ltoe",
        "rhip",
        "rkne",
        "rank",
        "rfoo",
        "rtoe"
    ],
    "pose3d": [
        [
            "thor",
            1.3278363943099976,
            3468.034423828125,
            421.53680419921875
        ],
        [
            "spi4",
            10.8101224899292,
            3466.11083984375,
            528.8819580078125
        ],
        [
            "spi2",
            -8.19700813293457,
            3466.760498046875,
            344.2423400878906
        ],
        [
            "spin",
            -8.22083854675293,
            3467.17529296875,
            343.4205322265625
        ],
        [
            "pelv",
            -19.345279693603516,
            3452.98876953125,
            114.63584899902344
        ],
        [
            "neck",
            -29.28750228881836,
            3486.042236328125,
            592.7193603515625
        ],
        [
            "head",
            -44.286460876464844,
            3494.0859375,
            678.29052734375
        ],
        [
            "htop",
            -34.278770446777344,
            3489.478515625,
            850.5567626953125
        ],
        [
            "lcla",
            -64.20099639892578,
            3453.591064453125,
            556.7102661132812
        ],
        [
            "lsho",
            -94.15445709228516,
            3357.270751953125,
            549.4901123046875
        ],
        [
            "lelb",
            -260.38800048828125,
            3213.58349609375,
            313.41552734375
        ],
        [
            "lwri",
            -451.8490295410156,
            3203.85986328125,
            164.09622192382812
        ],
        [
            "lhan",
            -519.0325927734375,
            3198.332763671875,
            106.80766296386719
        ],
        [
            "rcla",
            -21.382770538330078,
            3529.533935546875,
            556.1968383789062
        ],
        [
            "rsho",
            46.38688659667969,
            3606.31689453125,
            550.27978515625
        ],
        [
            "relb",
            143.4129638671875,
            3766.07470703125,
            282.04833984375
        ],
        [
            "rwri",
            5.42616605758667,
            3846.803955078125,
            98.94744110107422
        ],
        [
            "rhan",
            -33.19654083251953,
            3888.37890625,
            47.35783767700195
        ],
        [
            "lhip",
            -82.65574645996094,
            3347.5234375,
            124.0871353149414
        ],
        [
            "lkne",
            -126.41328430175781,
            3304.876953125,
            -405.74224853515625
        ],
        [
            "lank",
            -103.80257415771484,
            3229.93896484375,
            -822.7518310546875
        ],
        [
            "lfoo",
            -210.3298797607422,
            3272.05908203125,
            -855.1554565429688
        ],
        [
            "ltoe",
            -240.0121307373047,
            3288.039794921875,
            -858.7904052734375
        ],
        [
            "rhip",
            48.33808898925781,
            3558.96240234375,
            114.18414306640625
        ],
        [
            "rkne",
            43.42140579223633,
            3528.237548828125,
            -415.3631896972656
        ],
        [
            "rank",
            89.85783386230469,
            3505.66552734375,
            -816.5484619140625
        ],
        [
            "rfoo",
            -9.479984283447266,
            3588.786376953125,
            -852.4686279296875
        ],
        [
            "rtoe",
            -41.333805084228516,
            3606.83642578125,
            -858.9114990234375
        ]
    ],
    "pose3d1": [],
    "pose3d2": []
}