{
    "boxes": [
        [
            369.2159729003906,
            41.284629821777344
        ]
    ],
    "skeleton": "mpi_inf_3dhp_28",
    "joints": [
        "thor",
        "spi4",
        "spi2",
        "spin",
        "pelv",
        "neck",
        "head",
        "htop",
        "lcla",
        "lsho",
        "lelb",
        "lwri",
        "lhan",
        "rcla",
        "rsho",
        "relb",
        "rwri",
        "rhan",
        "lhip",
        "lkne",
        "lank",
        "lfoo",
        "ltoe",
        "rhip",
        "rkne",
        "rank",
        "rfoo",
        "rtoe"
    ],
    "pose3d": [
        [
            "thor",
            -2.6639678478240967,
            3390.928466796875,
            408.58795166015625
        ],
        [
            "spi4",
            -4.81346321105957,
            3386.39501953125,
            516.8594970703125
        ],
        [
            "spi2",
            0.33475857973098755,
            3392.920654296875,
            331.36126708984375
        ],
        [
            "spin",
            0.2987203299999237,
            3393.104736328125,
            330.31494140625
        ],
        [
            "pelv",
            1.7476612329483032,
            3366.025390625,
            109.5896987915039
        ],
        [
            "neck",
            5.993894100189209,
            3423.094482421875,
            577.4921875
        ],
        [
            "head",
            9.478528022766113,
            3446.018310546875,
            661.8518676757812
        ],
        [
            "htop",
            8.954035758972168,
            3452.91650390625,
            833.8263549804688
        ],
        [
            "lcla",
            -33.50018310546875,
            3440.751220703125,
            539.6959838867188
        ],
        [
            "lsho",
            -134.05029296875,
            3450.092529296875,
            529.0787353515625
        ],
        [
            "lelb",
            -346.9829406738281,
            3539.33056640625,
            304.43145751953125
        ],
        [
            "lwri",
            -411.19854736328125,
            3711.129638671875,
            164.013916015625
        ],
        [
            "lhan",
            -431.37982177734375,
            3782.004638671875,
            119.85001373291016
        ],
        [
            "rcla",
            50.73088836669922,
            3423.741455078125,
            540.0633544921875
        ],
        [
            "rsho",
            142.97897338867188,
            3391.701904296875,
            530.2193603515625
        ],
        [
            "relb",
            374.2251281738281,
            3384.909423828125,
            308.2525329589844
        ],
        [
            "rwri",
            516.8377075195312,
            3508.37939453125,
            156.84999084472656
        ],
        [
            "rhan",
            565.4998779296875,
            3555.81005859375,
            103.50602722167969
        ],
        [
            "lhip",
            -115.61906433105469,
            3386.895751953125,
            110.99809265136719
        ],
        [
            "lkne",
            -132.60903930664062,
            3320.00390625,
            -394.02337646484375
        ],
        [
            "lank",
            -171.81297302246094,
            3226.08203125,
            -772.22900390625
        ],
        [
            "lfoo",
            -154.49594116210938,
            3342.619140625,
            -813.6212158203125
        ],
        [
            "ltoe",
            -144.5941619873047,
            3373.573486328125,
            -819.7203369140625
        ],
        [
            "rhip",
            120.15657043457031,
            3343.19384765625,
            116.40335845947266
        ],
        [
            "rkne",
            154.5291748046875,
            3288.10986328125,
            -395.36407470703125
        ],
        [
            "rank",
            173.5374755859375,
            3195.95263671875,
            -782.2789306640625
        ],
        [
            "rfoo",
            216.77890014648438,
            3311.188232421875,
            -818.3713989257812
        ],
        [
            "rtoe",
            224.7410888671875,
            3343.790283203125,
            -822.9765625
        ]
    ],
    "pose3d1": [],
    "pose3d2": []
}