{
    "boxes": [
        [
            417.2407531738281,
            41.506874084472656
        ]
    ],
    "skeleton": "mpi_inf_3dhp_28",
    "joints": [
        "thor",
        "spi4",
        "spi2",
        "spin",
        "pelv",
        "neck",
        "head",
        "htop",
        "lcla",
        "lsho",
        "lelb",
        "lwri",
        "lhan",
        "rcla",
        "rsho",
        "relb",
        "rwri",
        "rhan",
        "lhip",
        "lkne",
        "lank",
        "lfoo",
        "ltoe",
        "rhip",
        "rkne",
        "rank",
        "rfoo",
        "rtoe"
    ],
    "pose3d": [
        [
            "thor",
            -6.814466953277588,
            3393.73193359375,
            405.656982421875
        ],
        [
            "spi4",
            -13.962428092956543,
            3389.692626953125,
            512.6712036132812
        ],
        [
            "spi2",
            1.3576736450195312,
            3394.807373046875,
            329.9337463378906
        ],
        [
            "spin",
            1.1034986972808838,
            3394.831298828125,
            329.0452880859375
        ],
        [
            "pelv",
            10.581075668334961,
            3379.61865234375,
            106.23118591308594
        ],
        [
            "neck",
            18.46560287475586,
            3415.23974609375,
            576.597900390625
        ],
        [
            "head",
            30.61138343811035,
            3432.680419921875,
            660.67333984375
        ],
        [
            "htop",
            24.358123779296875,
            3443.57080078125,
            833.7322387695312
        ],
        [
            "lcla",
            -1.402555227279663,
            3453.20751953125,
            540.2105712890625
        ],
        [
            "lsho",
            -86.59381103515625,
            3513.31494140625,
            529.697509765625
        ],
        [
            "lelb",
            -225.22463989257812,
            3674.638671875,
            297.1394348144531
        ],
        [
            "lwri",
            -189.46945190429688,
            3855.68115234375,
            158.934326171875
        ],
        [
            "lhan",
            -177.28323364257812,
            3939.64794921875,
            119.3025131225586
        ],
        [
            "rcla",
            59.037147521972656,
            3393.817138671875,
            541.1456298828125
        ],
        [
            "rsho",
            112.57025146484375,
            3311.568359375,
            532.5325317382812
        ],
        [
            "relb",
            306.5989990234375,
            3203.696044921875,
            303.99798583984375
        ],
        [
            "rwri",
            496.40869140625,
            3236.289306640625,
            157.0357208251953
        ],
        [
            "rhan",
            559.9647827148438,
            3245.630126953125,
            101.54036712646484
        ],
        [
            "lhip",
            -80.47093200683594,
            3462.391357421875,
            103.9098892211914
        ],
        [
            "lkne",
            -77.3240966796875,
            3435.62158203125,
            -408.8429260253906
        ],
        [
            "lank",
            -124.9011001586914,
            3389.61767578125,
            -792.22119140625
        ],
        [
            "lfoo",
            -50.47991943359375,
            3493.51708984375,
            -831.5672607421875
        ],
        [
            "ltoe",
            -25.066177368164062,
            3517.540283203125,
            -838.43505859375
        ],
        [
            "rhip",
            101.18971252441406,
            3295.880859375,
            114.36613464355469
        ],
        [
            "rkne",
            135.97369384765625,
            3245.710205078125,
            -400.7149963378906
        ],
        [
            "rank",
            124.22579193115234,
            3155.5927734375,
            -799.3660888671875
        ],
        [
            "rfoo",
            213.0582275390625,
            3228.449951171875,
            -835.6287231445312
        ],
        [
            "rtoe",
            237.118408203125,
            3250.56884765625,
            -841.5216064453125
        ]
    ],
    "pose3d1": [],
    "pose3d2": []
}