{
    "boxes": [
        [
            447.093505859375,
            37.01739501953125
        ]
    ],
    "skeleton": "mpi_inf_3dhp_28",
    "joints": [
        "thor",
        "spi4",
        "spi2",
        "spin",
        "pelv",
        "neck",
        "head",
        "htop",
        "lcla",
        "lsho",
        "lelb",
        "lwri",
        "lhan",
        "rcla",
        "rsho",
        "relb",
        "rwri",
        "rhan",
        "lhip",
        "lkne",
        "lank",
        "lfoo",
        "ltoe",
        "rhip",
        "rkne",
        "rank",
        "rfoo",
        "rtoe"
    ],
    "pose3d": [
        [
            "thor",
            -9.435612678527832,
            3473.58251953125,
            428.23651123046875
        ],
        [
            "spi4",
            -23.03775405883789,
            3473.18115234375,
            536.7492065429688
        ],
        [
            "spi2",
            2.768209457397461,
            3470.517578125,
            349.6241760253906
        ],
        [
            "spin",
            2.3230316638946533,
            3469.973388671875,
            349.0492858886719
        ],
        [
            "pelv",
            22.66153335571289,
            3469.23583984375,
            114.7490463256836
        ],
        [
            "neck",
            22.19854736328125,
            3476.703125,
            599.5711669921875
        ],
        [
            "head",
            43.43020248413086,
            3477.39404296875,
            683.6974487304688
        ],
        [
            "htop",
            37.508216857910156,
            3475.125732421875,
            852.54541015625
        ],
        [
            "lcla",
            33.87554931640625,
            3518.801513671875,
            564.3052978515625
        ],
        [
            "lsho",
            9.721468925476074,
            3607.87744140625,
            566.0712890625
        ],
        [
            "lelb",
            13.500018119812012,
            3789.094970703125,
            313.00799560546875
        ],
        [
            "lwri",
            156.3192138671875,
            3867.542236328125,
            166.77877807617188
        ],
        [
            "lhan",
            208.6484832763672,
            3907.01416015625,
            116.59017181396484
        ],
        [
            "rcla",
            39.826072692871094,
            3434.479248046875,
            561.751220703125
        ],
        [
            "rsho",
            25.702777862548828,
            3332.207763671875,
            557.8519287109375
        ],
        [
            "relb",
            82.90410614013672,
            3122.843017578125,
            314.58978271484375
        ],
        [
            "rwri",
            249.10507202148438,
            3007.564453125,
            168.5074005126953
        ],
        [
            "rhan",
            305.97039794921875,
            2956.313720703125,
            113.28080749511719
        ],
        [
            "lhip",
            12.229288101196289,
            3588.63427734375,
            117.72123718261719
        ],
        [
            "lkne",
            29.30478286743164,
            3586.74462890625,
            -419.80841064453125
        ],
        [
            "lank",
            -3.8388352394104004,
            3591.63916015625,
            -832.5758666992188
        ],
        [
            "lfoo",
            106.71919250488281,
            3638.592529296875,
            -866.3123779296875
        ],
        [
            "ltoe",
            140.38035583496094,
            3644.00390625,
            -870.9837036132812
        ],
        [
            "rhip",
            33.69809341430664,
            3347.279296875,
            116.7699203491211
        ],
        [
            "rkne",
            59.326438903808594,
            3325.610595703125,
            -415.32135009765625
        ],
        [
            "rank",
            17.649799346923828,
            3283.735107421875,
            -837.1444091796875
        ],
        [
            "rfoo",
            130.53280639648438,
            3269.691162109375,
            -875.9149169921875
        ],
        [
            "rtoe",
            165.134033203125,
            3270.895751953125,
            -883.60546875
        ]
    ],
    "pose3d1": [],
    "pose3d2": []
}