{
    "boxes": [
        [
            312.5644836425781,
            39.556785583496094
        ]
    ],
    "skeleton": "mpi_inf_3dhp_28",
    "joints": [
        "thor",
        "spi4",
        "spi2",
        "spin",
        "pelv",
        "neck",
        "head",
        "htop",
        "lcla",
        "lsho",
        "lelb",
        "lwri",
        "lhan",
        "rcla",
        "rsho",
        "relb",
        "rwri",
        "rhan",
        "lhip",
        "lkne",
        "lank",
        "lfoo",
        "ltoe",
        "rhip",
        "rkne",
        "rank",
        "rfoo",
        "rtoe"
    ],
    "pose3d": [
        [
            "thor",
            3.504049777984619,
            3435.71533203125,
            412.6839294433594
        ],
        [
            "spi4",
            11.079565048217773,
            3431.28369140625,
            520.0567626953125
        ],
        [
            "spi2",
            -5.396724224090576,
            3436.145751953125,
            336.30792236328125
        ],
        [
            "spin",
            -5.1802077293396,
            3436.60009765625,
            335.43963623046875
        ],
        [
            "pelv",
            -15.093854904174805,
            3422.071533203125,
            110.24613952636719
        ],
        [
            "neck",
            -25.300867080688477,
            3455.654296875,
            584.1707763671875
        ],
        [
            "head",
            -38.0604248046875,
            3468.42529296875,
            669.8697509765625
        ],
        [
            "htop",
            -29.600887298583984,
            3467.684326171875,
            843.04296875
        ],
        [
            "lcla",
            -64.88069152832031,
            3430.90576171875,
            548.623779296875
        ],
        [
            "lsho",
            -111.91802978515625,
            3344.00634765625,
            540.7463989257812
        ],
        [
            "lelb",
            -307.66192626953125,
            3235.03515625,
            309.53326416015625
        ],
        [
            "lwri",
            -496.6505432128906,
            3272.388427734375,
            161.61058044433594
        ],
        [
            "lhan",
            -562.6703491210938,
            3280.790283203125,
            105.15138244628906
        ],
        [
            "rcla",
            -8.222036361694336,
            3495.62548828125,
            547.9286499023438
        ],
        [
            "rsho",
            73.6950454711914,
            3560.82177734375,
            538.7186279296875
        ],
        [
            "relb",
            208.2153778076172,
            3728.97509765625,
            298.51434326171875
        ],
        [
            "rwri",
            156.18948364257812,
            3896.94091796875,
            148.72994995117188
        ],
        [
            "rhan",
            140.75384521484375,
            3975.54150390625,
            107.84725189208984
        ],
        [
            "lhip",
            -99.09507751464844,
            3331.41796875,
            119.01445007324219
        ],
        [
            "lkne",
            -139.67977905273438,
            3283.052734375,
            -403.54400634765625
        ],
        [
            "lank",
            -125.60298919677734,
            3201.51806640625,
            -809.1461791992188
        ],
        [
            "lfoo",
            -218.21633911132812,
            3270.11376953125,
            -843.9470825195312
        ],
        [
            "ltoe",
            -243.3144073486328,
            3292.356201171875,
            -848.6004638671875
        ],
        [
            "rhip",
            70.190185546875,
            3513.64306640625,
            107.83524322509766
        ],
        [
            "rkne",
            70.67741394042969,
            3484.377685546875,
            -414.86956787109375
        ],
        [
            "rank",
            114.81561279296875,
            3447.251220703125,
            -807.5208129882812
        ],
        [
            "rfoo",
            33.939788818359375,
            3546.80322265625,
            -843.5042724609375
        ],
        [
            "rtoe",
            6.635811805725098,
            3569.47998046875,
            -849.5850830078125
        ]
    ],
    "pose3d1": [],
    "pose3d2": []
}