{
    "boxes": [
        [
            354.389892578125,
            34.01375961303711
        ]
    ],
    "skeleton": "coco_19",
    "joints": [
        "neck",
        "nose",
        "pelv",
        "lsho",
        "lelb",
        "lwri",
        "lhip",
        "lkne",
        "lank",
        "rsho",
        "relb",
        "rwri",
        "rhip",
        "rkne",
        "rank",
        "leye",
        "lear",
        "reye",
        "rear"
    ],
    "pose3d": [
        [
            "neck",
            6.795088291168213,
            3323.74462890625,
            502.12811279296875
        ],
        [
            "nose",
            53.712371826171875,
            3183.432861328125,
            690.0558471679688
        ],
        [
            "pelv",
            6.872776031494141,
            3301.1328125,
            46.86811065673828
        ],
        [
            "lsho",
            152.0251007080078,
            3378.830078125,
            499.0341796875
        ],
        [
            "lelb",
            333.4770812988281,
            3381.448486328125,
            295.8297424316406
        ],
        [
            "lwri",
            491.49029541015625,
            3253.241943359375,
            156.23300170898438
        ],
        [
            "lhip",
            110.44441223144531,
            3337.90673828125,
            47.769920349121094
        ],
        [
            "lkne",
            141.40542602539062,
            3309.82666015625,
            -359.3838195800781
        ],
        [
            "lank",
            174.39620971679688,
            3339.521484375,
            -774.3543090820312
        ],
        [
            "rsho",
            -140.65196228027344,
            3272.947998046875,
            502.6932067871094
        ],
        [
            "relb",
            -308.98541259765625,
            3199.546630859375,
            301.9716491699219
        ],
        [
            "rwri",
            -354.2853088378906,
            2993.434326171875,
            175.20156860351562
        ],
        [
            "rhip",
            -93.25032806396484,
            3271.49365234375,
            51.03504943847656
        ],
        [
            "rkne",
            -107.1144790649414,
            3206.5146484375,
            -355.6186828613281
        ],
        [
            "rank",
            -161.42539978027344,
            3187.700439453125,
            -772.39111328125
        ],
        [
            "leye",
            75.33439636230469,
            3215.42822265625,
            720.4210205078125
        ],
        [
            "lear",
            84.54316711425781,
            3310.350341796875,
            699.3342895507812
        ],
        [
            "reye",
            19.01776885986328,
            3193.70458984375,
            721.4146728515625
        ],
        [
            "rear",
            -47.571598052978516,
            3255.49609375,
            701.9097900390625
        ]
    ],
    "pose3d1": [],
    "pose3d2": []
}