{
    "boxes": [
        [
            350.6114501953125,
            42.78902053833008
        ]
    ],
    "skeleton": "coco_19",
    "joints": [
        "neck",
        "nose",
        "pelv",
        "lsho",
        "lelb",
        "lwri",
        "lhip",
        "lkne",
        "lank",
        "rsho",
        "relb",
        "rwri",
        "rhip",
        "rkne",
        "rank",
        "leye",
        "lear",
        "reye",
        "rear"
    ],
    "pose3d": [
        [
            "neck",
            -18.12879180908203,
            3548.335205078125,
            555.7465209960938
        ],
        [
            "nose",
            -160.67117309570312,
            3566.748779296875,
            741.5277099609375
        ],
        [
            "pelv",
            -31.757568359375,
            3536.58154296875,
            49.807411193847656
        ],
        [
            "lsho",
            -46.807838439941406,
            3383.86865234375,
            552.910888671875
        ],
        [
            "lelb",
            -118.27284240722656,
            3209.4599609375,
            321.93487548828125
        ],
        [
            "lwri",
            -299.97998046875,
            3106.79833984375,
            180.62030029296875
        ],
        [
            "lhip",
            -57.770973205566406,
            3433.97314453125,
            52.64906692504883
        ],
        [
            "lkne",
            -72.20217895507812,
            3402.223388671875,
            -389.8765563964844
        ],
        [
            "lank",
            -61.5332145690918,
            3348.846923828125,
            -832.1427612304688
        ],
        [
            "rsho",
            8.726753234863281,
            3712.499267578125,
            557.1497802734375
        ],
        [
            "relb",
            10.476456642150879,
            3871.97802734375,
            315.4815979003906
        ],
        [
            "rwri",
            -104.222900390625,
            4004.095703125,
            154.20729064941406
        ],
        [
            "rhip",
            -8.041577339172363,
            3643.16650390625,
            51.37623977661133
        ],
        [
            "rkne",
            -3.0235466957092285,
            3648.239501953125,
            -390.7218933105469
        ],
        [
            "rank",
            13.952011108398438,
            3673.930419921875,
            -824.1397705078125
        ],
        [
            "leye",
            -144.90467834472656,
            3529.67431640625,
            769.3787231445312
        ],
        [
            "lear",
            -72.68464660644531,
            3473.018310546875,
            742.284423828125
        ],
        [
            "reye",
            -133.99484252929688,
            3595.674560546875,
            772.588134765625
        ],
        [
            "rear",
            -42.06696319580078,
            3627.283935546875,
            748.5281372070312
        ]
    ],
    "pose3d1": [],
    "pose3d2": []
}