{
    "boxes": [
        [
            347.55120849609375,
            41.31605911254883
        ]
    ],
    "skeleton": "coco_19",
    "joints": [
        "neck",
        "nose",
        "pelv",
        "lsho",
        "lelb",
        "lwri",
        "lhip",
        "lkne",
        "lank",
        "rsho",
        "relb",
        "rwri",
        "rhip",
        "rkne",
        "rank",
        "leye",
        "lear",
        "reye",
        "rear"
    ],
    "pose3d": [
        [
            "neck",
            -19.94269371032715,
            3355.34716796875,
            519.9625854492188
        ],
        [
            "nose",
            -142.39935302734375,
            3298.02587890625,
            702.6856079101562
        ],
        [
            "pelv",
            -29.6331729888916,
            3338.578857421875,
            54.41699981689453
        ],
        [
            "lsho",
            51.343040466308594,
            3217.69189453125,
            518.5394897460938
        ],
        [
            "lelb",
            125.43293762207031,
            3064.335205078125,
            315.58880615234375
        ],
        [
            "lwri",
            52.533935546875,
            2873.970703125,
            172.5008544921875
        ],
        [
            "lhip",
            19.52325439453125,
            3246.51171875,
            58.96440505981445
        ],
        [
            "lkne",
            28.183849334716797,
            3221.434326171875,
            -372.59136962890625
        ],
        [
            "lank",
            68.77037811279297,
            3178.61865234375,
            -797.693603515625
        ],
        [
            "rsho",
            -86.78836822509766,
            3496.059814453125,
            520.5264892578125
        ],
        [
            "relb",
            -207.1893310546875,
            3614.96826171875,
            305.57452392578125
        ],
        [
            "rwri",
            -399.4186096191406,
            3694.83349609375,
            164.8393096923828
        ],
        [
            "rhip",
            -84.58447265625,
            3431.110107421875,
            55.98541259765625
        ],
        [
            "rkne",
            -108.97334289550781,
            3425.44189453125,
            -364.07904052734375
        ],
        [
            "rank",
            -112.635498046875,
            3446.705810546875,
            -781.1975708007812
        ],
        [
            "leye",
            -111.95072937011719,
            3277.332763671875,
            732.0753173828125
        ],
        [
            "lear",
            -20.362751007080078,
            3268.75244140625,
            707.0090942382812
        ],
        [
            "reye",
            -135.70169067382812,
            3337.06884765625,
            732.8843994140625
        ],
        [
            "rear",
            -73.17884826660156,
            3408.111328125,
            709.9082641601562
        ]
    ],
    "pose3d1": [],
    "pose3d2": []
}