{
    "boxes": [
        [
            400.4056091308594,
            38.54252243041992
        ]
    ],
    "skeleton": "coco_19",
    "joints": [
        "neck",
        "nose",
        "pelv",
        "lsho",
        "lelb",
        "lwri",
        "lhip",
        "lkne",
        "lank",
        "rsho",
        "relb",
        "rwri",
        "rhip",
        "rkne",
        "rank",
        "leye",
        "lear",
        "reye",
        "rear"
    ],
    "pose3d": [
        [
            "neck",
            14.847639083862305,
            3322.63818359375,
            506.4478454589844
        ],
        [
            "nose",
            104.05374908447266,
            3211.6259765625,
            687.7667846679688
        ],
        [
            "pelv",
            18.016843795776367,
            3300.67724609375,
            45.45659637451172
        ],
        [
            "lsho",
            125.83980560302734,
            3429.481201171875,
            503.33349609375
        ],
        [
            "lelb",
            284.350341796875,
            3498.63525390625,
            295.75494384765625
        ],
        [
            "lwri",
            477.27716064453125,
            3491.944091796875,
            155.03651428222656
        ],
        [
            "lhip",
            100.65628051757812,
            3372.61328125,
            45.357696533203125
        ],
        [
            "lkne",
            128.19448852539062,
            3363.827392578125,
            -368.50677490234375
        ],
        [
            "lank",
            149.7981414794922,
            3392.10546875,
            -776.2386474609375
        ],
        [
            "rsho",
            -100.53067016601562,
            3220.120849609375,
            506.72247314453125
        ],
        [
            "relb",
            -227.33328247070312,
            3093.58056640625,
            311.3117980957031
        ],
        [
            "rwri",
            -213.4464874267578,
            2897.6845703125,
            175.32583618164062
        ],
        [
            "rhip",
            -58.25850296020508,
            3234.91064453125,
            51.04663848876953
        ],
        [
            "rkne",
            -70.82896423339844,
            3193.19677734375,
            -366.12548828125
        ],
        [
            "rank",
            -121.27787780761719,
            3154.64990234375,
            -780.337890625
        ],
        [
            "leye",
            113.73811340332031,
            3248.817138671875,
            718.92724609375
        ],
        [
            "lear",
            88.5753173828125,
            3339.189453125,
            699.3717041015625
        ],
        [
            "reye",
            68.48002624511719,
            3206.844482421875,
            717.3248901367188
        ],
        [
            "rear",
            -13.557332992553711,
            3238.73974609375,
            695.7344970703125
        ]
    ],
    "pose3d1": [],
    "pose3d2": []
}