{
    "boxes": [
        [
            336.4508056640625,
            32.958702087402344
        ]
    ],
    "skeleton": "coco_19",
    "joints": [
        "neck",
        "nose",
        "pelv",
        "lsho",
        "lelb",
        "lwri",
        "lhip",
        "lkne",
        "lank",
        "rsho",
        "relb",
        "rwri",
        "rhip",
        "rkne",
        "rank",
        "leye",
        "lear",
        "reye",
        "rear"
    ],
    "pose3d": [
        [
            "neck",
            -3.5733275413513184,
            3389.65380859375,
            511.13720703125
        ],
        [
            "nose",
            -10.915518760681152,
            3525.001953125,
            698.8489379882812
        ],
        [
            "pelv",
            -4.705122470855713,
            3350.11279296875,
            62.4865837097168
        ],
        [
            "lsho",
            -154.91134643554688,
            3371.934814453125,
            510.2088317871094
        ],
        [
            "lelb",
            -349.5027770996094,
            3399.2265625,
            311.70721435546875
        ],
        [
            "lwri",
            -491.2021484375,
            3547.489013671875,
            166.08206176757812
        ],
        [
            "lhip",
            -113.3773193359375,
            3341.973388671875,
            66.38867950439453
        ],
        [
            "lkne",
            -139.31204223632812,
            3260.39306640625,
            -355.34442138671875
        ],
        [
            "lank",
            -177.86952209472656,
            3205.1171875,
            -760.68310546875
        ],
        [
            "rsho",
            149.41958618164062,
            3409.842529296875,
            510.792236328125
        ],
        [
            "relb",
            334.4472351074219,
            3462.5703125,
            312.1600036621094
        ],
        [
            "rwri",
            437.53973388671875,
            3632.37548828125,
            170.21560668945312
        ],
        [
            "rhip",
            103.7759017944336,
            3367.66357421875,
            63.669151306152344
        ],
        [
            "rkne",
            126.17537689208984,
            3302.186767578125,
            -359.04180908203125
        ],
        [
            "rank",
            171.26895141601562,
            3264.703369140625,
            -765.1536254882812
        ],
        [
            "leye",
            -39.44952392578125,
            3501.686767578125,
            729.1969604492188
        ],
        [
            "lear",
            -76.63450622558594,
            3417.221923828125,
            707.1165771484375
        ],
        [
            "reye",
            19.260986328125,
            3505.40576171875,
            727.5973510742188
        ],
        [
            "rear",
            62.820899963378906,
            3427.378173828125,
            703.9278564453125
        ]
    ],
    "pose3d1": [],
    "pose3d2": []
}