{
    "boxes": [
        [
            383.56561279296875,
            41.84886169433594
        ]
    ],
    "skeleton": "coco_19",
    "joints": [
        "neck",
        "nose",
        "pelv",
        "lsho",
        "lelb",
        "lwri",
        "lhip",
        "lkne",
        "lank",
        "rsho",
        "relb",
        "rwri",
        "rhip",
        "rkne",
        "rank",
        "leye",
        "lear",
        "reye",
        "rear"
    ],
    "pose3d": [
        [
            "neck",
            6.043304443359375,
            3453.3359375,
            521.26318359375
        ],
        [
            "nose",
            42.665550231933594,
            3592.61865234375,
            705.5841674804688
        ],
        [
            "pelv",
            6.676246643066406,
            3398.166748046875,
            56.6512336730957
        ],
        [
            "lsho",
            -138.61593627929688,
            3518.206298828125,
            518.547607421875
        ],
        [
            "lelb",
            -305.11920166015625,
            3615.470703125,
            312.72052001953125
        ],
        [
            "lwri",
            -349.3292541503906,
            3812.28955078125,
            173.19784545898438
        ],
        [
            "lhip",
            -94.45484924316406,
            3438.583984375,
            55.483924865722656
        ],
        [
            "lkne",
            -110.48591613769531,
            3382.306640625,
            -364.3258056640625
        ],
        [
            "lank",
            -154.56150817871094,
            3339.142578125,
            -774.4500122070312
        ],
        [
            "rsho",
            148.5247039794922,
            3392.3125,
            521.2023315429688
        ],
        [
            "relb",
            338.9494323730469,
            3352.086669921875,
            315.6955261230469
        ],
        [
            "rwri",
            521.1777954101562,
            3460.20068359375,
            167.6093292236328
        ],
        [
            "rhip",
            109.25125885009766,
            3365.55322265625,
            61.44181442260742
        ],
        [
            "rkne",
            137.73788452148438,
            3289.880126953125,
            -362.46807861328125
        ],
        [
            "rank",
            170.7292938232422,
            3215.14794921875,
            -773.8319702148438
        ],
        [
            "leye",
            8.564577102661133,
            3582.689453125,
            736.431640625
        ],
        [
            "lear",
            -51.048255920410156,
            3515.345703125,
            717.661376953125
        ],
        [
            "reye",
            68.6548080444336,
            3563.85986328125,
            737.2772216796875
        ],
        [
            "rear",
            92.11031341552734,
            3470.89990234375,
            720.7481689453125
        ]
    ],
    "pose3d1": [],
    "pose3d2": []
}