{
    "boxes": [
        [
            442.402587890625,
            37.04202651977539
        ]
    ],
    "skeleton": "coco_19",
    "joints": [
        "neck",
        "nose",
        "pelv",
        "lsho",
        "lelb",
        "lwri",
        "lhip",
        "lkne",
        "lank",
        "rsho",
        "relb",
        "rwri",
        "rhip",
        "rkne",
        "rank",
        "leye",
        "lear",
        "reye",
        "rear"
    ],
    "pose3d": [
        [
            "neck",
            19.56116485595703,
            3389.83935546875,
            532.7628784179688
        ],
        [
            "nose",
            150.7250213623047,
            3366.51025390625,
            711.6184692382812
        ],
        [
            "pelv",
            25.83146095275879,
            3363.83837890625,
            60.004608154296875
        ],
        [
            "lsho",
            55.85999298095703,
            3536.57421875,
            529.4237670898438
        ],
        [
            "lelb",
            137.29249572753906,
            3654.44873046875,
            304.54473876953125
        ],
        [
            "lwri",
            322.64984130859375,
            3741.819580078125,
            162.70069885253906
        ],
        [
            "lhip",
            57.96855926513672,
            3461.88330078125,
            62.0467414855957
        ],
        [
            "lkne",
            82.4127426147461,
            3458.38330078125,
            -366.51806640625
        ],
        [
            "lank",
            70.64818572998047,
            3473.98828125,
            -788.3597412109375
        ],
        [
            "rsho",
            -20.684635162353516,
            3243.210205078125,
            536.1060791015625
        ],
        [
            "relb",
            -60.085060119628906,
            3086.74609375,
            314.2336730957031
        ],
        [
            "rwri",
            49.10630798339844,
            2914.969970703125,
            172.74319458007812
        ],
        [
            "rhip",
            -4.035584449768066,
            3265.76708984375,
            65.31788635253906
        ],
        [
            "rkne",
            -6.697377681732178,
            3255.89208984375,
            -376.91668701171875
        ],
        [
            "rank",
            -36.16228485107422,
            3219.728271484375,
            -803.0716552734375
        ],
        [
            "leye",
            134.35874938964844,
            3401.24462890625,
            740.4619750976562
        ],
        [
            "lear",
            60.651344299316406,
            3455.362548828125,
            715.9547729492188
        ],
        [
            "reye",
            128.01622009277344,
            3336.77490234375,
            738.0866088867188
        ],
        [
            "rear",
            45.343536376953125,
            3308.10791015625,
            710.44775390625
        ]
    ],
    "pose3d1": [],
    "pose3d2": []
}