{
    "boxes": [
        [
            373.7418518066406,
            36.370994567871094
        ]
    ],
    "skeleton": "coco_19",
    "joints": [
        "neck",
        "nose",
        "pelv",
        "lsho",
        "lelb",
        "lwri",
        "lhip",
        "lkne",
        "lank",
        "rsho",
        "relb",
        "rwri",
        "rhip",
        "rkne",
        "rank",
        "leye",
        "lear",
        "reye",
        "rear"
    ],
    "pose3d": [
        [
            "neck",
            12.576016426086426,
            3329.5078125,
            504.5999450683594
        ],
        [
            "nose",
            76.05924224853516,
            3197.405517578125,
            687.927978515625
        ],
        [
            "pelv",
            12.86352825164795,
            3306.078125,
            45.97132110595703
        ],
        [
            "lsho",
            142.6842803955078,
            3412.95947265625,
            501.42474365234375
        ],
        [
            "lelb",
            313.6751403808594,
            3456.487548828125,
            297.16290283203125
        ],
        [
            "lwri",
            497.83544921875,
            3397.546142578125,
            156.36630249023438
        ],
        [
            "lhip",
            106.81483459472656,
            3361.81396484375,
            46.41400146484375
        ],
        [
            "lkne",
            137.63803100585938,
            3345.85791015625,
            -362.44891357421875
        ],
        [
            "lank",
            166.4077911376953,
            3375.160888671875,
            -775.46875
        ],
        [
            "rsho",
            -121.3685531616211,
            3251.489013671875,
            505.21466064453125
        ],
        [
            "relb",
            -275.22528076171875,
            3154.484375,
            305.878662109375
        ],
        [
            "rwri",
            -290.15576171875,
            2951.24365234375,
            175.52536010742188
        ],
        [
            "rhip",
            -76.69693756103516,
            3257.170166015625,
            50.7095947265625
        ],
        [
            "rkne",
            -91.00640869140625,
            3207.29296875,
            -361.80535888671875
        ],
        [
            "rank",
            -144.07034301757812,
            3180.500732421875,
            -778.0992431640625
        ],
        [
            "leye",
            94.18218994140625,
            3231.68994140625,
            718.5668334960938
        ],
        [
            "lear",
            91.83438873291016,
            3327.468017578125,
            698.6822509765625
        ],
        [
            "reye",
            39.983333587646484,
            3202.95458984375,
            718.5526733398438
        ],
        [
            "rear",
            -32.438148498535156,
            3254.94970703125,
            697.9716186523438
        ]
    ],
    "pose3d1": [],
    "pose3d2": []
}