{
    "boxes": [
        [
            352.79937744140625,
            40.2788200378418
        ]
    ],
    "skeleton": "coco_19",
    "joints": [
        "neck",
        "nose",
        "pelv",
        "lsho",
        "lelb",
        "lwri",
        "lhip",
        "lkne",
        "lank",
        "rsho",
        "relb",
        "rwri",
        "rhip",
        "rkne",
        "rank",
        "leye",
        "lear",
        "reye",
        "rear"
    ],
    "pose3d": [
        [
            "neck",
            -0.26753300428390503,
            3396.87939453125,
            512.5863037109375
        ],
        [
            "nose",
            -1.1145347356796265,
            3532.58740234375,
            700.1812744140625
        ],
        [
            "pelv",
            -0.5857421159744263,
            3351.459716796875,
            61.09342575073242
        ],
        [
            "lsho",
            -154.35516357421875,
            3404.708251953125,
            512.6442260742188
        ],
        [
            "lelb",
            -342.86669921875,
            3450.73828125,
            312.1623840332031
        ],
        [
            "lwri",
            -455.85693359375,
            3617.348876953125,
            168.9236602783203
        ],
        [
            "lhip",
            -109.34700012207031,
            3358.755859375,
            63.307830810546875
        ],
        [
            "lkne",
            -130.1036376953125,
            3274.67919921875,
            -354.3915710449219
        ],
        [
            "lank",
            -172.91958618164062,
            3215.571044921875,
            -757.5125122070312
        ],
        [
            "rsho",
            152.66104125976562,
            3392.631591796875,
            512.1420288085938
        ],
        [
            "relb",
            345.74896240234375,
            3422.69970703125,
            314.2922058105469
        ],
        [
            "rwri",
            480.05902099609375,
            3572.926513671875,
            169.03465270996094
        ],
        [
            "rhip",
            108.21527099609375,
            3354.481201171875,
            64.67991638183594
        ],
        [
            "rkne",
            135.10154724121094,
            3283.53759765625,
            -358.1370544433594
        ],
        [
            "rank",
            175.63189697265625,
            3238.330810546875,
            -763.55908203125
        ],
        [
            "leye",
            -30.373987197875977,
            3510.284423828125,
            729.2014770507812
        ],
        [
            "lear",
            -70.7803955078125,
            3429.598876953125,
            707.3299560546875
        ],
        [
            "reye",
            29.332794189453125,
            3511.438720703125,
            729.1973876953125
        ],
        [
            "rear",
            72.1163330078125,
            3430.065185546875,
            706.17822265625
        ]
    ],
    "pose3d1": [],
    "pose3d2": []
}