{
    "boxes": [
        [
            312.88299560546875,
            36.45747756958008
        ]
    ],
    "skeleton": "coco_19",
    "joints": [
        "neck",
        "nose",
        "pelv",
        "lsho",
        "lelb",
        "lwri",
        "lhip",
        "lkne",
        "lank",
        "rsho",
        "relb",
        "rwri",
        "rhip",
        "rkne",
        "rank",
        "leye",
        "lear",
        "reye",
        "rear"
    ],
    "pose3d": [
        [
            "neck",
            -12.648015975952148,
            3462.389404296875,
            526.3862915039062
        ],
        [
            "nose",
            -89.3558120727539,
            3571.7578125,
            717.1779174804688
        ],
        [
            "pelv",
            -12.989686965942383,
            3423.27880859375,
            57.532188415527344
        ],
        [
            "lsho",
            -131.91061401367188,
            3361.824951171875,
            527.06640625
        ],
        [
            "lelb",
            -316.45465087890625,
            3290.04736328125,
            314.99481201171875
        ],
        [
            "lwri",
            -517.3372802734375,
            3363.74609375,
            167.8677978515625
        ],
        [
            "lhip",
            -100.19708251953125,
            3362.52490234375,
            62.94274139404297
        ],
        [
            "lkne",
            -133.72518920898438,
            3301.58349609375,
            -367.43316650390625
        ],
        [
            "lank",
            -157.31768798828125,
            3231.036376953125,
            -788.3359375
        ],
        [
            "rsho",
            111.13645935058594,
            3564.891357421875,
            521.8412475585938
        ],
        [
            "relb",
            254.31356811523438,
            3693.496826171875,
            311.7388000488281
        ],
        [
            "rwri",
            251.45413208007812,
            3885.0078125,
            172.2451934814453
        ],
        [
            "rhip",
            75.50911712646484,
            3490.053955078125,
            54.87296676635742
        ],
        [
            "rkne",
            85.48252868652344,
            3457.53271484375,
            -370.7713928222656
        ],
        [
            "rank",
            128.2989959716797,
            3430.75,
            -784.4359130859375
        ],
        [
            "leye",
            -105.07342529296875,
            3533.83349609375,
            745.3111572265625
        ],
        [
            "lear",
            -96.25982666015625,
            3442.95556640625,
            721.3168334960938
        ],
        [
            "reye",
            -51.417510986328125,
            3573.69775390625,
            744.818115234375
        ],
        [
            "rear",
            27.13921546936035,
            3533.375,
            719.5806884765625
        ]
    ],
    "pose3d1": [],
    "pose3d2": []
}