{
    "boxes": [
        [
            369.2159729003906,
            41.284629821777344
        ]
    ],
    "skeleton": "coco_19",
    "joints": [
        "neck",
        "nose",
        "pelv",
        "lsho",
        "lelb",
        "lwri",
        "lhip",
        "lkne",
        "lank",
        "rsho",
        "relb",
        "rwri",
        "rhip",
        "rkne",
        "rank",
        "leye",
        "lear",
        "reye",
        "rear"
    ],
    "pose3d": [
        [
            "neck",
            2.8072893619537354,
            3413.587890625,
            515.2394409179688
        ],
        [
            "nose",
            14.780932426452637,
            3554.346435546875,
            699.4910278320312
        ],
        [
            "pelv",
            2.2260985374450684,
            3359.080078125,
            60.700599670410156
        ],
        [
            "lsho",
            -148.43783569335938,
            3448.673828125,
            514.6353149414062
        ],
        [
            "lelb",
            -328.0511474609375,
            3515.546875,
            312.89068603515625
        ],
        [
            "lwri",
            -405.8056335449219,
            3697.10205078125,
            171.599609375
        ],
        [
            "lhip",
            -103.64178466796875,
            3381.680419921875,
            61.34056854248047
        ],
        [
            "lkne",
            -120.43238830566406,
            3306.14453125,
            -357.63726806640625
        ],
        [
            "lank",
            -166.54763793945312,
            3244.66162109375,
            -759.9453735351562
        ],
        [
            "rsho",
            153.1414794921875,
            3381.81396484375,
            514.9796142578125
        ],
        [
            "relb",
            345.4236755371094,
            3370.99365234375,
            316.8734436035156
        ],
        [
            "rwri",
            505.30340576171875,
            3496.89501953125,
            165.95706176757812
        ],
        [
            "rhip",
            109.6876449584961,
            3345.83154296875,
            65.11268615722656
        ],
        [
            "rkne",
            137.31948852539062,
            3273.067138671875,
            -359.34173583984375
        ],
        [
            "rank",
            176.00279235839844,
            3212.7666015625,
            -765.4139404296875
        ],
        [
            "leye",
            -16.316120147705078,
            3536.997314453125,
            729.2115478515625
        ],
        [
            "lear",
            -62.79450607299805,
            3460.89697265625,
            709.4566650390625
        ],
        [
            "reye",
            44.61505889892578,
            3530.74072265625,
            730.3892211914062
        ],
        [
            "rear",
            82.63707733154297,
            3444.47265625,
            712.1549072265625
        ]
    ],
    "pose3d1": [],
    "pose3d2": []
}