{
    "boxes": [
        [
            315.6368103027344,
            37.421688079833984
        ]
    ],
    "skeleton": "coco_19",
    "joints": [
        "neck",
        "nose",
        "pelv",
        "lsho",
        "lelb",
        "lwri",
        "lhip",
        "lkne",
        "lank",
        "rsho",
        "relb",
        "rwri",
        "rhip",
        "rkne",
        "rank",
        "leye",
        "lear",
        "reye",
        "rear"
    ],
    "pose3d": [
        [
            "neck",
            -9.480859756469727,
            3431.33154296875,
            518.93310546875
        ],
        [
            "nose",
            -52.55778884887695,
            3562.46484375,
            707.8161010742188
        ],
        [
            "pelv",
            -10.306539535522461,
            3386.36083984375,
            61.14540481567383
        ],
        [
            "lsho",
            -145.29171752929688,
            3358.428955078125,
            519.5209350585938
        ],
        [
            "lelb",
            -338.5701599121094,
            3320.59130859375,
            311.22369384765625
        ],
        [
            "lwri",
            -526.06884765625,
            3424.71728515625,
            164.9681854248047
        ],
        [
            "lhip",
            -107.0955581665039,
            3343.60791015625,
            66.41583251953125
        ],
        [
            "lkne",
            -139.25856018066406,
            3272.932373046875,
            -360.564208984375
        ],
        [
            "lank",
            -168.79879760742188,
            3201.267333984375,
            -773.83544921875
        ],
        [
            "rsho",
            130.9613494873047,
            3505.90234375,
            515.0670776367188
        ],
        [
            "relb",
            292.11578369140625,
            3613.42919921875,
            309.53790283203125
        ],
        [
            "rwri",
            324.66021728515625,
            3808.67724609375,
            174.23313903808594
        ],
        [
            "rhip",
            86.82643127441406,
            3436.365966796875,
            59.65376663208008
        ],
        [
            "rkne",
            102.29924774169922,
            3394.8359375,
            -365.1566467285156
        ],
        [
            "rank",
            147.186767578125,
            3364.33251953125,
            -773.0703125
        ],
        [
            "leye",
            -77.83927917480469,
            3530.93701171875,
            737.4093627929688
        ],
        [
            "lear",
            -94.86747741699219,
            3437.749267578125,
            716.6783447265625
        ],
        [
            "reye",
            -17.918903350830078,
            3553.667236328125,
            735.1102294921875
        ],
        [
            "rear",
            44.85502243041992,
            3491.75244140625,
            713.6556396484375
        ]
    ],
    "pose3d1": [],
    "pose3d2": []
}