{
    "boxes": [
        [
            333.04046630859375,
            36.70903778076172
        ]
    ],
    "skeleton": "coco_19",
    "joints": [
        "neck",
        "nose",
        "pelv",
        "lsho",
        "lelb",
        "lwri",
        "lhip",
        "lkne",
        "lank",
        "rsho",
        "relb",
        "rwri",
        "rhip",
        "rkne",
        "rank",
        "leye",
        "lear",
        "reye",
        "rear"
    ],
    "pose3d": [
        [
            "neck",
            1.8076289892196655,
            3309.34912109375,
            498.76214599609375
        ],
        [
            "nose",
            29.107585906982422,
            3160.64013671875,
            686.4772338867188
        ],
        [
            "pelv",
            1.0273984670639038,
            3301.901611328125,
            43.05677032470703
        ],
        [
            "lsho",
            154.93649291992188,
            3338.641845703125,
            498.2548828125
        ],
        [
            "lelb",
            339.39739990234375,
            3327.747314453125,
            297.0047607421875
        ],
        [
            "lwri",
            475.6681213378906,
            3174.205078125,
            159.3981475830078
        ],
        [
            "lhip",
            108.96209716796875,
            3322.257080078125,
            45.08402633666992
        ],
        [
            "lkne",
            138.3560791015625,
            3280.70849609375,
            -357.55194091796875
        ],
        [
            "lank",
            179.68215942382812,
            3306.337158203125,
            -777.2369384765625
        ],
        [
            "rsho",
            -152.19509887695312,
            3283.412841796875,
            498.3407287597656
        ],
        [
            "relb",
            -329.89532470703125,
            3232.127685546875,
            299.3786926269531
        ],
        [
            "rwri",
            -407.43304443359375,
            3033.7939453125,
            170.3502197265625
        ],
        [
            "rhip",
            -104.638427734375,
            3288.72705078125,
            45.807090759277344
        ],
        [
            "rkne",
            -121.74053955078125,
            3217.35107421875,
            -353.1977844238281
        ],
        [
            "rank",
            -172.97116088867188,
            3217.009033203125,
            -769.6839599609375
        ],
        [
            "leye",
            54.519920349121094,
            3189.130859375,
            716.8236083984375
        ],
        [
            "lear",
            77.27482604980469,
            3281.04052734375,
            696.125244140625
        ],
        [
            "reye",
            -3.594794750213623,
            3176.08154296875,
            717.4050903320312
        ],
        [
            "rear",
            -60.105003356933594,
            3248.453857421875,
            698.1748046875
        ]
    ],
    "pose3d1": [],
    "pose3d2": []
}