{
    "boxes": [
        [
            323.86376953125,
            35.447139739990234
        ]
    ],
    "skeleton": "coco_19",
    "joints": [
        "neck",
        "nose",
        "pelv",
        "lsho",
        "lelb",
        "lwri",
        "lhip",
        "lkne",
        "lank",
        "rsho",
        "relb",
        "rwri",
        "rhip",
        "rkne",
        "rank",
        "leye",
        "lear",
        "reye",
        "rear"
    ],
    "pose3d": [
        [
            "neck",
            -7.573060512542725,
            3433.17333984375,
            518.9913330078125
        ],
        [
            "nose",
            -26.19325828552246,
            3567.927734375,
            709.5743408203125
        ],
        [
            "pelv",
            -5.923276901245117,
            3389.95703125,
            64.05790710449219
        ],
        [
            "lsho",
            -154.5786895751953,
            3386.44140625,
            518.16162109375
        ],
        [
            "lelb",
            -351.6601867675781,
            3380.9375,
            312.65765380859375
        ],
        [
            "lwri",
            -518.9493408203125,
            3510.624267578125,
            167.09854125976562
        ],
        [
            "lhip",
            -111.74031829833984,
            3363.14404296875,
            68.13040161132812
        ],
        [
            "lkne",
            -140.4729461669922,
            3283.28369140625,
            -360.18438720703125
        ],
        [
            "lank",
            -177.31155395507812,
            3218.71875,
            -772.2130737304688
        ],
        [
            "rsho",
            143.43630981445312,
            3482.36279296875,
            517.1777954101562
        ],
        [
            "relb",
            321.8572082519531,
            3567.276123046875,
            313.30950927734375
        ],
        [
            "rwri",
            388.4396057128906,
            3754.4765625,
            174.18972778320312
        ],
        [
            "rhip",
            98.55192565917969,
            3424.54638671875,
            64.21157836914062
        ],
        [
            "rkne",
            117.2701416015625,
            3370.77001953125,
            -363.7301330566406
        ],
        [
            "rank",
            163.20733642578125,
            3337.08740234375,
            -774.3471069335938
        ],
        [
            "leye",
            -54.15226364135742,
            3541.39404296875,
            739.7477416992188
        ],
        [
            "lear",
            -86.67469787597656,
            3452.119873046875,
            717.7678833007812
        ],
        [
            "reye",
            6.292407035827637,
            3551.42529296875,
            736.47412109375
        ],
        [
            "rear",
            56.40477752685547,
            3478.60009765625,
            713.7172241210938
        ]
    ],
    "pose3d1": [],
    "pose3d2": []
}