{
    "boxes": [
        [
            439.72564697265625,
            39.10710144042969
        ]
    ],
    "skeleton": "coco_19",
    "joints": [
        "neck",
        "nose",
        "pelv",
        "lsho",
        "lelb",
        "lwri",
        "lhip",
        "lkne",
        "lank",
        "rsho",
        "relb",
        "rwri",
        "rhip",
        "rkne",
        "rank",
        "leye",
        "lear",
        "reye",
        "rear"
    ],
    "pose3d": [
        [
            "neck",
            11.734403610229492,
            3482.509033203125,
            539.0440673828125
        ],
        [
            "nose",
            142.65492248535156,
            3527.70361328125,
            721.6347045898438
        ],
        [
            "pelv",
            19.07844352722168,
            3447.032470703125,
            55.80992889404297
        ],
        [
            "lsho",
            -50.25383758544922,
            3632.8984375,
            533.98095703125
        ],
        [
            "lelb",
            -107.4483871459961,
            3752.242919921875,
            285.0296936035156
        ],
        [
            "lwri",
            30.434188842773438,
            3827.755859375,
            96.35844421386719
        ],
        [
            "lhip",
            -31.498937606811523,
            3544.458251953125,
            55.6335563659668
        ],
        [
            "lkne",
            -28.438434600830078,
            3533.41259765625,
            -380.8726501464844
        ],
        [
            "lank",
            -59.7174186706543,
            3538.79833984375,
            -800.2711181640625
        ],
        [
            "rsho",
            73.13843536376953,
            3334.928955078125,
            541.9715576171875
        ],
        [
            "relb",
            187.97293090820312,
            3196.372802734375,
            317.5236511230469
        ],
        [
            "rwri",
            389.406494140625,
            3152.158203125,
            170.87673950195312
        ],
        [
            "rhip",
            68.79911804199219,
            3355.12060546875,
            61.548240661621094
        ],
        [
            "rkne",
            92.5070571899414,
            3305.632080078125,
            -373.61248779296875
        ],
        [
            "rank",
            93.54988098144531,
            3241.66748046875,
            -806.3760986328125
        ],
        [
            "leye",
            112.51324462890625,
            3549.912841796875,
            751.8238525390625
        ],
        [
            "lear",
            19.8354549407959,
            3566.56787109375,
            728.3792724609375
        ],
        [
            "reye",
            135.02745056152344,
            3488.108642578125,
            748.9772338867188
        ],
        [
            "rear",
            76.65483093261719,
            3425.253173828125,
            724.3013916015625
        ]
    ],
    "pose3d1": [],
    "pose3d2": []
}