{
    "boxes": [
        [
            401.8001708984375,
            40.239505767822266
        ]
    ],
    "skeleton": "coco_19",
    "joints": [
        "neck",
        "nose",
        "pelv",
        "lsho",
        "lelb",
        "lwri",
        "lhip",
        "lkne",
        "lank",
        "rsho",
        "relb",
        "rwri",
        "rhip",
        "rkne",
        "rank",
        "leye",
        "lear",
        "reye",
        "rear"
    ],
    "pose3d": [
        [
            "neck",
            8.69019603729248,
            3412.68212890625,
            515.7986450195312
        ],
        [
            "nose",
            78.19822692871094,
            3532.530517578125,
            697.6095581054688
        ],
        [
            "pelv",
            11.040639877319336,
            3377.65234375,
            53.7197151184082
        ],
        [
            "lsho",
            -120.6202392578125,
            3502.93212890625,
            512.3648071289062
        ],
        [
            "lelb",
            -264.58319091796875,
            3618.13720703125,
            304.21942138671875
        ],
        [
            "lwri",
            -272.8782043457031,
            3814.76416015625,
            169.2247314453125
        ],
        [
            "lhip",
            -81.7139892578125,
            3434.89599609375,
            52.55527877807617
        ],
        [
            "lkne",
            -91.90821838378906,
            3389.770751953125,
            -365.5740661621094
        ],
        [
            "lank",
            -136.49661254882812,
            3365.579345703125,
            -771.5448608398438
        ],
        [
            "rsho",
            133.4698944091797,
            3325.164794921875,
            515.5823974609375
        ],
        [
            "relb",
            316.44708251953125,
            3262.900390625,
            308.3172607421875
        ],
        [
            "rwri",
            515.2572021484375,
            3328.04443359375,
            158.78070068359375
        ],
        [
            "rhip",
            104.39503479003906,
            3326.15185546875,
            58.0146484375
        ],
        [
            "rkne",
            130.83108520507812,
            3254.287353515625,
            -363.57012939453125
        ],
        [
            "rank",
            154.51358032226562,
            3176.537353515625,
            -771.7828369140625
        ],
        [
            "leye",
            40.95032501220703,
            3533.69775390625,
            727.7504272460938
        ],
        [
            "lear",
            -35.41338348388672,
            3485.780029296875,
            709.433837890625
        ],
        [
            "reye",
            95.73451232910156,
            3497.464111328125,
            728.9188842773438
        ],
        [
            "rear",
            91.6254653930664,
            3405.21484375,
            711.3817138671875
        ]
    ],
    "pose3d1": [],
    "pose3d2": []
}