{
    "boxes": [
        [
            315.9886169433594,
            35.328739166259766
        ]
    ],
    "skeleton": "coco_19",
    "joints": [
        "neck",
        "nose",
        "pelv",
        "lsho",
        "lelb",
        "lwri",
        "lhip",
        "lkne",
        "lank",
        "rsho",
        "relb",
        "rwri",
        "rhip",
        "rkne",
        "rank",
        "leye",
        "lear",
        "reye",
        "rear"
    ],
    "pose3d": [
        [
            "neck",
            -6.6685075759887695,
            3297.065185546875,
            495.5553283691406
        ],
        [
            "nose",
            -31.287349700927734,
            3146.653076171875,
            683.6275634765625
        ],
        [
            "pelv",
            -5.644950866699219,
            3285.389892578125,
            38.892539978027344
        ],
        [
            "lsho",
            148.4676971435547,
            3273.119384765625,
            495.33758544921875
        ],
        [
            "lelb",
            324.3077087402344,
            3220.81396484375,
            298.0955810546875
        ],
        [
            "lwri",
            405.99737548828125,
            3032.436279296875,
            168.90023803710938
        ],
        [
            "lhip",
            101.92683410644531,
            3274.49853515625,
            41.589088439941406
        ],
        [
            "lkne",
            119.26947021484375,
            3232.543212890625,
            -358.6382751464844
        ],
        [
            "lank",
            169.85159301757812,
            3239.313720703125,
            -773.2066040039062
        ],
        [
            "rsho",
            -158.55152893066406,
            3325.239013671875,
            494.2705078125
        ],
        [
            "relb",
            -343.5916442871094,
            3323.88818359375,
            297.4812927246094
        ],
        [
            "rwri",
            -474.6234436035156,
            3156.90966796875,
            163.65789794921875
        ],
        [
            "rhip",
            -114.17288970947266,
            3303.58642578125,
            39.94733428955078
        ],
        [
            "rkne",
            -138.43698120117188,
            3238.733154296875,
            -350.7064514160156
        ],
        [
            "rank",
            -179.4585418701172,
            3260.274169921875,
            -763.0023193359375
        ],
        [
            "leye",
            1.8075273036956787,
            3162.05615234375,
            714.4573364257812
        ],
        [
            "lear",
            58.01111602783203,
            3235.92529296875,
            695.8733520507812
        ],
        [
            "reye",
            -56.998077392578125,
            3175.58056640625,
            714.2305908203125
        ],
        [
            "rear",
            -78.693115234375,
            3267.919921875,
            695.0858764648438
        ]
    ],
    "pose3d1": [],
    "pose3d2": []
}