{
    "boxes": [
        [
            314.0436096191406,
            34.03911209106445
        ]
    ],
    "skeleton": "coco_19",
    "joints": [
        "neck",
        "nose",
        "pelv",
        "lsho",
        "lelb",
        "lwri",
        "lhip",
        "lkne",
        "lank",
        "rsho",
        "relb",
        "rwri",
        "rhip",
        "rkne",
        "rank",
        "leye",
        "lear",
        "reye",
        "rear"
    ],
    "pose3d": [
        [
            "neck",
            -15.017931938171387,
            3330.59912109375,
            503.62158203125
        ],
        [
            "nose",
            -76.53620910644531,
            3198.038818359375,
            688.249267578125
        ],
        [
            "pelv",
            -14.23045825958252,
            3318.73974609375,
            40.46903991699219
        ],
        [
            "lsho",
            122.3289794921875,
            3255.77685546875,
            502.88037109375
        ],
        [
            "lelb",
            275.53948974609375,
            3157.59716796875,
            301.7624816894531
        ],
        [
            "lwri",
            294.78411865234375,
            2957.56640625,
            174.98826599121094
        ],
        [
            "lhip",
            79.84716796875,
            3273.10888671875,
            43.35271072387695
        ],
        [
            "lkne",
            91.86541748046875,
            3230.967529296875,
            -362.0079040527344
        ],
        [
            "lank",
            144.33828735351562,
            3204.857421875,
            -779.5764770507812
        ],
        [
            "rsho",
            -147.71949768066406,
            3412.07958984375,
            500.03643798828125
        ],
        [
            "relb",
            -320.71722412109375,
            3443.330078125,
            298.25592041015625
        ],
        [
            "rwri",
            -490.58636474609375,
            3338.041015625,
            157.40106201171875
        ],
        [
            "rhip",
            -110.8389892578125,
            3370.108154296875,
            42.53083801269531
        ],
        [
            "rkne",
            -141.61888122558594,
            3353.887451171875,
            -364.39056396484375
        ],
        [
            "rank",
            -174.1996612548828,
            3389.507080078125,
            -781.3262329101562
        ],
        [
            "leye",
            -40.410797119140625,
            3203.474609375,
            718.81884765625
        ],
        [
            "lear",
            32.5972900390625,
            3256.81005859375,
            701.3673095703125
        ],
        [
            "reye",
            -95.76322174072266,
            3232.93359375,
            718.9144287109375
        ],
        [
            "rear",
            -92.89386749267578,
            3330.50537109375,
            701.5247192382812
        ]
    ],
    "pose3d1": [],
    "pose3d2": []
}