{
    "boxes": [
        [
            312.5644836425781,
            39.556785583496094
        ]
    ],
    "skeleton": "coco_19",
    "joints": [
        "neck",
        "nose",
        "pelv",
        "lsho",
        "lelb",
        "lwri",
        "lhip",
        "lkne",
        "lank",
        "rsho",
        "relb",
        "rwri",
        "rhip",
        "rkne",
        "rank",
        "leye",
        "lear",
        "reye",
        "rear"
    ],
    "pose3d": [
        [
            "neck",
            -14.391690254211426,
            3447.977294921875,
            528.27783203125
        ],
        [
            "nose",
            -112.89554595947266,
            3537.00048828125,
            715.3987426757812
        ],
        [
            "pelv",
            -16.672378540039062,
            3419.17431640625,
            55.91044235229492
        ],
        [
            "lsho",
            -114.71327209472656,
            3328.50537109375,
            529.7503662109375
        ],
        [
            "lelb",
            -277.4908142089844,
            3233.310546875,
            315.22900390625
        ],
        [
            "lwri",
            -482.13568115234375,
            3266.47900390625,
            169.1360626220703
        ],
        [
            "lhip",
            -92.353759765625,
            3342.9921875,
            62.368064880371094
        ],
        [
            "lkne",
            -121.8320541381836,
            3279.821533203125,
            -368.5975646972656
        ],
        [
            "lank",
            -138.12255859375,
            3212.453125,
            -790.7830810546875
        ],
        [
            "rsho",
            88.19058227539062,
            3570.727294921875,
            523.3704223632812
        ],
        [
            "relb",
            205.3341522216797,
            3706.030029296875,
            306.82049560546875
        ],
        [
            "rwri",
            163.54251098632812,
            3872.737060546875,
            152.39340209960938
        ],
        [
            "rhip",
            59.619140625,
            3500.45263671875,
            53.281585693359375
        ],
        [
            "rkne",
            66.65785217285156,
            3470.718017578125,
            -377.1501770019531
        ],
        [
            "rank",
            103.3169937133789,
            3459.696044921875,
            -786.9215087890625
        ],
        [
            "leye",
            -119.5041732788086,
            3497.267578125,
            745.8336181640625
        ],
        [
            "lear",
            -90.37879943847656,
            3412.88671875,
            722.8331298828125
        ],
        [
            "reye",
            -74.79766845703125,
            3547.337158203125,
            744.3402099609375
        ],
        [
            "rear",
            13.409879684448242,
            3525.768310546875,
            718.8229370117188
        ]
    ],
    "pose3d1": [],
    "pose3d2": []
}