{
    "boxes": [
        [
            369.74658203125,
            38.836299896240234
        ]
    ],
    "skeleton": "coco_19",
    "joints": [
        "neck",
        "nose",
        "pelv",
        "lsho",
        "lelb",
        "lwri",
        "lhip",
        "lkne",
        "lank",
        "rsho",
        "relb",
        "rwri",
        "rhip",
        "rkne",
        "rank",
        "leye",
        "lear",
        "reye",
        "rear"
    ],
    "pose3d": [
        [
            "neck",
            -17.792749404907227,
            3499.8125,
            553.59033203125
        ],
        [
            "nose",
            -162.6016082763672,
            3503.076904296875,
            732.9848022460938
        ],
        [
            "pelv",
            -33.17995834350586,
            3495.40966796875,
            53.919151306152344
        ],
        [
            "lsho",
            -22.625904083251953,
            3341.390625,
            550.8759765625
        ],
        [
            "lelb",
            -52.49169158935547,
            3160.85888671875,
            323.42376708984375
        ],
        [
            "lwri",
            -214.8361358642578,
            3027.57275390625,
            180.5131072998047
        ],
        [
            "lhip",
            -36.65931701660156,
            3390.591064453125,
            54.803138732910156
        ],
        [
            "lkne",
            -43.59392547607422,
            3386.93896484375,
            -381.01654052734375
        ],
        [
            "lank",
            -22.543886184692383,
            3353.65380859375,
            -828.2048950195312
        ],
        [
            "rsho",
            -11.264739990234375,
            3658.569580078125,
            557.15380859375
        ],
        [
            "relb",
            -20.883142471313477,
            3809.206298828125,
            325.3800354003906
        ],
        [
            "rwri",
            -163.36636352539062,
            3910.67333984375,
            170.15219116210938
        ],
        [
            "rhip",
            -31.825098037719727,
            3600.575439453125,
            57.274513244628906
        ],
        [
            "rkne",
            -48.74617385864258,
            3611.117919921875,
            -374.02093505859375
        ],
        [
            "rank",
            -24.448863983154297,
            3622.606201171875,
            -813.3338012695312
        ],
        [
            "leye",
            -143.0106201171875,
            3468.310546875,
            759.9400024414062
        ],
        [
            "lear",
            -65.31494903564453,
            3424.08251953125,
            733.6456909179688
        ],
        [
            "reye",
            -140.39967346191406,
            3533.92724609375,
            763.3657836914062
        ],
        [
            "rear",
            -54.849830627441406,
            3575.06689453125,
            741.0352783203125
        ]
    ],
    "pose3d1": [],
    "pose3d2": []
}