{
    "boxes": [
        [
            322.9742736816406,
            35.62306213378906
        ]
    ],
    "skeleton": "coco_19",
    "joints": [
        "neck",
        "nose",
        "pelv",
        "lsho",
        "lelb",
        "lwri",
        "lhip",
        "lkne",
        "lank",
        "rsho",
        "relb",
        "rwri",
        "rhip",
        "rkne",
        "rank",
        "leye",
        "lear",
        "reye",
        "rear"
    ],
    "pose3d": [
        [
            "neck",
            -17.23805046081543,
            3311.0390625,
            502.00933837890625
        ],
        [
            "nose",
            -100.06224060058594,
            3194.76904296875,
            685.7250366210938
        ],
        [
            "pelv",
            -19.51894187927246,
            3293.836669921875,
            40.007469177246094
        ],
        [
            "lsho",
            101.79173278808594,
            3209.561279296875,
            502.36663818359375
        ],
        [
            "lelb",
            227.6629180908203,
            3085.982421875,
            305.8554382324219
        ],
        [
            "lwri",
            219.67367553710938,
            2895.843994140625,
            172.53976440429688
        ],
        [
            "lhip",
            60.71604537963867,
            3229.467041015625,
            43.181007385253906
        ],
        [
            "lkne",
            70.91345977783203,
            3188.53564453125,
            -362.4505615234375
        ],
        [
            "lank",
            121.59086608886719,
            3145.26123046875,
            -771.93603515625
        ],
        [
            "rsho",
            -131.19288635253906,
            3417.41845703125,
            499.3876037597656
        ],
        [
            "relb",
            -291.6163024902344,
            3496.02880859375,
            300.73187255859375
        ],
        [
            "rwri",
            -485.5425720214844,
            3506.81396484375,
            157.85781860351562
        ],
        [
            "rhip",
            -103.8980712890625,
            3362.590576171875,
            41.17351150512695
        ],
        [
            "rkne",
            -132.37289428710938,
            3353.39208984375,
            -367.9311218261719
        ],
        [
            "rank",
            -157.10964965820312,
            3385.134033203125,
            -770.3582763671875
        ],
        [
            "leye",
            -62.7620735168457,
            3192.994384765625,
            715.5296020507812
        ],
        [
            "lear",
            19.230253219604492,
            3231.89501953125,
            696.4686279296875
        ],
        [
            "reye",
            -113.2030258178711,
            3232.45166015625,
            716.9406127929688
        ],
        [
            "rear",
            -93.0338134765625,
            3327.623779296875,
            698.5465087890625
        ]
    ],
    "pose3d1": [],
    "pose3d2": []
}