{
    "boxes": [
        [
            384.9970703125,
            26.297571182250977
        ]
    ],
    "skeleton": "coco_19",
    "joints": [
        "neck",
        "nose",
        "pelv",
        "lsho",
        "lelb",
        "lwri",
        "lhip",
        "lkne",
        "lank",
        "rsho",
        "relb",
        "rwri",
        "rhip",
        "rkne",
        "rank",
        "leye",
        "lear",
        "reye",
        "rear"
    ],
    "pose3d": [
        [
            "neck",
            -15.541505813598633,
            3451.02587890625,
            541.0064697265625
        ],
        [
            "nose",
            -159.98898315429688,
            3448.520263671875,
            720.8863525390625
        ],
        [
            "pelv",
            -33.890323638916016,
            3431.087890625,
            59.302101135253906
        ],
        [
            "lsho",
            -4.156707763671875,
            3291.58447265625,
            543.3663330078125
        ],
        [
            "lelb",
            7.234724521636963,
            3113.09814453125,
            324.8408203125
        ],
        [
            "lwri",
            -124.72364807128906,
            2932.85205078125,
            177.11318969726562
        ],
        [
            "lhip",
            -20.787353515625,
            3327.828125,
            61.52783966064453
        ],
        [
            "lkne",
            -16.786745071411133,
            3334.766845703125,
            -389.21441650390625
        ],
        [
            "lank",
            7.7315874099731445,
            3316.90771484375,
            -826.8590698242188
        ],
        [
            "rsho",
            -24.866165161132812,
            3609.78515625,
            538.9000854492188
        ],
        [
            "relb",
            -61.306617736816406,
            3746.875,
            306.3369140625
        ],
        [
            "rwri",
            -213.0171356201172,
            3840.093017578125,
            169.9716339111328
        ],
        [
            "rhip",
            -48.3728141784668,
            3534.556640625,
            62.880882263183594
        ],
        [
            "rkne",
            -70.06377410888672,
            3552.909423828125,
            -373.24151611328125
        ],
        [
            "rank",
            -54.19102096557617,
            3577.237548828125,
            -808.786376953125
        ],
        [
            "leye",
            -138.62057495117188,
            3416.274169921875,
            749.0060424804688
        ],
        [
            "lear",
            -56.69487380981445,
            3377.028076171875,
            725.1965942382812
        ],
        [
            "reye",
            -140.01953125,
            3482.438720703125,
            752.6209106445312
        ],
        [
            "rear",
            -56.9752082824707,
            3528.81884765625,
            730.1429443359375
        ]
    ],
    "pose3d1": [],
    "pose3d2": []
}