{
    "boxes": [
        [
            331.77978515625,
            40.80396270751953
        ]
    ],
    "skeleton": "coco_19",
    "joints": [
        "neck",
        "nose",
        "pelv",
        "lsho",
        "lelb",
        "lwri",
        "lhip",
        "lkne",
        "lank",
        "rsho",
        "relb",
        "rwri",
        "rhip",
        "rkne",
        "rank",
        "leye",
        "lear",
        "reye",
        "rear"
    ],
    "pose3d": [
        [
            "neck",
            -19.169288635253906,
            3322.707763671875,
            508.88330078125
        ],
        [
            "nose",
            -122.71791076660156,
            3229.932861328125,
            692.9931640625
        ],
        [
            "pelv",
            -25.090211868286133,
            3312.356201171875,
            43.56255340576172
        ],
        [
            "lsho",
            78.24656677246094,
            3200.599609375,
            507.82696533203125
        ],
        [
            "lelb",
            178.51937866210938,
            3059.45556640625,
            311.11676025390625
        ],
        [
            "lwri",
            138.1697235107422,
            2866.36376953125,
            175.24020385742188
        ],
        [
            "lhip",
            41.910667419433594,
            3233.25927734375,
            46.71080017089844
        ],
        [
            "lkne",
            52.603187561035156,
            3213.83056640625,
            -377.12738037109375
        ],
        [
            "lank",
            98.05406188964844,
            3175.62109375,
            -792.1564331054688
        ],
        [
            "rsho",
            -111.9947280883789,
            3448.11572265625,
            508.57550048828125
        ],
        [
            "relb",
            -254.0825653076172,
            3552.771484375,
            302.3197326660156
        ],
        [
            "rwri",
            -452.0475158691406,
            3599.89794921875,
            161.7011260986328
        ],
        [
            "rhip",
            -99.23289489746094,
            3394.309814453125,
            46.408363342285156
        ],
        [
            "rkne",
            -122.46971130371094,
            3396.04736328125,
            -371.3309326171875
        ],
        [
            "rank",
            -136.30435180664062,
            3426.452392578125,
            -778.1221923828125
        ],
        [
            "leye",
            -86.65965270996094,
            3219.77880859375,
            722.5279541015625
        ],
        [
            "lear",
            2.669246196746826,
            3238.89208984375,
            697.9290161132812
        ],
        [
            "reye",
            -127.55550384521484,
            3269.631103515625,
            723.8269653320312
        ],
        [
            "rear",
            -88.69271087646484,
            3356.724609375,
            700.9849853515625
        ]
    ],
    "pose3d1": [],
    "pose3d2": []
}