{
    "boxes": [
        [
            329.8729553222656,
            41.61098098754883
        ]
    ],
    "skeleton": "coco_19",
    "joints": [
        "neck",
        "nose",
        "pelv",
        "lsho",
        "lelb",
        "lwri",
        "lhip",
        "lkne",
        "lank",
        "rsho",
        "relb",
        "rwri",
        "rhip",
        "rkne",
        "rank",
        "leye",
        "lear",
        "reye",
        "rear"
    ],
    "pose3d": [
        [
            "neck",
            -14.660242080688477,
            3528.10693359375,
            547.1829833984375
        ],
        [
            "nose",
            -154.80735778808594,
            3559.371826171875,
            733.333251953125
        ],
        [
            "pelv",
            -23.718399047851562,
            3497.81640625,
            52.56311798095703
        ],
        [
            "lsho",
            -71.91624450683594,
            3372.157470703125,
            549.3164672851562
        ],
        [
            "lelb",
            -179.23731994628906,
            3222.21337890625,
            325.0007629394531
        ],
        [
            "lwri",
            -375.7517395019531,
            3161.190185546875,
            176.87393188476562
        ],
        [
            "lhip",
            -69.67658996582031,
            3401.971435546875,
            57.752464294433594
        ],
        [
            "lkne",
            -94.32707214355469,
            3356.8125,
            -380.90948486328125
        ],
        [
            "lank",
            -94.17481231689453,
            3293.94140625,
            -818.5101318359375
        ],
        [
            "rsho",
            41.691200256347656,
            3683.50341796875,
            541.944580078125
        ],
        [
            "relb",
            90.32737731933594,
            3818.466064453125,
            293.43145751953125
        ],
        [
            "rwri",
            -43.16286087036133,
            3907.484375,
            110.60369873046875
        ],
        [
            "rhip",
            22.160648345947266,
            3599.46630859375,
            52.81292724609375
        ],
        [
            "rkne",
            18.963092803955078,
            3589.42333984375,
            -387.0606384277344
        ],
        [
            "rank",
            47.23429489135742,
            3605.15380859375,
            -811.9375
        ],
        [
            "leye",
            -142.46255493164062,
            3520.361328125,
            761.03955078125
        ],
        [
            "lear",
            -74.04496002197266,
            3459.90234375,
            737.2628784179688
        ],
        [
            "reye",
            -126.5031967163086,
            3584.880126953125,
            764.3165283203125
        ],
        [
            "rear",
            -33.012237548828125,
            3608.231201171875,
            741.3118286132812
        ]
    ],
    "pose3d1": [],
    "pose3d2": []
}