{
    "boxes": [
        [
            431.2510681152344,
            36.06596755981445
        ]
    ],
    "skeleton": "coco_19",
    "joints": [
        "neck",
        "nose",
        "pelv",
        "lsho",
        "lelb",
        "lwri",
        "lhip",
        "lkne",
        "lank",
        "rsho",
        "relb",
        "rwri",
        "rhip",
        "rkne",
        "rank",
        "leye",
        "lear",
        "reye",
        "rear"
    ],
    "pose3d": [
        [
            "neck",
            17.24119758605957,
            3371.660888671875,
            525.486083984375
        ],
        [
            "nose",
            142.8812255859375,
            3323.087890625,
            706.923095703125
        ],
        [
            "pelv",
            26.799087524414062,
            3354.723388671875,
            56.10382080078125
        ],
        [
            "lsho",
            79.15992736816406,
            3513.876220703125,
            525.2330932617188
        ],
        [
            "lelb",
            193.84390258789062,
            3631.580078125,
            307.6349182128906
        ],
        [
            "lwri",
            386.9139404296875,
            3695.781982421875,
            162.40184020996094
        ],
        [
            "lhip",
            79.21819305419922,
            3447.029296875,
            56.037513732910156
        ],
        [
            "lkne",
            101.72084045410156,
            3442.17919921875,
            -368.5318298339844
        ],
        [
            "lank",
            100.2706069946289,
            3460.93408203125,
            -787.117431640625
        ],
        [
            "rsho",
            -48.83118438720703,
            3231.135986328125,
            524.21533203125
        ],
        [
            "relb",
            -120.29732513427734,
            3072.7666015625,
            317.4917907714844
        ],
        [
            "rwri",
            -38.927730560302734,
            2884.10107421875,
            172.5533447265625
        ],
        [
            "rhip",
            -19.784875869750977,
            3263.10498046875,
            61.69073486328125
        ],
        [
            "rkne",
            -27.958423614501953,
            3241.30615234375,
            -376.41937255859375
        ],
        [
            "rank",
            -66.30399322509766,
            3200.64892578125,
            -799.5758056640625
        ],
        [
            "leye",
            133.6103973388672,
            3360.01318359375,
            736.7229614257812
        ],
        [
            "lear",
            66.75575256347656,
            3425.47216796875,
            714.1173706054688
        ],
        [
            "reye",
            116.30393981933594,
            3298.867919921875,
            734.3797607421875
        ],
        [
            "rear",
            27.254308700561523,
            3283.21875,
            706.2847290039062
        ]
    ],
    "pose3d1": [],
    "pose3d2": []
}