{
    "boxes": [
        [
            319.6916809082031,
            41.13534927368164
        ]
    ],
    "skeleton": "coco_19",
    "joints": [
        "neck",
        "nose",
        "pelv",
        "lsho",
        "lelb",
        "lwri",
        "lhip",
        "lkne",
        "lank",
        "rsho",
        "relb",
        "rwri",
        "rhip",
        "rkne",
        "rank",
        "leye",
        "lear",
        "reye",
        "rear"
    ],
    "pose3d": [
        [
            "neck",
            -16.806838989257812,
            3480.701171875,
            538.0204467773438
        ],
        [
            "nose",
            -136.49826049804688,
            3537.427001953125,
            726.3931884765625
        ],
        [
            "pelv",
            -17.656639099121094,
            3446.65625,
            56.62584686279297
        ],
        [
            "lsho",
            -93.63802337646484,
            3339.606689453125,
            539.7880249023438
        ],
        [
            "lelb",
            -231.749755859375,
            3217.8076171875,
            318.15521240234375
        ],
        [
            "lwri",
            -437.329345703125,
            3202.46240234375,
            171.9222869873047
        ],
        [
            "lhip",
            -77.2186508178711,
            3357.01513671875,
            63.49890899658203
        ],
        [
            "lkne",
            -108.59327697753906,
            3304.337890625,
            -370.2959899902344
        ],
        [
            "lank",
            -117.37724304199219,
            3236.81689453125,
            -801.8870239257812
        ],
        [
            "rsho",
            58.977874755859375,
            3624.65673828125,
            533.6411743164062
        ],
        [
            "relb",
            147.02149963378906,
            3743.93115234375,
            292.7481384277344
        ],
        [
            "rwri",
            21.15069007873535,
            3825.688232421875,
            100.645263671875
        ],
        [
            "rhip",
            42.345970153808594,
            3540.38134765625,
            55.24965286254883
        ],
        [
            "rkne",
            42.95726776123047,
            3514.08837890625,
            -376.48321533203125
        ],
        [
            "rank",
            77.44699096679688,
            3512.782470703125,
            -794.4915161132812
        ],
        [
            "leye",
            -131.9075164794922,
            3496.879638671875,
            755.4190063476562
        ],
        [
            "lear",
            -81.28721618652344,
            3425.178955078125,
            730.9139404296875
        ],
        [
            "reye",
            -102.20364379882812,
            3556.05908203125,
            756.1744384765625
        ],
        [
            "rear",
            -9.161593437194824,
            3560.020263671875,
            730.9576416015625
        ]
    ],
    "pose3d1": [],
    "pose3d2": []
}