{
    "boxes": [
        [
            417.2407531738281,
            41.506874084472656
        ]
    ],
    "skeleton": "coco_19",
    "joints": [
        "neck",
        "nose",
        "pelv",
        "lsho",
        "lelb",
        "lwri",
        "lhip",
        "lkne",
        "lank",
        "rsho",
        "relb",
        "rwri",
        "rhip",
        "rkne",
        "rank",
        "leye",
        "lear",
        "reye",
        "rear"
    ],
    "pose3d": [
        [
            "neck",
            9.704607009887695,
            3406.27001953125,
            518.524658203125
        ],
        [
            "nose",
            97.49594116210938,
            3511.07958984375,
            697.8196411132812
        ],
        [
            "pelv",
            13.290403366088867,
            3377.95458984375,
            53.127349853515625
        ],
        [
            "lsho",
            -99.623779296875,
            3520.2734375,
            514.2474365234375
        ],
        [
            "lelb",
            -219.5532684326172,
            3651.66357421875,
            304.2021789550781
        ],
        [
            "lwri",
            -192.54806518554688,
            3833.69189453125,
            161.7654571533203
        ],
        [
            "lhip",
            -66.85612487792969,
            3453.02734375,
            51.35517120361328
        ],
        [
            "lkne",
            -71.77702331542969,
            3421.83203125,
            -370.37884521484375
        ],
        [
            "lank",
            -113.8342056274414,
            3403.141357421875,
            -775.6387939453125
        ],
        [
            "rsho",
            114.75189208984375,
            3294.88916015625,
            519.0330200195312
        ],
        [
            "relb",
            277.20306396484375,
            3202.132080078125,
            309.7333679199219
        ],
        [
            "rwri",
            482.3514709472656,
            3230.43603515625,
            164.533203125
        ],
        [
            "rhip",
            93.21607971191406,
            3308.421875,
            59.054039001464844
        ],
        [
            "rkne",
            118.7879409790039,
            3241.86279296875,
            -367.34893798828125
        ],
        [
            "rank",
            135.498291015625,
            3167.048828125,
            -781.5326538085938
        ],
        [
            "leye",
            59.41231155395508,
            3519.22412109375,
            727.2937622070312
        ],
        [
            "lear",
            -24.529178619384766,
            3486.710205078125,
            707.2903442382812
        ],
        [
            "reye",
            108.99798583984375,
            3473.267578125,
            729.0844116210938
        ],
        [
            "rear",
            89.59222412109375,
            3384.84130859375,
            710.398193359375
        ]
    ],
    "pose3d1": [],
    "pose3d2": []
}