{
    "boxes": [
        [
            445.8804016113281,
            26.04944610595703
        ]
    ],
    "skeleton": "coco_19",
    "joints": [
        "neck",
        "nose",
        "pelv",
        "lsho",
        "lelb",
        "lwri",
        "lhip",
        "lkne",
        "lank",
        "rsho",
        "relb",
        "rwri",
        "rhip",
        "rkne",
        "rank",
        "leye",
        "lear",
        "reye",
        "rear"
    ],
    "pose3d": [
        [
            "neck",
            9.074111938476562,
            3459.46484375,
            541.0362548828125
        ],
        [
            "nose",
            155.80841064453125,
            3459.162109375,
            725.1333618164062
        ],
        [
            "pelv",
            28.82533836364746,
            3435.0703125,
            52.02540969848633
        ],
        [
            "lsho",
            7.167789459228516,
            3617.86474609375,
            538.7994995117188
        ],
        [
            "lelb",
            15.292994499206543,
            3756.23095703125,
            301.0892639160156
        ],
        [
            "lwri",
            120.3679428100586,
            3860.11376953125,
            145.29893493652344
        ],
        [
            "lhip",
            30.656147003173828,
            3539.99853515625,
            53.137916564941406
        ],
        [
            "lkne",
            50.68455505371094,
            3558.869140625,
            -378.7373046875
        ],
        [
            "lank",
            41.952720642089844,
            3575.95703125,
            -805.7784423828125
        ],
        [
            "rsho",
            7.032019138336182,
            3299.30712890625,
            544.0905151367188
        ],
        [
            "relb",
            2.264216423034668,
            3118.432373046875,
            327.57147216796875
        ],
        [
            "rwri",
            141.4091033935547,
            2951.40283203125,
            176.52291870117188
        ],
        [
            "rhip",
            28.654184341430664,
            3332.156982421875,
            55.88283157348633
        ],
        [
            "rkne",
            18.219633102416992,
            3319.236328125,
            -388.9689636230469
        ],
        [
            "rank",
            -3.995526075363159,
            3280.984375,
            -820.2536010742188
        ],
        [
            "leye",
            135.14515686035156,
            3492.846435546875,
            756.0113525390625
        ],
        [
            "lear",
            52.09470748901367,
            3540.719482421875,
            731.3245849609375
        ],
        [
            "reye",
            133.2274169921875,
            3426.728515625,
            752.6265258789062
        ],
        [
            "rear",
            51.463470458984375,
            3387.403076171875,
            727.443603515625
        ]
    ],
    "pose3d1": [],
    "pose3d2": []
}