{
    "boxes": [
        [
            418.39105224609375,
            37.82344436645508
        ]
    ],
    "skeleton": "coco_19",
    "joints": [
        "neck",
        "nose",
        "pelv",
        "lsho",
        "lelb",
        "lwri",
        "lhip",
        "lkne",
        "lank",
        "rsho",
        "relb",
        "rwri",
        "rhip",
        "rkne",
        "rank",
        "leye",
        "lear",
        "reye",
        "rear"
    ],
    "pose3d": [
        [
            "neck",
            15.834172248840332,
            3342.96630859375,
            515.4417724609375
        ],
        [
            "nose",
            126.6149673461914,
            3259.03515625,
            695.508056640625
        ],
        [
            "pelv",
            24.248350143432617,
            3325.42919921875,
            49.464073181152344
        ],
        [
            "lsho",
            104.07740783691406,
            3471.14990234375,
            514.4346313476562
        ],
        [
            "lelb",
            244.334716796875,
            3572.88916015625,
            302.7004089355469
        ],
        [
            "lwri",
            438.751220703125,
            3620.07861328125,
            160.4770965576172
        ],
        [
            "lhip",
            94.29358673095703,
            3411.27783203125,
            49.9605827331543
        ],
        [
            "lkne",
            116.35821533203125,
            3414.79345703125,
            -371.3455810546875
        ],
        [
            "lank",
            127.5871353149414,
            3439.760986328125,
            -782.7772827148438
        ],
        [
            "rsho",
            -76.26985931396484,
            3216.25439453125,
            513.5410766601562
        ],
        [
            "relb",
            -175.8197021484375,
            3070.259765625,
            316.5815124511719
        ],
        [
            "rwri",
            -128.50564575195312,
            2879.31787109375,
            174.15911865234375
        ],
        [
            "rhip",
            -37.5079231262207,
            3243.47021484375,
            54.99340057373047
        ],
        [
            "rkne",
            -51.14221954345703,
            3215.356201171875,
            -373.9070739746094
        ],
        [
            "rank",
            -95.62740325927734,
            3178.990966796875,
            -790.1472778320312
        ],
        [
            "leye",
            127.43666076660156,
            3297.0546875,
            727.0004272460938
        ],
        [
            "lear",
            79.74472045898438,
            3377.0625,
            706.3273315429688
        ],
        [
            "reye",
            94.17439270019531,
            3243.85107421875,
            724.2493286132812
        ],
        [
            "rear",
            5.338533401489258,
            3252.36962890625,
            699.5045166015625
        ]
    ],
    "pose3d1": [],
    "pose3d2": []
}