{
    "boxes": [
        [
            315.2839660644531,
            35.98025894165039
        ]
    ],
    "skeleton": "coco_19",
    "joints": [
        "neck",
        "nose",
        "pelv",
        "lsho",
        "lelb",
        "lwri",
        "lhip",
        "lkne",
        "lank",
        "rsho",
        "relb",
        "rwri",
        "rhip",
        "rkne",
        "rank",
        "leye",
        "lear",
        "reye",
        "rear"
    ],
    "pose3d": [
        [
            "neck",
            -11.296692848205566,
            3308.919921875,
            498.86187744140625
        ],
        [
            "nose",
            -55.071380615234375,
            3164.65185546875,
            683.1065673828125
        ],
        [
            "pelv",
            -10.54785442352295,
            3292.332763671875,
            41.725311279296875
        ],
        [
            "lsho",
            137.7154998779297,
            3262.39208984375,
            499.22149658203125
        ],
        [
            "lelb",
            304.8680725097656,
            3194.290771484375,
            301.03472900390625
        ],
        [
            "lwri",
            356.34393310546875,
            2996.9658203125,
            174.91506958007812
        ],
        [
            "lhip",
            92.339111328125,
            3265.70068359375,
            45.01334762573242
        ],
        [
            "lkne",
            106.7343521118164,
            3219.845703125,
            -357.3022766113281
        ],
        [
            "lank",
            159.42227172851562,
            3215.0654296875,
            -773.0367431640625
        ],
        [
            "rsho",
            -155.99673461914062,
            3362.56201171875,
            495.31964111328125
        ],
        [
            "relb",
            -337.5606994628906,
            3379.651611328125,
            296.0065002441406
        ],
        [
            "rwri",
            -491.27349853515625,
            3246.801025390625,
            159.0902862548828
        ],
        [
            "rhip",
            -115.18115234375,
            3325.552001953125,
            42.54137420654297
        ],
        [
            "rkne",
            -143.19943237304688,
            3292.38720703125,
            -358.2397766113281
        ],
        [
            "rank",
            -178.34349060058594,
            3332.671142578125,
            -770.9085693359375
        ],
        [
            "leye",
            -20.049104690551758,
            3174.462158203125,
            714.688720703125
        ],
        [
            "lear",
            45.92801284790039,
            3238.77392578125,
            698.6119384765625
        ],
        [
            "reye",
            -77.31536102294922,
            3196.617919921875,
            714.669189453125
        ],
        [
            "rear",
            -86.19071197509766,
            3293.743408203125,
            698.6842651367188
        ]
    ],
    "pose3d1": [],
    "pose3d2": []
}