{
    "boxes": [
        [
            361.0965881347656,
            39.6796760559082
        ]
    ],
    "skeleton": "coco_19",
    "joints": [
        "neck",
        "nose",
        "pelv",
        "lsho",
        "lelb",
        "lwri",
        "lhip",
        "lkne",
        "lank",
        "rsho",
        "relb",
        "rwri",
        "rhip",
        "rkne",
        "rank",
        "leye",
        "lear",
        "reye",
        "rear"
    ],
    "pose3d": [
        [
            "neck",
            -22.904888153076172,
            3360.295654296875,
            527.6504516601562
        ],
        [
            "nose",
            -152.06930541992188,
            3333.14111328125,
            706.3489990234375
        ],
        [
            "pelv",
            -28.542150497436523,
            3340.09130859375,
            61.43048858642578
        ],
        [
            "lsho",
            20.513051986694336,
            3215.305908203125,
            528.6317138671875
        ],
        [
            "lelb",
            66.70819854736328,
            3056.32470703125,
            314.53912353515625
        ],
        [
            "lwri",
            -34.52144241333008,
            2874.013427734375,
            173.34371948242188
        ],
        [
            "lhip",
            4.23210334777832,
            3242.063720703125,
            65.57421875
        ],
        [
            "lkne",
            4.645155906677246,
            3238.403076171875,
            -376.7862243652344
        ],
        [
            "lank",
            37.62735366821289,
            3212.67041015625,
            -801.4338989257812
        ],
        [
            "rsho",
            -61.63911819458008,
            3507.465576171875,
            526.7410278320312
        ],
        [
            "relb",
            -148.98069763183594,
            3626.01025390625,
            304.877197265625
        ],
        [
            "rwri",
            -334.31134033203125,
            3713.27880859375,
            163.95083618164062
        ],
        [
            "rhip",
            -63.44742965698242,
            3437.37646484375,
            65.00033569335938
        ],
        [
            "rkne",
            -92.04927825927734,
            3434.298828125,
            -362.863037109375
        ],
        [
            "rank",
            -83.20243072509766,
            3453.0546875,
            -783.8987426757812
        ],
        [
            "leye",
            -126.809326171875,
            3305.82763671875,
            734.9517822265625
        ],
        [
            "lear",
            -42.23923873901367,
            3280.15673828125,
            708.0555419921875
        ],
        [
            "reye",
            -137.77877807617188,
            3369.67822265625,
            735.473876953125
        ],
        [
            "rear",
            -64.60740661621094,
            3424.97314453125,
            711.6951293945312
        ]
    ],
    "pose3d1": [],
    "pose3d2": []
}