{
    "boxes": [
        [
            442.2203674316406,
            38.210960388183594
        ]
    ],
    "skeleton": "coco_19",
    "joints": [
        "neck",
        "nose",
        "pelv",
        "lsho",
        "lelb",
        "lwri",
        "lhip",
        "lkne",
        "lank",
        "rsho",
        "relb",
        "rwri",
        "rhip",
        "rkne",
        "rank",
        "leye",
        "lear",
        "reye",
        "rear"
    ],
    "pose3d": [
        [
            "neck",
            16.031574249267578,
            3542.07763671875,
            555.5394287109375
        ],
        [
            "nose",
            155.4967041015625,
            3568.83984375,
            738.4434204101562
        ],
        [
            "pelv",
            26.48128318786621,
            3515.63427734375,
            50.95768356323242
        ],
        [
            "lsho",
            -15.357206344604492,
            3705.22998046875,
            551.5706176757812
        ],
        [
            "lelb",
            -12.50297737121582,
            3839.57666015625,
            298.1956481933594
        ],
        [
            "lwri",
            92.1009750366211,
            3933.087158203125,
            116.6676025390625
        ],
        [
            "lhip",
            -3.1982579231262207,
            3620.04443359375,
            50.22031784057617
        ],
        [
            "lkne",
            -4.8264851570129395,
            3617.770751953125,
            -390.2333984375
        ],
        [
            "lank",
            -21.19811248779297,
            3637.40087890625,
            -820.2652587890625
        ],
        [
            "rsho",
            47.8161506652832,
            3382.249267578125,
            557.4461669921875
        ],
        [
            "relb",
            126.6523666381836,
            3214.141357421875,
            325.8188781738281
        ],
        [
            "rwri",
            317.00091552734375,
            3122.461181640625,
            176.16317749023438
        ],
        [
            "rhip",
            57.89896774291992,
            3416.59912109375,
            54.83253860473633
        ],
        [
            "rkne",
            75.42195892333984,
            3373.247314453125,
            -383.2237243652344
        ],
        [
            "rank",
            63.316017150878906,
            3310.00927734375,
            -822.9860229492188
        ],
        [
            "leye",
            129.52330017089844,
            3595.98974609375,
            768.9236450195312
        ],
        [
            "lear",
            38.82924270629883,
            3626.871826171875,
            745.4813842773438
        ],
        [
            "reye",
            142.16485595703125,
            3530.47509765625,
            765.2310180664062
        ],
        [
            "rear",
            71.87104034423828,
            3475.37109375,
            739.6669921875
        ]
    ],
    "pose3d1": [],
    "pose3d2": []
}