{
    "boxes": [
        [
            322.2370300292969,
            35.923057556152344
        ]
    ],
    "skeleton": "coco_19",
    "joints": [
        "neck",
        "nose",
        "pelv",
        "lsho",
        "lelb",
        "lwri",
        "lhip",
        "lkne",
        "lank",
        "rsho",
        "relb",
        "rwri",
        "rhip",
        "rkne",
        "rank",
        "leye",
        "lear",
        "reye",
        "rear"
    ],
    "pose3d": [
        [
            "neck",
            -1.7458298206329346,
            3286.645751953125,
            494.9140625
        ],
        [
            "nose",
            -0.6040583252906799,
            3133.884033203125,
            682.616943359375
        ],
        [
            "pelv",
            -3.057218074798584,
            3274.796875,
            40.21244430541992
        ],
        [
            "lsho",
            154.5731658935547,
            3289.10986328125,
            494.3463439941406
        ],
        [
            "lelb",
            335.3507995605469,
            3257.552978515625,
            295.1310729980469
        ],
        [
            "lwri",
            443.775146484375,
            3079.415283203125,
            163.013427734375
        ],
        [
            "lhip",
            106.38102722167969,
            3280.615234375,
            43.154449462890625
        ],
        [
            "lkne",
            130.65650939941406,
            3243.752685546875,
            -357.9945373535156
        ],
        [
            "lank",
            176.6770477294922,
            3265.099853515625,
            -776.3712158203125
        ],
        [
            "rsho",
            -156.62051391601562,
            3288.365966796875,
            494.52960205078125
        ],
        [
            "relb",
            -339.37103271484375,
            3255.3857421875,
            294.5324401855469
        ],
        [
            "rwri",
            -444.0322265625,
            3068.66943359375,
            165.61868286132812
        ],
        [
            "rhip",
            -111.7171630859375,
            3276.67138671875,
            41.588958740234375
        ],
        [
            "rkne",
            -131.32827758789062,
            3202.7587890625,
            -350.92913818359375
        ],
        [
            "rank",
            -179.17697143554688,
            3214.52197265625,
            -766.6832275390625
        ],
        [
            "leye",
            29.300891876220703,
            3156.672607421875,
            713.5839233398438
        ],
        [
            "lear",
            69.37841796875,
            3241.388916015625,
            693.2946166992188
        ],
        [
            "reye",
            -30.462448120117188,
            3156.7177734375,
            713.0284423828125
        ],
        [
            "rear",
            -70.84584045410156,
            3240.57177734375,
            692.7392578125
        ]
    ],
    "pose3d1": [],
    "pose3d2": []
}