{
    "boxes": [
        [
            429.7854309082031,
            38.22273635864258
        ]
    ],
    "skeleton": "coco_19",
    "joints": [
        "neck",
        "nose",
        "pelv",
        "lsho",
        "lelb",
        "lwri",
        "lhip",
        "lkne",
        "lank",
        "rsho",
        "relb",
        "rwri",
        "rhip",
        "rkne",
        "rank",
        "leye",
        "lear",
        "reye",
        "rear"
    ],
    "pose3d": [
        [
            "neck",
            12.380658149719238,
            3434.07470703125,
            526.9832763671875
        ],
        [
            "nose",
            122.9826431274414,
            3511.52294921875,
            708.0325317382812
        ],
        [
            "pelv",
            13.896591186523438,
            3392.17431640625,
            56.0318489074707
        ],
        [
            "lsho",
            -71.42837524414062,
            3570.65283203125,
            521.5521240234375
        ],
        [
            "lelb",
            -163.8967742919922,
            3683.168701171875,
            289.28314208984375
        ],
        [
            "lwri",
            -67.66191101074219,
            3798.362060546875,
            111.76008605957031
        ],
        [
            "lhip",
            -50.700523376464844,
            3480.86962890625,
            54.09516143798828
        ],
        [
            "lkne",
            -51.49156951904297,
            3458.374267578125,
            -373.709228515625
        ],
        [
            "lank",
            -87.89729309082031,
            3450.971923828125,
            -783.8446655273438
        ],
        [
            "rsho",
            94.31910705566406,
            3301.47265625,
            529.3250122070312
        ],
        [
            "relb",
            234.0791473388672,
            3182.9970703125,
            313.7388000488281
        ],
        [
            "rwri",
            438.903076171875,
            3164.03076171875,
            167.2677459716797
        ],
        [
            "rhip",
            77.56258392333984,
            3307.72314453125,
            62.77717971801758
        ],
        [
            "rkne",
            106.0072250366211,
            3248.11572265625,
            -366.428466796875
        ],
        [
            "rank",
            114.83821105957031,
            3177.7109375,
            -790.3582763671875
        ],
        [
            "leye",
            87.62309265136719,
            3527.62255859375,
            737.03955078125
        ],
        [
            "lear",
            -4.208794116973877,
            3520.76806640625,
            714.1875610351562
        ],
        [
            "reye",
            124.96795654296875,
            3471.64306640625,
            737.9852294921875
        ],
        [
            "rear",
            84.2593002319336,
            3394.356689453125,
            715.5648803710938
        ]
    ],
    "pose3d1": [],
    "pose3d2": []
}