{
    "boxes": [
        [
            447.093505859375,
            37.01739501953125
        ]
    ],
    "skeleton": "coco_19",
    "joints": [
        "neck",
        "nose",
        "pelv",
        "lsho",
        "lelb",
        "lwri",
        "lhip",
        "lkne",
        "lank",
        "rsho",
        "relb",
        "rwri",
        "rhip",
        "rkne",
        "rank",
        "leye",
        "lear",
        "reye",
        "rear"
    ],
    "pose3d": [
        [
            "neck",
            14.952079772949219,
            3472.3203125,
            551.060791015625
        ],
        [
            "nose",
            157.10157775878906,
            3478.72998046875,
            728.3698120117188
        ],
        [
            "pelv",
            29.114604949951172,
            3464.681640625,
            56.79363250732422
        ],
        [
            "lsho",
            4.394890785217285,
            3629.48681640625,
            553.445068359375
        ],
        [
            "lelb",
            -0.039301492273807526,
            3775.85986328125,
            319.31201171875
        ],
        [
            "lwri",
            138.82371520996094,
            3875.552001953125,
            169.98553466796875
        ],
        [
            "lhip",
            22.157480239868164,
            3570.034423828125,
            60.2602424621582
        ],
        [
            "lkne",
            22.022836685180664,
            3570.17333984375,
            -378.2357482910156
        ],
        [
            "lank",
            8.102027893066406,
            3589.50146484375,
            -810.0347900390625
        ],
        [
            "rsho",
            22.916011810302734,
            3316.163330078125,
            547.7154541015625
        ],
        [
            "relb",
            66.00057983398438,
            3140.36962890625,
            318.86102294921875
        ],
        [
            "rwri",
            232.1048126220703,
            3017.31005859375,
            175.20204162597656
        ],
        [
            "rhip",
            37.98866653442383,
            3360.56884765625,
            58.64204788208008
        ],
        [
            "rkne",
            49.55937957763672,
            3333.6796875,
            -377.3897705078125
        ],
        [
            "rank",
            29.51339340209961,
            3278.70556640625,
            -813.465087890625
        ],
        [
            "leye",
            135.2390899658203,
            3508.994873046875,
            758.1582641601562
        ],
        [
            "lear",
            50.1200065612793,
            3549.208251953125,
            735.7232666015625
        ],
        [
            "reye",
            138.93629455566406,
            3443.40771484375,
            754.7515869140625
        ],
        [
            "rear",
            62.067474365234375,
            3398.44873046875,
            729.3751220703125
        ]
    ],
    "pose3d1": [],
    "pose3d2": []
}