{
    "boxes": [
        [
            442.2203674316406,
            38.210960388183594
        ]
    ],
    "skeleton": "h36m_25",
    "joints": [
        "rhip",
        "rkne",
        "rank",
        "rfoo",
        "rtoe",
        "lhip",
        "lkne",
        "lank",
        "lfoo",
        "ltoe",
        "spin",
        "neck",
        "head",
        "htop",
        "lsho",
        "lelb",
        "lwri",
        "lthu",
        "lfin",
        "rsho",
        "relb",
        "rwri",
        "rthu",
        "rfin",
        "pelv"
    ],
    "pose3d": [
        [
            "rhip",
            77.33750915527344,
            3389.29833984375,
            128.0023651123047
        ],
        [
            "rkne",
            88.5305404663086,
            3365.167236328125,
            -351.44586181640625
        ],
        [
            "rank",
            36.717315673828125,
            3298.08740234375,
            -836.5662841796875
        ],
        [
            "rfoo",
            175.0075225830078,
            3326.16259765625,
            -878.5880126953125
        ],
        [
            "rtoe",
            241.95712280273438,
            3338.271484375,
            -878.4752807617188
        ],
        [
            "lhip",
            2.0077414512634277,
            3652.74609375,
            126.770751953125
        ],
        [
            "lkne",
            0.18040446937084198,
            3634.69140625,
            -364.7739562988281
        ],
        [
            "lank",
            -52.74641036987305,
            3639.883544921875,
            -827.8225708007812
        ],
        [
            "lfoo",
            90.40087890625,
            3693.64453125,
            -872.4500122070312
        ],
        [
            "ltoe",
            151.39808654785156,
            3721.33349609375,
            -874.7591552734375
        ],
        [
            "spin",
            -4.932918071746826,
            3529.444580078125,
            367.89215087890625
        ],
        [
            "neck",
            32.69328689575195,
            3549.49462890625,
            615.3240966796875
        ],
        [
            "head",
            103.14520263671875,
            3562.947265625,
            699.4766845703125
        ],
        [
            "htop",
            51.44763946533203,
            3549.85595703125,
            798.3961791992188
        ],
        [
            "lsho",
            -1.5647647380828857,
            3679.908935546875,
            561.010986328125
        ],
        [
            "lelb",
            -16.957422256469727,
            3843.481201171875,
            312.52685546875
        ],
        [
            "lwri",
            90.95097351074219,
            3937.76904296875,
            127.01851654052734
        ],
        [
            "lthu",
            165.9607696533203,
            3909.89794921875,
            160.0790557861328
        ],
        [
            "lfin",
            150.24044799804688,
            4021.96533203125,
            70.34468841552734
        ],
        [
            "rsho",
            50.90894317626953,
            3400.725341796875,
            562.399658203125
        ],
        [
            "relb",
            121.10493469238281,
            3213.76416015625,
            338.94256591796875
        ],
        [
            "rwri",
            310.39898681640625,
            3116.19775390625,
            184.2784423828125
        ],
        [
            "rthu",
            391.44598388671875,
            3154.09375,
            233.9542999267578
        ],
        [
            "rfin",
            396.562255859375,
            3055.24462890625,
            116.80146789550781
        ],
        [
            "pelv",
            35.30022430419922,
            3518.663330078125,
            123.59391784667969
        ]
    ],
    "pose3d1": [],
    "pose3d2": []
}