{
    "boxes": [
        [
            333.04046630859375,
            36.70903778076172
        ]
    ],
    "skeleton": "h36m_25",
    "joints": [
        "rhip",
        "rkne",
        "rank",
        "rfoo",
        "rtoe",
        "lhip",
        "lkne",
        "lank",
        "lfoo",
        "ltoe",
        "spin",
        "neck",
        "head",
        "htop",
        "lsho",
        "lelb",
        "lwri",
        "lthu",
        "lfin",
        "rsho",
        "relb",
        "rwri",
        "rthu",
        "rfin",
        "pelv"
    ],
    "pose3d": [
        [
            "rhip",
            -130.77023315429688,
            3277.237548828125,
            118.2071304321289
        ],
        [
            "rkne",
            -132.85504150390625,
            3204.167236328125,
            -331.6360778808594
        ],
        [
            "rank",
            -188.6094970703125,
            3254.663330078125,
            -784.2320556640625
        ],
        [
            "rfoo",
            -159.5215301513672,
            3118.0341796875,
            -835.4061279296875
        ],
        [
            "rtoe",
            -148.42135620117188,
            3053.768310546875,
            -843.82861328125
        ],
        [
            "lhip",
            139.27679443359375,
            3320.560546875,
            119.18867492675781
        ],
        [
            "lkne",
            151.6798095703125,
            3270.15869140625,
            -336.25518798828125
        ],
        [
            "lank",
            182.49269104003906,
            3349.053955078125,
            -789.7733764648438
        ],
        [
            "lfoo",
            202.32464599609375,
            3207.178466796875,
            -833.2498779296875
        ],
        [
            "ltoe",
            214.9704132080078,
            3144.03369140625,
            -842.0108642578125
        ],
        [
            "spin",
            2.5809788703918457,
            3314.397216796875,
            325.2972717285156
        ],
        [
            "neck",
            1.647026777267456,
            3299.579345703125,
            577.2783813476562
        ],
        [
            "head",
            18.304752349853516,
            3213.982666015625,
            649.1748657226562
        ],
        [
            "htop",
            7.085823059082031,
            3273.869140625,
            751.57958984375
        ],
        [
            "lsho",
            127.2449722290039,
            3334.30078125,
            508.953369140625
        ],
        [
            "lelb",
            326.45416259765625,
            3336.528076171875,
            317.844970703125
        ],
        [
            "lwri",
            471.719482421875,
            3177.6787109375,
            166.75485229492188
        ],
        [
            "lthu",
            455.49530029296875,
            3097.47021484375,
            196.82113647460938
        ],
        [
            "lfin",
            556.7928466796875,
            3104.677001953125,
            110.6929702758789
        ],
        [
            "rsho",
            -128.37582397460938,
            3289.897705078125,
            508.9964294433594
        ],
        [
            "relb",
            -322.04998779296875,
            3244.30126953125,
            321.88616943359375
        ],
        [
            "rwri",
            -409.69488525390625,
            3038.9453125,
            176.89773559570312
        ],
        [
            "rthu",
            -354.17926025390625,
            2972.150634765625,
            202.81887817382812
        ],
        [
            "rfin",
            -467.6136169433594,
            2941.431640625,
            119.74543762207031
        ],
        [
            "pelv",
            4.215943336486816,
            3295.23779296875,
            116.93345642089844
        ]
    ],
    "pose3d1": [],
    "pose3d2": []
}