{
    "boxes": [
        [
            322.2370300292969,
            35.923057556152344
        ]
    ],
    "skeleton": "h36m_25",
    "joints": [
        "rhip",
        "rkne",
        "rank",
        "rfoo",
        "rtoe",
        "lhip",
        "lkne",
        "lank",
        "lfoo",
        "ltoe",
        "spin",
        "neck",
        "head",
        "htop",
        "lsho",
        "lelb",
        "lwri",
        "lthu",
        "lfin",
        "rsho",
        "relb",
        "rwri",
        "rthu",
        "rfin",
        "pelv"
    ],
    "pose3d": [
        [
            "rhip",
            -139.63247680664062,
            3271.02978515625,
            115.7597885131836
        ],
        [
            "rkne",
            -144.5513458251953,
            3191.61572265625,
            -329.60101318359375
        ],
        [
            "rank",
            -187.74700927734375,
            3256.5869140625,
            -780.3494873046875
        ],
        [
            "rfoo",
            -190.23062133789062,
            3114.75732421875,
            -830.1989135742188
        ],
        [
            "rtoe",
            -193.867431640625,
            3048.04833984375,
            -838.3101806640625
        ],
        [
            "lhip",
            134.73826599121094,
            3273.688720703125,
            116.26609802246094
        ],
        [
            "lkne",
            142.2927703857422,
            3230.82275390625,
            -336.3160095214844
        ],
        [
            "lank",
            185.35842895507812,
            3306.38671875,
            -788.03369140625
        ],
        [
            "lfoo",
            180.37435913085938,
            3163.03369140625,
            -836.4334716796875
        ],
        [
            "ltoe",
            181.47952270507812,
            3099.40966796875,
            -849.3238525390625
        ],
        [
            "spin",
            -0.9827855825424194,
            3290.08056640625,
            321.43035888671875
        ],
        [
            "neck",
            -2.946051836013794,
            3276.07275390625,
            573.3440551757812
        ],
        [
            "head",
            -1.1229050159454346,
            3188.25927734375,
            644.7493896484375
        ],
        [
            "htop",
            -1.4139760732650757,
            3250.43994140625,
            746.7734375
        ],
        [
            "lsho",
            126.05277252197266,
            3289.35546875,
            505.0711364746094
        ],
        [
            "lelb",
            323.5975036621094,
            3267.892333984375,
            317.67547607421875
        ],
        [
            "lwri",
            442.52362060546875,
            3082.90869140625,
            170.2286834716797
        ],
        [
            "lthu",
            405.55743408203125,
            3008.284912109375,
            197.303466796875
        ],
        [
            "lfin",
            515.77490234375,
            2994.408203125,
            114.4990463256836
        ],
        [
            "rsho",
            -131.30650329589844,
            3289.637451171875,
            505.34454345703125
        ],
        [
            "relb",
            -329.53533935546875,
            3267.106689453125,
            316.57342529296875
        ],
        [
            "rwri",
            -444.1873474121094,
            3072.402099609375,
            172.1967010498047
        ],
        [
            "rthu",
            -405.48760986328125,
            2999.87646484375,
            200.0521240234375
        ],
        [
            "rfin",
            -515.4732666015625,
            2984.141357421875,
            116.8250961303711
        ],
        [
            "pelv",
            -2.0907955169677734,
            3268.1728515625,
            114.6080322265625
        ]
    ],
    "pose3d1": [],
    "pose3d2": []
}