{
    "boxes": [
        [
            401.8001708984375,
            40.239505767822266
        ]
    ],
    "skeleton": "h36m_25",
    "joints": [
        "rhip",
        "rkne",
        "rank",
        "rfoo",
        "rtoe",
        "lhip",
        "lkne",
        "lank",
        "lfoo",
        "ltoe",
        "spin",
        "neck",
        "head",
        "htop",
        "lsho",
        "lelb",
        "lwri",
        "lthu",
        "lfin",
        "rsho",
        "relb",
        "rwri",
        "rthu",
        "rfin",
        "pelv"
    ],
    "pose3d": [
        [
            "rhip",
            126.75724029541016,
            3318.38916015625,
            135.9206085205078
        ],
        [
            "rkne",
            147.94412231445312,
            3265.80517578125,
            -336.6795959472656
        ],
        [
            "rank",
            147.16561889648438,
            3156.01611328125,
            -785.4130859375
        ],
        [
            "rfoo",
            222.10873413085938,
            3261.743408203125,
            -825.2462158203125
        ],
        [
            "rtoe",
            263.70758056640625,
            3310.055908203125,
            -828.8221435546875
        ],
        [
            "lhip",
            -97.19234466552734,
            3457.895263671875,
            131.62965393066406
        ],
        [
            "lkne",
            -99.35906219482422,
            3411.339111328125,
            -341.88983154296875
        ],
        [
            "lank",
            -161.79896545410156,
            3354.715576171875,
            -784.6731567382812
        ],
        [
            "lfoo",
            -75.4562759399414,
            3470.283935546875,
            -825.54248046875
        ],
        [
            "ltoe",
            -33.556312561035156,
            3525.9765625,
            -830.1178588867188
        ],
        [
            "spin",
            5.434242248535156,
            3397.151123046875,
            343.0645446777344
        ],
        [
            "neck",
            18.643239974975586,
            3426.65185546875,
            588.2698364257812
        ],
        [
            "head",
            54.126060485839844,
            3491.46484375,
            664.3849487304688
        ],
        [
            "htop",
            28.722936630249023,
            3445.745361328125,
            767.8297119140625
        ],
        [
            "lsho",
            -99.49406433105469,
            3493.772705078125,
            521.54248046875
        ],
        [
            "lelb",
            -262.94635009765625,
            3614.732421875,
            322.873291015625
        ],
        [
            "lwri",
            -276.81719970703125,
            3811.072998046875,
            178.08273315429688
        ],
        [
            "lthu",
            -198.19821166992188,
            3832.518310546875,
            209.0634307861328
        ],
        [
            "lfin",
            -291.541259765625,
            3928.41259765625,
            125.724609375
        ],
        [
            "rsho",
            119.43804931640625,
            3338.36669921875,
            525.1327514648438
        ],
        [
            "relb",
            306.7803649902344,
            3261.9228515625,
            327.0406188964844
        ],
        [
            "rwri",
            508.1592712402344,
            3325.25244140625,
            165.6925811767578
        ],
        [
            "rthu",
            521.6556396484375,
            3387.721923828125,
            199.0022430419922
        ],
        [
            "rfin",
            608.913330078125,
            3343.719970703125,
            100.63307189941406
        ],
        [
            "pelv",
            14.616537094116211,
            3386.85302734375,
            130.21072387695312
        ]
    ],
    "pose3d1": [],
    "pose3d2": []
}