{
    "boxes": [
        [
            315.2839660644531,
            35.98025894165039
        ]
    ],
    "skeleton": "h36m_25",
    "joints": [
        "rhip",
        "rkne",
        "rank",
        "rfoo",
        "rtoe",
        "lhip",
        "lkne",
        "lank",
        "lfoo",
        "ltoe",
        "spin",
        "neck",
        "head",
        "htop",
        "lsho",
        "lelb",
        "lwri",
        "lthu",
        "lfin",
        "rsho",
        "relb",
        "rwri",
        "rthu",
        "rfin",
        "pelv"
    ],
    "pose3d": [
        [
            "rhip",
            -145.33738708496094,
            3325.474609375,
            117.2293472290039
        ],
        [
            "rkne",
            -156.9392547607422,
            3286.565673828125,
            -336.3080139160156
        ],
        [
            "rank",
            -176.13845825195312,
            3375.21728515625,
            -783.0926513671875
        ],
        [
            "rfoo",
            -219.25509643554688,
            3241.35791015625,
            -829.060546875
        ],
        [
            "rtoe",
            -241.0868377685547,
            3177.87255859375,
            -837.9313354492188
        ],
        [
            "lhip",
            115.8116455078125,
            3249.596923828125,
            117.31660461425781
        ],
        [
            "lkne",
            115.2506332397461,
            3203.63916015625,
            -336.1473693847656
        ],
        [
            "lank",
            179.78201293945312,
            3244.48388671875,
            -785.9395751953125
        ],
        [
            "lfoo",
            123.4656982421875,
            3122.894775390625,
            -835.0821533203125
        ],
        [
            "ltoe",
            98.7668228149414,
            3065.351318359375,
            -844.103515625
        ],
        [
            "spin",
            -9.731781005859375,
            3312.04833984375,
            325.18896484375
        ],
        [
            "neck",
            -13.349902153015137,
            3301.873779296875,
            577.3671264648438
        ],
        [
            "head",
            -38.21931076049805,
            3218.40283203125,
            648.1708984375
        ],
        [
            "htop",
            -19.425861358642578,
            3274.58544921875,
            753.506103515625
        ],
        [
            "lsho",
            113.11417388916016,
            3272.98828125,
            511.20281982421875
        ],
        [
            "lelb",
            298.99932861328125,
            3205.15966796875,
            323.3555603027344
        ],
        [
            "lwri",
            359.3312683105469,
            3000.21337890625,
            183.02978515625
        ],
        [
            "lthu",
            286.21832275390625,
            2944.179443359375,
            206.79281616210938
        ],
        [
            "lfin",
            401.535400390625,
            2891.33349609375,
            127.4063949584961
        ],
        [
            "rsho",
            -131.20394897460938,
            3355.84130859375,
            508.20257568359375
        ],
        [
            "relb",
            -325.84405517578125,
            3386.575439453125,
            314.0432434082031
        ],
        [
            "rwri",
            -486.0785217285156,
            3248.08349609375,
            166.12387084960938
        ],
        [
            "rthu",
            -484.66082763671875,
            3166.407470703125,
            201.2852020263672
        ],
        [
            "rfin",
            -575.7696533203125,
            3192.425048828125,
            111.37394714355469
        ],
        [
            "pelv",
            -14.26561450958252,
            3284.302001953125,
            115.4862060546875
        ]
    ],
    "pose3d1": [],
    "pose3d2": []
}