{
    "boxes": [
        [
            429.7854309082031,
            38.22273635864258
        ]
    ],
    "skeleton": "h36m_25",
    "joints": [
        "rhip",
        "rkne",
        "rank",
        "rfoo",
        "rtoe",
        "lhip",
        "lkne",
        "lank",
        "lfoo",
        "ltoe",
        "spin",
        "neck",
        "head",
        "htop",
        "lsho",
        "lelb",
        "lwri",
        "lthu",
        "lfin",
        "rsho",
        "relb",
        "rwri",
        "rthu",
        "rfin",
        "pelv"
    ],
    "pose3d": [
        [
            "rhip",
            99.6778793334961,
            3290.543701171875,
            139.41127014160156
        ],
        [
            "rkne",
            122.10813903808594,
            3253.39990234375,
            -337.0527038574219
        ],
        [
            "rank",
            96.83689880371094,
            3159.704345703125,
            -803.8361206054688
        ],
        [
            "rfoo",
            206.79556274414062,
            3231.65869140625,
            -841.2531127929688
        ],
        [
            "rtoe",
            265.3451232910156,
            3265.039306640625,
            -842.4168090820312
        ],
        [
            "lhip",
            -51.474632263183594,
            3509.030517578125,
            132.99188232421875
        ],
        [
            "lkne",
            -51.41253662109375,
            3479.90625,
            -349.455322265625
        ],
        [
            "lank",
            -117.70015716552734,
            3447.83203125,
            -795.5428466796875
        ],
        [
            "lfoo",
            8.371646881103516,
            3534.07666015625,
            -835.1793823242188
        ],
        [
            "ltoe",
            68.38671875,
            3577.41162109375,
            -842.056640625
        ],
        [
            "spin",
            3.1719729900360107,
            3417.143798828125,
            352.346923828125
        ],
        [
            "neck",
            27.217824935913086,
            3446.05859375,
            594.848388671875
        ],
        [
            "head",
            82.56817626953125,
            3487.895751953125,
            672.0538940429688
        ],
        [
            "htop",
            37.821556091308594,
            3457.60205078125,
            770.8963012695312
        ],
        [
            "lsho",
            -53.404579162597656,
            3552.559326171875,
            534.1031494140625
        ],
        [
            "lelb",
            -165.74317932128906,
            3681.92431640625,
            305.04888916015625
        ],
        [
            "lwri",
            -69.1556396484375,
            3800.176513671875,
            115.82365417480469
        ],
        [
            "lthu",
            12.352935791015625,
            3780.888671875,
            146.67910766601562
        ],
        [
            "lfin",
            -24.011985778808594,
            3882.095703125,
            59.68955612182617
        ],
        [
            "rsho",
            88.48406982421875,
            3319.69287109375,
            537.6363525390625
        ],
        [
            "relb",
            226.295654296875,
            3185.304443359375,
            329.90777587890625
        ],
        [
            "rwri",
            432.9649963378906,
            3162.086669921875,
            174.2269287109375
        ],
        [
            "rthu",
            483.6775817871094,
            3216.583251953125,
            213.3666229248047
        ],
        [
            "rfin",
            532.8648681640625,
            3137.81787109375,
            110.44332122802734
        ],
        [
            "pelv",
            21.89542579650879,
            3397.305419921875,
            131.6132049560547
        ]
    ],
    "pose3d1": [],
    "pose3d2": []
}