{
    "boxes": [
        [
            431.2510681152344,
            36.06596755981445
        ]
    ],
    "skeleton": "h36m_25",
    "joints": [
        "rhip",
        "rkne",
        "rank",
        "rfoo",
        "rtoe",
        "lhip",
        "lkne",
        "lank",
        "lfoo",
        "ltoe",
        "spin",
        "neck",
        "head",
        "htop",
        "lsho",
        "lelb",
        "lwri",
        "lthu",
        "lfin",
        "rsho",
        "relb",
        "rwri",
        "rthu",
        "rfin",
        "pelv"
    ],
    "pose3d": [
        [
            "rhip",
            -21.045684814453125,
            3227.056640625,
            132.64181518554688
        ],
        [
            "rkne",
            -26.046733856201172,
            3222.96875,
            -345.87078857421875
        ],
        [
            "rank",
            -97.65580749511719,
            3205.58935546875,
            -808.3250732421875
        ],
        [
            "rfoo",
            34.13939666748047,
            3158.11962890625,
            -853.0494995117188
        ],
        [
            "rtoe",
            94.12931060791016,
            3133.713623046875,
            -855.1607666015625
        ],
        [
            "lhip",
            103.9551010131836,
            3470.343017578125,
            124.6587905883789
        ],
        [
            "lkne",
            116.2846450805664,
            3452.26611328125,
            -345.45574951171875
        ],
        [
            "lank",
            77.05587005615234,
            3480.63330078125,
            -795.1031494140625
        ],
        [
            "lfoo",
            196.08956909179688,
            3439.063720703125,
            -839.9894409179688
        ],
        [
            "ltoe",
            254.3366241455078,
            3419.8515625,
            -842.8167724609375
        ],
        [
            "spin",
            14.206738471984863,
            3380.814453125,
            346.15301513671875
        ],
        [
            "neck",
            23.706844329833984,
            3373.93603515625,
            593.88330078125
        ],
        [
            "head",
            96.54389190673828,
            3342.38427734375,
            668.2258911132812
        ],
        [
            "htop",
            41.26299285888672,
            3358.50341796875,
            764.2825927734375
        ],
        [
            "lsho",
            68.35966491699219,
            3493.280029296875,
            535.892578125
        ],
        [
            "lelb",
            185.9037628173828,
            3640.07861328125,
            320.33392333984375
        ],
        [
            "lwri",
            375.4205322265625,
            3700.81591796875,
            169.9622802734375
        ],
        [
            "lthu",
            444.888427734375,
            3641.212890625,
            207.3834686279297
        ],
        [
            "lfin",
            473.34906005859375,
            3755.986328125,
            115.82853698730469
        ],
        [
            "rsho",
            -42.546913146972656,
            3252.981689453125,
            533.005615234375
        ],
        [
            "relb",
            -128.6996307373047,
            3077.55419921875,
            338.05450439453125
        ],
        [
            "rwri",
            -45.236175537109375,
            2895.89111328125,
            182.1066131591797
        ],
        [
            "rthu",
            41.81440734863281,
            2890.70751953125,
            213.4530792236328
        ],
        [
            "rfin",
            -15.197708129882812,
            2790.8896484375,
            131.35800170898438
        ],
        [
            "pelv",
            38.43592071533203,
            3350.25,
            124.7283935546875
        ]
    ],
    "pose3d1": [],
    "pose3d2": []
}