{
    "boxes": [
        [
            439.72564697265625,
            39.10710144042969
        ]
    ],
    "skeleton": "h36m_25",
    "joints": [
        "rhip",
        "rkne",
        "rank",
        "rfoo",
        "rtoe",
        "lhip",
        "lkne",
        "lank",
        "lfoo",
        "ltoe",
        "spin",
        "neck",
        "head",
        "htop",
        "lsho",
        "lelb",
        "lwri",
        "lthu",
        "lfin",
        "rsho",
        "relb",
        "rwri",
        "rthu",
        "rfin",
        "pelv"
    ],
    "pose3d": [
        [
            "rhip",
            88.38728332519531,
            3334.18212890625,
            137.79885864257812
        ],
        [
            "rkne",
            107.24244689941406,
            3304.79248046875,
            -343.64837646484375
        ],
        [
            "rank",
            71.5477066040039,
            3224.89990234375,
            -819.6134643554688
        ],
        [
            "rfoo",
            194.98037719726562,
            3277.768798828125,
            -860.4404296875
        ],
        [
            "rtoe",
            258.411376953125,
            3300.768310546875,
            -862.4514770507812
        ],
        [
            "lhip",
            -30.449481964111328,
            3573.03466796875,
            136.24220275878906
        ],
        [
            "lkne",
            -26.640039443969727,
            3552.20849609375,
            -356.14373779296875
        ],
        [
            "lank",
            -90.03101348876953,
            3537.744140625,
            -809.9578857421875
        ],
        [
            "lfoo",
            41.0911750793457,
            3611.46044921875,
            -852.4371948242188
        ],
        [
            "ltoe",
            102.6743392944336,
            3648.64697265625,
            -859.53662109375
        ],
        [
            "spin",
            2.5724010467529297,
            3468.9609375,
            361.1202697753906
        ],
        [
            "neck",
            28.40297508239746,
            3492.22216796875,
            604.732177734375
        ],
        [
            "head",
            95.1578598022461,
            3516.712158203125,
            684.3702392578125
        ],
        [
            "htop",
            43.647499084472656,
            3495.31884765625,
            783.31787109375
        ],
        [
            "lsho",
            -34.77103805541992,
            3611.84814453125,
            546.2380981445312
        ],
        [
            "lelb",
            -110.36430358886719,
            3756.714111328125,
            299.6228332519531
        ],
        [
            "lwri",
            30.715469360351562,
            3835.89892578125,
            102.9496841430664
        ],
        [
            "lthu",
            103.74395751953125,
            3802.02294921875,
            130.281982421875
        ],
        [
            "lfin",
            87.74443817138672,
            3902.24462890625,
            46.484291076660156
        ],
        [
            "rsho",
            70.5905532836914,
            3354.41552734375,
            549.6270141601562
        ],
        [
            "relb",
            181.58676147460938,
            3198.374267578125,
            333.6494445800781
        ],
        [
            "rwri",
            382.736083984375,
            3148.786376953125,
            177.66592407226562
        ],
        [
            "rthu",
            443.8187561035156,
            3197.38916015625,
            222.20431518554688
        ],
        [
            "rfin",
            478.21478271484375,
            3111.932861328125,
            113.93592834472656
        ],
        [
            "pelv",
            27.260074615478516,
            3450.42041015625,
            131.8764190673828
        ]
    ],
    "pose3d1": [],
    "pose3d2": []
}