{
    "boxes": [
        [
            361.0965881347656,
            39.6796760559082
        ]
    ],
    "skeleton": "h36m_25",
    "joints": [
        "rhip",
        "rkne",
        "rank",
        "rfoo",
        "rtoe",
        "lhip",
        "lkne",
        "lank",
        "lfoo",
        "ltoe",
        "spin",
        "neck",
        "head",
        "htop",
        "lsho",
        "lelb",
        "lwri",
        "lthu",
        "lfin",
        "rsho",
        "relb",
        "rwri",
        "rthu",
        "rfin",
        "pelv"
    ],
    "pose3d": [
        [
            "rhip",
            -84.69105529785156,
            3466.225830078125,
            131.8238525390625
        ],
        [
            "rkne",
            -105.18408203125,
            3448.76318359375,
            -341.39373779296875
        ],
        [
            "rank",
            -60.85790252685547,
            3471.748779296875,
            -796.1650390625
        ],
        [
            "rfoo",
            -183.15689086914062,
            3444.75634765625,
            -837.33203125
        ],
        [
            "rtoe",
            -243.2716522216797,
            3432.509033203125,
            -840.1481323242188
        ],
        [
            "lhip",
            -4.555132865905762,
            3209.169189453125,
            134.71971130371094
        ],
        [
            "lkne",
            -0.8915510177612305,
            3219.44189453125,
            -344.9141540527344
        ],
        [
            "lank",
            68.29077911376953,
            3212.28515625,
            -811.1708984375
        ],
        [
            "lfoo",
            -72.2354507446289,
            3184.53955078125,
            -851.4661254882812
        ],
        [
            "ltoe",
            -135.42823791503906,
            3164.7900390625,
            -852.9869384765625
        ],
        [
            "spin",
            -20.855491638183594,
            3364.082763671875,
            346.2491455078125
        ],
        [
            "neck",
            -33.034454345703125,
            3364.83349609375,
            595.71240234375
        ],
        [
            "head",
            -105.056884765625,
            3345.35888671875,
            669.4996337890625
        ],
        [
            "htop",
            -47.647300720214844,
            3355.25,
            765.4510498046875
        ],
        [
            "lsho",
            14.47325611114502,
            3236.27783203125,
            536.7568969726562
        ],
        [
            "lelb",
            76.59912872314453,
            3058.37255859375,
            334.03973388671875
        ],
        [
            "lwri",
            -31.639184951782227,
            2889.007568359375,
            182.81788635253906
        ],
        [
            "lthu",
            -106.65724182128906,
            2891.4248046875,
            217.8675079345703
        ],
        [
            "lfin",
            -72.65499114990234,
            2783.27880859375,
            124.829345703125
        ],
        [
            "rsho",
            -56.59033966064453,
            3485.237060546875,
            538.5706787109375
        ],
        [
            "relb",
            -143.19723510742188,
            3635.600341796875,
            317.8397521972656
        ],
        [
            "rwri",
            -323.14801025390625,
            3718.401123046875,
            170.3128662109375
        ],
        [
            "rthu",
            -405.02264404296875,
            3667.14208984375,
            208.1630859375
        ],
        [
            "rfin",
            -416.3729553222656,
            3785.897705078125,
            113.48616027832031
        ],
        [
            "pelv",
            -41.78471755981445,
            3338.391357421875,
            127.5609130859375
        ]
    ],
    "pose3d1": [],
    "pose3d2": []
}