{
    "boxes": [
        [
            369.74658203125,
            38.836299896240234
        ]
    ],
    "skeleton": "h36m_25",
    "joints": [
        "rhip",
        "rkne",
        "rank",
        "rfoo",
        "rtoe",
        "lhip",
        "lkne",
        "lank",
        "lfoo",
        "ltoe",
        "spin",
        "neck",
        "head",
        "htop",
        "lsho",
        "lelb",
        "lwri",
        "lthu",
        "lfin",
        "rsho",
        "relb",
        "rwri",
        "rthu",
        "rfin",
        "pelv"
    ],
    "pose3d": [
        [
            "rhip",
            -40.663978576660156,
            3633.52587890625,
            131.75201416015625
        ],
        [
            "rkne",
            -58.030357360839844,
            3631.19970703125,
            -351.1936950683594
        ],
        [
            "rank",
            6.429065704345703,
            3632.92041015625,
            -819.6644287109375
        ],
        [
            "rfoo",
            -130.52597045898438,
            3653.31201171875,
            -868.9949340820312
        ],
        [
            "rtoe",
            -199.3859100341797,
            3666.62060546875,
            -873.4696044921875
        ],
        [
            "lhip",
            -48.202186584472656,
            3359.651611328125,
            124.34806060791016
        ],
        [
            "lkne",
            -54.41405487060547,
            3371.16748046875,
            -350.8796081542969
        ],
        [
            "lank",
            6.510714054107666,
            3344.483154296875,
            -838.0401611328125
        ],
        [
            "lfoo",
            -135.4070281982422,
            3342.330810546875,
            -884.7297973632812
        ],
        [
            "ltoe",
            -202.1025390625,
            3335.42578125,
            -887.4055786132812
        ],
        [
            "spin",
            -2.38470458984375,
            3498.6875,
            365.1979064941406
        ],
        [
            "neck",
            -35.26919937133789,
            3503.46533203125,
            617.244873046875
        ],
        [
            "head",
            -110.03340911865234,
            3502.96240234375,
            694.3338623046875
        ],
        [
            "htop",
            -54.782562255859375,
            3498.246826171875,
            790.6627197265625
        ],
        [
            "lsho",
            -26.706268310546875,
            3355.98193359375,
            558.7254638671875
        ],
        [
            "lelb",
            -43.24197769165039,
            3158.89697265625,
            339.64459228515625
        ],
        [
            "lwri",
            -206.0832977294922,
            3026.02392578125,
            189.34169006347656
        ],
        [
            "lthu",
            -281.89642333984375,
            3020.66162109375,
            237.20498657226562
        ],
        [
            "lfin",
            -285.375244140625,
            2943.766845703125,
            129.9585418701172
        ],
        [
            "rsho",
            -18.698442459106445,
            3634.03271484375,
            568.52001953125
        ],
        [
            "relb",
            -12.302886009216309,
            3813.41552734375,
            339.299072265625
        ],
        [
            "rwri",
            -158.96615600585938,
            3915.20947265625,
            177.1648712158203
        ],
        [
            "rthu",
            -237.27392578125,
            3874.19970703125,
            217.6135711669922
        ],
        [
            "rfin",
            -242.0381622314453,
            3974.33056640625,
            125.72476959228516
        ],
        [
            "pelv",
            -40.64475631713867,
            3496.109375,
            126.01119232177734
        ]
    ],
    "pose3d1": [],
    "pose3d2": []
}