{
    "boxes": [
        [
            319.6916809082031,
            41.13534927368164
        ]
    ],
    "skeleton": "h36m_25",
    "joints": [
        "rhip",
        "rkne",
        "rank",
        "rfoo",
        "rtoe",
        "lhip",
        "lkne",
        "lank",
        "lfoo",
        "ltoe",
        "spin",
        "neck",
        "head",
        "htop",
        "lsho",
        "lelb",
        "lwri",
        "lthu",
        "lfin",
        "rsho",
        "relb",
        "rwri",
        "rthu",
        "rfin",
        "pelv"
    ],
    "pose3d": [
        [
            "rhip",
            38.55012130737305,
            3570.79248046875,
            133.95523071289062
        ],
        [
            "rkne",
            40.860862731933594,
            3532.88916015625,
            -351.9104309082031
        ],
        [
            "rank",
            107.49742126464844,
            3508.173095703125,
            -802.246826171875
        ],
        [
            "rfoo",
            -24.300289154052734,
            3588.93701171875,
            -847.9324340820312
        ],
        [
            "rtoe",
            -87.35887145996094,
            3627.849609375,
            -856.8817138671875
        ],
        [
            "lhip",
            -99.5932388305664,
            3340.48486328125,
            137.974609375
        ],
        [
            "lkne",
            -123.4423599243164,
            3304.807373046875,
            -342.9897766113281
        ],
        [
            "lank",
            -97.06672668457031,
            3216.480224609375,
            -812.3902587890625
        ],
        [
            "lfoo",
            -215.26181030273438,
            3280.70654296875,
            -849.5012817382812
        ],
        [
            "ltoe",
            -274.78155517578125,
            3310.799560546875,
            -850.0841674804688
        ],
        [
            "spin",
            -8.223018646240234,
            3469.41552734375,
            360.5618591308594
        ],
        [
            "neck",
            -33.958152770996094,
            3490.1328125,
            603.8695068359375
        ],
        [
            "head",
            -92.26741027832031,
            3520.85888671875,
            689.4301147460938
        ],
        [
            "htop",
            -43.18480682373047,
            3489.145263671875,
            785.1558837890625
        ],
        [
            "lsho",
            -89.47045135498047,
            3356.543701171875,
            546.6558227539062
        ],
        [
            "lelb",
            -225.8607177734375,
            3219.332275390625,
            333.8033752441406
        ],
        [
            "lwri",
            -431.43359375,
            3199.254638671875,
            177.4648895263672
        ],
        [
            "lthu",
            -491.71435546875,
            3251.7685546875,
            226.55105590820312
        ],
        [
            "lfin",
            -531.1798706054688,
            3175.39501953125,
            112.75770568847656
        ],
        [
            "rsho",
            41.474449157714844,
            3604.66943359375,
            546.0965576171875
        ],
        [
            "relb",
            149.1053466796875,
            3744.453125,
            308.64678955078125
        ],
        [
            "rwri",
            22.03959083557129,
            3831.84912109375,
            105.50782775878906
        ],
        [
            "rthu",
            -60.27842330932617,
            3802.135498046875,
            132.251708984375
        ],
        [
            "rfin",
            -33.951026916503906,
            3899.413330078125,
            42.153480529785156
        ],
        [
            "pelv",
            -28.73257827758789,
            3451.8203125,
            131.99172973632812
        ]
    ],
    "pose3d1": [],
    "pose3d2": []
}