{
    "boxes": [
        [
            312.5644836425781,
            39.556785583496094
        ]
    ],
    "skeleton": "h36m_25",
    "joints": [
        "rhip",
        "rkne",
        "rank",
        "rfoo",
        "rtoe",
        "lhip",
        "lkne",
        "lank",
        "lfoo",
        "ltoe",
        "spin",
        "neck",
        "head",
        "htop",
        "lsho",
        "lelb",
        "lwri",
        "lthu",
        "lfin",
        "rsho",
        "relb",
        "rwri",
        "rthu",
        "rfin",
        "pelv"
    ],
    "pose3d": [
        [
            "rhip",
            66.91761779785156,
            3525.788330078125,
            128.40863037109375
        ],
        [
            "rkne",
            68.75243377685547,
            3489.74658203125,
            -352.4188537597656
        ],
        [
            "rank",
            131.59056091308594,
            3449.397705078125,
            -797.4303588867188
        ],
        [
            "rfoo",
            19.688125610351562,
            3550.899169921875,
            -840.6630859375
        ],
        [
            "rtoe",
            -34.49922180175781,
            3598.254638671875,
            -847.7965087890625
        ],
        [
            "lhip",
            -113.919189453125,
            3328.31640625,
            136.7854461669922
        ],
        [
            "lkne",
            -138.37335205078125,
            3284.43017578125,
            -340.9502868652344
        ],
        [
            "lank",
            -123.2442626953125,
            3189.46826171875,
            -801.0799560546875
        ],
        [
            "lfoo",
            -220.28823852539062,
            3280.076904296875,
            -839.7205200195312
        ],
        [
            "ltoe",
            -271.80267333984375,
            3323.846923828125,
            -840.8517456054688
        ],
        [
            "spin",
            -8.67597484588623,
            3437.56005859375,
            351.29986572265625
        ],
        [
            "neck",
            -29.6229190826416,
            3459.947265625,
            596.5621948242188
        ],
        [
            "head",
            -77.26578521728516,
            3508.19482421875,
            679.7989501953125
        ],
        [
            "htop",
            -37.33651351928711,
            3465.90771484375,
            776.7084350585938
        ],
        [
            "lsho",
            -105.9032974243164,
            3343.666748046875,
            537.28857421875
        ],
        [
            "lelb",
            -270.1731872558594,
            3235.581787109375,
            332.66705322265625
        ],
        [
            "lwri",
            -476.53118896484375,
            3265.06396484375,
            175.03945922851562
        ],
        [
            "lthu",
            -510.2865295410156,
            3327.20703125,
            214.62893676757812
        ],
        [
            "lfin",
            -581.5100708007812,
            3265.27783203125,
            111.82978820800781
        ],
        [
            "rsho",
            69.10684204101562,
            3556.78125,
            535.2413330078125
        ],
        [
            "relb",
            205.8865203857422,
            3702.072265625,
            323.170166015625
        ],
        [
            "rwri",
            166.2056427001953,
            3877.418701171875,
            159.80508422851562
        ],
        [
            "rthu",
            81.23986053466797,
            3872.52490234375,
            186.9054718017578
        ],
        [
            "rfin",
            153.76071166992188,
            3981.69775390625,
            108.36541748046875
        ],
        [
            "pelv",
            -23.14858055114746,
            3424.36572265625,
            129.5465850830078
        ]
    ],
    "pose3d1": [],
    "pose3d2": []
}