{
    "boxes": [
        [
            418.39105224609375,
            37.82344436645508
        ]
    ],
    "skeleton": "h36m_25",
    "joints": [
        "rhip",
        "rkne",
        "rank",
        "rfoo",
        "rtoe",
        "lhip",
        "lkne",
        "lank",
        "lfoo",
        "ltoe",
        "spin",
        "neck",
        "head",
        "htop",
        "lsho",
        "lelb",
        "lwri",
        "lthu",
        "lfin",
        "rsho",
        "relb",
        "rwri",
        "rthu",
        "rfin",
        "pelv"
    ],
    "pose3d": [
        [
            "rhip",
            -51.77880096435547,
            3213.16259765625,
            129.290771484375
        ],
        [
            "rkne",
            -51.25493240356445,
            3196.1103515625,
            -344.65093994140625
        ],
        [
            "rank",
            -126.1876220703125,
            3186.93603515625,
            -798.5696411132812
        ],
        [
            "rfoo",
            -7.029440402984619,
            3119.02490234375,
            -846.6646728515625
        ],
        [
            "rtoe",
            47.582454681396484,
            3086.49169921875,
            -852.09033203125
        ],
        [
            "lhip",
            119.19940185546875,
            3429.25390625,
            120.88330078125
        ],
        [
            "lkne",
            130.86476135253906,
            3420.426513671875,
            -346.9383239746094
        ],
        [
            "lank",
            108.4889144897461,
            3466.00537109375,
            -790.5791015625
        ],
        [
            "lfoo",
            212.43997192382812,
            3396.56982421875,
            -837.0452270507812
        ],
        [
            "ltoe",
            265.409912109375,
            3365.677001953125,
            -843.5340576171875
        ],
        [
            "spin",
            12.954826354980469,
            3355.587158203125,
            340.0638122558594
        ],
        [
            "neck",
            20.933015823364258,
            3342.489501953125,
            587.1427001953125
        ],
        [
            "head",
            85.28179931640625,
            3290.35693359375,
            657.3482666015625
        ],
        [
            "htop",
            37.45928192138672,
            3321.078857421875,
            757.6375732421875
        ],
        [
            "lsho",
            87.71480560302734,
            3453.24365234375,
            526.575927734375
        ],
        [
            "lelb",
            232.66000366210938,
            3578.0703125,
            316.96234130859375
        ],
        [
            "lwri",
            427.6190490722656,
            3622.68115234375,
            168.4925537109375
        ],
        [
            "lthu",
            488.15362548828125,
            3559.766845703125,
            207.6372528076172
        ],
        [
            "lfin",
            526.953369140625,
            3668.346435546875,
            112.9233627319336
        ],
        [
            "rsho",
            -65.23344421386719,
            3237.82568359375,
            524.7257080078125
        ],
        [
            "relb",
            -181.02517700195312,
            3076.68408203125,
            335.8553466796875
        ],
        [
            "rwri",
            -138.41543579101562,
            2886.45361328125,
            183.5033721923828
        ],
        [
            "rthu",
            -42.59740447998047,
            2877.09326171875,
            202.2356414794922
        ],
        [
            "rfin",
            -120.61125183105469,
            2784.957763671875,
            131.03086853027344
        ],
        [
            "pelv",
            31.10062026977539,
            3322.006591796875,
            121.52690124511719
        ]
    ],
    "pose3d1": [],
    "pose3d2": []
}