{
    "boxes": [
        [
            417.2407531738281,
            41.506874084472656
        ]
    ],
    "skeleton": "h36m_25",
    "joints": [
        "rhip",
        "rkne",
        "rank",
        "rfoo",
        "rtoe",
        "lhip",
        "lkne",
        "lank",
        "lfoo",
        "ltoe",
        "spin",
        "neck",
        "head",
        "htop",
        "lsho",
        "lelb",
        "lwri",
        "lthu",
        "lfin",
        "rsho",
        "relb",
        "rwri",
        "rthu",
        "rfin",
        "pelv"
    ],
    "pose3d": [
        [
            "rhip",
            116.29090881347656,
            3293.909423828125,
            135.63980102539062
        ],
        [
            "rkne",
            135.8974151611328,
            3249.33154296875,
            -339.6721496582031
        ],
        [
            "rank",
            122.30393981933594,
            3145.611328125,
            -795.0228271484375
        ],
        [
            "rfoo",
            214.73709106445312,
            3240.43359375,
            -833.1898193359375
        ],
        [
            "rtoe",
            262.55279541015625,
            3283.73876953125,
            -832.4592895507812
        ],
        [
            "lhip",
            -77.74203491210938,
            3478.26416015625,
            129.72525024414062
        ],
        [
            "lkne",
            -76.37289428710938,
            3442.443359375,
            -347.12933349609375
        ],
        [
            "lank",
            -142.12753295898438,
            3395.071533203125,
            -788.3426513671875
        ],
        [
            "lfoo",
            -36.85518264770508,
            3498.76318359375,
            -829.7203369140625
        ],
        [
            "ltoe",
            13.568893432617188,
            3550.27880859375,
            -835.6793823242188
        ],
        [
            "spin",
            3.3753228187561035,
            3393.98486328125,
            343.152099609375
        ],
        [
            "neck",
            21.420047760009766,
            3419.24462890625,
            589.2352905273438
        ],
        [
            "head",
            66.04210662841797,
            3476.26025390625,
            663.589111328125
        ],
        [
            "htop",
            31.269229888916016,
            3437.19873046875,
            766.2245483398438
        ],
        [
            "lsho",
            -80.7095947265625,
            3507.92578125,
            525.4544677734375
        ],
        [
            "lelb",
            -220.0729522705078,
            3648.00830078125,
            320.7904052734375
        ],
        [
            "lwri",
            -197.97109985351562,
            3836.11328125,
            171.36398315429688
        ],
        [
            "lthu",
            -117.36507415771484,
            3843.49365234375,
            199.80511474609375
        ],
        [
            "lfin",
            -191.88101196289062,
            3946.100830078125,
            119.5872573852539
        ],
        [
            "rsho",
            103.14778137207031,
            3310.401123046875,
            528.96875
        ],
        [
            "relb",
            268.0989685058594,
            3203.892578125,
            327.84136962890625
        ],
        [
            "rwri",
            476.2039489746094,
            3229.693115234375,
            171.1058807373047
        ],
        [
            "rthu",
            506.7889099121094,
            3290.303955078125,
            209.2276611328125
        ],
        [
            "rfin",
            578.112548828125,
            3229.059814453125,
            107.85160064697266
        ],
        [
            "pelv",
            18.35437774658203,
            3385.053466796875,
            128.86370849609375
        ]
    ],
    "pose3d1": [],
    "pose3d2": []
}