{
    "boxes": [
        [
            329.8729553222656,
            41.61098098754883
        ]
    ],
    "skeleton": "h36m_25",
    "joints": [
        "rhip",
        "rkne",
        "rank",
        "rfoo",
        "rtoe",
        "lhip",
        "lkne",
        "lank",
        "lfoo",
        "ltoe",
        "spin",
        "neck",
        "head",
        "htop",
        "lsho",
        "lelb",
        "lwri",
        "lthu",
        "lfin",
        "rsho",
        "relb",
        "rwri",
        "rthu",
        "rfin",
        "pelv"
    ],
    "pose3d": [
        [
            "rhip",
            18.29446792602539,
            3632.120361328125,
            133.26515197753906
        ],
        [
            "rkne",
            15.535969734191895,
            3605.54052734375,
            -361.63446044921875
        ],
        [
            "rank",
            77.80856323242188,
            3601.822265625,
            -818.0794677734375
        ],
        [
            "rfoo",
            -55.67833709716797,
            3672.919189453125,
            -866.4892578125
        ],
        [
            "rtoe",
            -116.70760345458984,
            3706.88037109375,
            -874.5828247070312
        ],
        [
            "lhip",
            -89.08711242675781,
            3381.647705078125,
            132.03890991210938
        ],
        [
            "lkne",
            -107.99761962890625,
            3352.56884765625,
            -352.1290283203125
        ],
        [
            "lank",
            -69.37046813964844,
            3275.16748046875,
            -829.4357299804688
        ],
        [
            "lfoo",
            -200.56411743164062,
            3319.06494140625,
            -868.8927612304688
        ],
        [
            "ltoe",
            -263.3971252441406,
            3337.440673828125,
            -869.1793212890625
        ],
        [
            "spin",
            -8.301336288452148,
            3518.58740234375,
            364.9311828613281
        ],
        [
            "neck",
            -33.54084014892578,
            3535.53369140625,
            610.4122314453125
        ],
        [
            "head",
            -101.9232177734375,
            3552.71533203125,
            696.3932495117188
        ],
        [
            "htop",
            -51.614227294921875,
            3532.74560546875,
            792.6146850585938
        ],
        [
            "lsho",
            -70.00907897949219,
            3389.529296875,
            555.4814453125
        ],
        [
            "lelb",
            -174.3916015625,
            3223.707763671875,
            340.3343811035156
        ],
        [
            "lwri",
            -369.6502990722656,
            3156.575439453125,
            181.5240936279297
        ],
        [
            "lthu",
            -446.39691162109375,
            3199.22314453125,
            233.93826293945312
        ],
        [
            "lfin",
            -461.9197692871094,
            3111.1640625,
            116.7913818359375
        ],
        [
            "rsho",
            26.792236328125,
            3661.79931640625,
            553.5452880859375
        ],
        [
            "relb",
            92.75071716308594,
            3823.828857421875,
            307.32135009765625
        ],
        [
            "rwri",
            -44.899208068847656,
            3919.22021484375,
            121.35139465332031
        ],
        [
            "rthu",
            -118.93011474609375,
            3877.81201171875,
            148.30947875976562
        ],
        [
            "rfin",
            -106.802734375,
            3989.30859375,
            61.90201950073242
        ],
        [
            "pelv",
            -33.332862854003906,
            3501.89892578125,
            128.17848205566406
        ]
    ],
    "pose3d1": [],
    "pose3d2": []
}