{
    "boxes": [
        [
            442.402587890625,
            37.04202651977539
        ]
    ],
    "skeleton": "h36m_25",
    "joints": [
        "rhip",
        "rkne",
        "rank",
        "rfoo",
        "rtoe",
        "lhip",
        "lkne",
        "lank",
        "lfoo",
        "ltoe",
        "spin",
        "neck",
        "head",
        "htop",
        "lsho",
        "lelb",
        "lwri",
        "lthu",
        "lfin",
        "rsho",
        "relb",
        "rwri",
        "rthu",
        "rfin",
        "pelv"
    ],
    "pose3d": [
        [
            "rhip",
            4.1182169914245605,
            3232.5546875,
            135.50277709960938
        ],
        [
            "rkne",
            -1.0627539157867432,
            3238.125732421875,
            -344.3511962890625
        ],
        [
            "rank",
            -67.47903442382812,
            3217.43310546875,
            -813.6768188476562
        ],
        [
            "rfoo",
            71.51409149169922,
            3191.66796875,
            -856.32958984375
        ],
        [
            "rtoe",
            138.121337890625,
            3175.9873046875,
            -850.5567626953125
        ],
        [
            "lhip",
            77.39453887939453,
            3492.76904296875,
            131.20582580566406
        ],
        [
            "lkne",
            95.33442687988281,
            3471.841064453125,
            -344.2362365722656
        ],
        [
            "lank",
            44.49571990966797,
            3487.953857421875,
            -797.5779418945312
        ],
        [
            "lfoo",
            172.8730926513672,
            3467.67822265625,
            -838.8746948242188
        ],
        [
            "ltoe",
            235.31961059570312,
            3460.194091796875,
            -839.41845703125
        ],
        [
            "spin",
            13.856666564941406,
            3391.47509765625,
            348.9419250488281
        ],
        [
            "neck",
            29.004608154296875,
            3395.018310546875,
            600.5289916992188
        ],
        [
            "head",
            104.87113952636719,
            3377.74951171875,
            673.0599365234375
        ],
        [
            "htop",
            44.615638732910156,
            3382.82177734375,
            765.93798828125
        ],
        [
            "lsho",
            51.486419677734375,
            3513.651611328125,
            541.3373413085938
        ],
        [
            "lelb",
            130.00717163085938,
            3664.483154296875,
            318.15106201171875
        ],
        [
            "lwri",
            311.8200378417969,
            3746.1796875,
            170.76171875
        ],
        [
            "lthu",
            392.4178161621094,
            3695.934326171875,
            207.98330688476562
        ],
        [
            "lfin",
            401.94573974609375,
            3820.089111328125,
            111.59130859375
        ],
        [
            "rsho",
            -16.37530517578125,
            3266.109130859375,
            544.0530395507812
        ],
        [
            "relb",
            -70.88188171386719,
            3090.280517578125,
            334.18463134765625
        ],
        [
            "rwri",
            45.99822235107422,
            2928.423828125,
            180.8245849609375
        ],
        [
            "rthu",
            118.85948181152344,
            2930.72509765625,
            225.10971069335938
        ],
        [
            "rfin",
            89.74121856689453,
            2817.58251953125,
            124.0954360961914
        ],
        [
            "pelv",
            37.93280029296875,
            3363.56005859375,
            127.6098861694336
        ]
    ],
    "pose3d1": [],
    "pose3d2": []
}