{
    "boxes": [
        [
            336.4508056640625,
            32.958702087402344
        ]
    ],
    "skeleton": "h36m_25",
    "joints": [
        "rhip",
        "rkne",
        "rank",
        "rfoo",
        "rtoe",
        "lhip",
        "lkne",
        "lank",
        "lfoo",
        "ltoe",
        "spin",
        "neck",
        "head",
        "htop",
        "lsho",
        "lelb",
        "lwri",
        "lthu",
        "lfin",
        "rsho",
        "relb",
        "rwri",
        "rthu",
        "rfin",
        "pelv"
    ],
    "pose3d": [
        [
            "rhip",
            120.79541015625,
            3382.196044921875,
            137.4767608642578
        ],
        [
            "rkne",
            139.39956665039062,
            3322.24169921875,
            -334.701904296875
        ],
        [
            "rank",
            188.33639526367188,
            3246.042236328125,
            -777.2203979492188
        ],
        [
            "rfoo",
            152.2974853515625,
            3385.05859375,
            -813.4922485351562
        ],
        [
            "rtoe",
            138.47068786621094,
            3448.95361328125,
            -814.5064086914062
        ],
        [
            "lhip",
            -133.39556884765625,
            3350.94970703125,
            143.44204711914062
        ],
        [
            "lkne",
            -155.85128784179688,
            3282.57666015625,
            -330.3072204589844
        ],
        [
            "lank",
            -183.69387817382812,
            3187.70068359375,
            -773.4266357421875
        ],
        [
            "lfoo",
            -204.5925750732422,
            3323.507080078125,
            -809.9332275390625
        ],
        [
            "ltoe",
            -218.21994018554688,
            3390.63134765625,
            -809.5189208984375
        ],
        [
            "spin",
            -0.720516562461853,
            3372.54052734375,
            341.93511962890625
        ],
        [
            "neck",
            -8.103877067565918,
            3403.533203125,
            586.3502807617188
        ],
        [
            "head",
            -9.582209587097168,
            3476.338623046875,
            662.5827026367188
        ],
        [
            "htop",
            -7.394445896148682,
            3418.91259765625,
            763.20751953125
        ],
        [
            "lsho",
            -134.58567810058594,
            3378.78466796875,
            518.9998779296875
        ],
        [
            "lelb",
            -340.68115234375,
            3396.809326171875,
            332.04827880859375
        ],
        [
            "lwri",
            -488.6302185058594,
            3546.690673828125,
            171.76988220214844
        ],
        [
            "lthu",
            -451.77081298828125,
            3609.45556640625,
            199.6529083251953
        ],
        [
            "lfin",
            -565.42919921875,
            3612.194580078125,
            109.68304443359375
        ],
        [
            "rsho",
            125.20774841308594,
            3410.810546875,
            521.4346923828125
        ],
        [
            "relb",
            325.5460510253906,
            3461.74560546875,
            334.2054443359375
        ],
        [
            "rwri",
            435.6708068847656,
            3633.17822265625,
            176.16299438476562
        ],
        [
            "rthu",
            378.0238342285156,
            3686.15673828125,
            201.83914184570312
        ],
        [
            "rfin",
            495.8282775878906,
            3718.327392578125,
            120.81990051269531
        ],
        [
            "pelv",
            -6.20567512512207,
            3363.438720703125,
            134.70118713378906
        ]
    ],
    "pose3d1": [],
    "pose3d2": []
}