{
    "boxes": [
        [
            400.4056091308594,
            38.54252243041992
        ]
    ],
    "skeleton": "h36m_25",
    "joints": [
        "rhip",
        "rkne",
        "rank",
        "rfoo",
        "rtoe",
        "lhip",
        "lkne",
        "lank",
        "lfoo",
        "ltoe",
        "spin",
        "neck",
        "head",
        "htop",
        "lsho",
        "lelb",
        "lwri",
        "lthu",
        "lfin",
        "rsho",
        "relb",
        "rwri",
        "rthu",
        "rfin",
        "pelv"
    ],
    "pose3d": [
        [
            "rhip",
            -74.02143096923828,
            3207.6796875,
            126.2741470336914
        ],
        [
            "rkne",
            -74.4476089477539,
            3176.040771484375,
            -340.279541015625
        ],
        [
            "rank",
            -149.35122680664062,
            3170.16162109375,
            -790.1048583984375
        ],
        [
            "rfoo",
            -49.401309967041016,
            3087.298828125,
            -841.9685668945312
        ],
        [
            "rtoe",
            -3.2278008460998535,
            3047.236328125,
            -849.4486083984375
        ],
        [
            "lhip",
            130.8919677734375,
            3384.69580078125,
            118.9435043334961
        ],
        [
            "lkne",
            143.0832977294922,
            3364.602294921875,
            -344.8124694824219
        ],
        [
            "lank",
            134.8593292236328,
            3425.22802734375,
            -784.757568359375
        ],
        [
            "lfoo",
            222.9542236328125,
            3335.124267578125,
            -833.53515625
        ],
        [
            "ltoe",
            268.2317810058594,
            3294.998779296875,
            -842.5758666992188
        ],
        [
            "spin",
            13.464452743530273,
            3332.06103515625,
            332.987060546875
        ],
        [
            "neck",
            18.135221481323242,
            3319.89990234375,
            581.9331665039062
        ],
        [
            "head",
            70.36605072021484,
            3253.64013671875,
            651.2399291992188
        ],
        [
            "htop",
            32.49248123168945,
            3296.067626953125,
            753.2312622070312
        ],
        [
            "lsho",
            105.22340393066406,
            3413.162109375,
            516.16943359375
        ],
        [
            "lelb",
            270.49871826171875,
            3503.17578125,
            311.35821533203125
        ],
        [
            "lwri",
            467.4698181152344,
            3494.631591796875,
            162.8796844482422
        ],
        [
            "lthu",
            508.8919982910156,
            3422.56494140625,
            202.64447021484375
        ],
        [
            "lfin",
            565.4044799804688,
            3508.167236328125,
            105.24127197265625
        ],
        [
            "rsho",
            -85.29527282714844,
            3239.69677734375,
            518.2059326171875
        ],
        [
            "relb",
            -228.24655151367188,
            3102.1103515625,
            330.7217102050781
        ],
        [
            "rwri",
            -221.1483612060547,
            2900.999267578125,
            184.6806640625
        ],
        [
            "rthu",
            -134.4868621826172,
            2871.028564453125,
            205.53347778320312
        ],
        [
            "rfin",
            -224.9140625,
            2800.764404296875,
            124.48869323730469
        ],
        [
            "pelv",
            27.113590240478516,
            3295.10693359375,
            119.28878021240234
        ]
    ],
    "pose3d1": [],
    "pose3d2": []
}