{
    "boxes": [
        [
            352.79937744140625,
            40.2788200378418
        ]
    ],
    "skeleton": "h36m_25",
    "joints": [
        "rhip",
        "rkne",
        "rank",
        "rfoo",
        "rtoe",
        "lhip",
        "lkne",
        "lank",
        "lfoo",
        "ltoe",
        "spin",
        "neck",
        "head",
        "htop",
        "lsho",
        "lelb",
        "lwri",
        "lthu",
        "lfin",
        "rsho",
        "relb",
        "rwri",
        "rthu",
        "rfin",
        "pelv"
    ],
    "pose3d": [
        [
            "rhip",
            126.7136459350586,
            3364.120361328125,
            141.85890197753906
        ],
        [
            "rkne",
            150.3422393798828,
            3303.242919921875,
            -331.86126708984375
        ],
        [
            "rank",
            185.8612823486328,
            3218.026611328125,
            -773.766357421875
        ],
        [
            "rfoo",
            188.0248260498047,
            3358.095703125,
            -811.2355346679688
        ],
        [
            "rtoe",
            191.35757446289062,
            3423.524658203125,
            -810.7312622070312
        ],
        [
            "lhip",
            -127.43575286865234,
            3373.305908203125,
            140.03176879882812
        ],
        [
            "lkne",
            -145.56466674804688,
            3297.223876953125,
            -330.37579345703125
        ],
        [
            "lank",
            -184.9034423828125,
            3198.968017578125,
            -769.7521362304688
        ],
        [
            "lfoo",
            -174.98171997070312,
            3328.21630859375,
            -813.1867065429688
        ],
        [
            "ltoe",
            -172.26712036132812,
            3392.664794921875,
            -814.110107421875
        ],
        [
            "spin",
            -0.2916295528411865,
            3377.626953125,
            342.40185546875
        ],
        [
            "neck",
            0.03224661201238632,
            3411.585205078125,
            587.3927001953125
        ],
        [
            "head",
            -0.26777544617652893,
            3484.026123046875,
            663.7418212890625
        ],
        [
            "htop",
            0.0013698339462280273,
            3424.81005859375,
            766.0641479492188
        ],
        [
            "lsho",
            -131.3368377685547,
            3407.701904296875,
            521.9133911132812
        ],
        [
            "lelb",
            -333.73272705078125,
            3449.12451171875,
            334.4144287109375
        ],
        [
            "lwri",
            -455.11700439453125,
            3617.48486328125,
            175.33023071289062
        ],
        [
            "lthu",
            -400.84002685546875,
            3672.418701171875,
            201.82391357421875
        ],
        [
            "lfin",
            -515.0317993164062,
            3697.106201171875,
            115.81398010253906
        ],
        [
            "rsho",
            130.66909790039062,
            3396.968017578125,
            522.1846923828125
        ],
        [
            "relb",
            336.0765075683594,
            3420.7734375,
            335.5887756347656
        ],
        [
            "rwri",
            476.54974365234375,
            3572.35888671875,
            175.01510620117188
        ],
        [
            "rthu",
            429.68048095703125,
            3634.76708984375,
            198.1795196533203
        ],
        [
            "rfin",
            549.4927978515625,
            3640.483642578125,
            115.22145080566406
        ],
        [
            "pelv",
            0.2099728286266327,
            3365.655517578125,
            135.10833740234375
        ]
    ],
    "pose3d1": [],
    "pose3d2": []
}