{
    "boxes": [
        [
            445.8804016113281,
            26.04944610595703
        ]
    ],
    "skeleton": "h36m_25",
    "joints": [
        "rhip",
        "rkne",
        "rank",
        "rfoo",
        "rtoe",
        "lhip",
        "lkne",
        "lank",
        "lfoo",
        "ltoe",
        "spin",
        "neck",
        "head",
        "htop",
        "lsho",
        "lelb",
        "lwri",
        "lthu",
        "lfin",
        "rsho",
        "relb",
        "rwri",
        "rthu",
        "rfin",
        "pelv"
    ],
    "pose3d": [
        [
            "rhip",
            41.69600296020508,
            3299.02587890625,
            126.18354797363281
        ],
        [
            "rkne",
            28.446142196655273,
            3303.393798828125,
            -357.2995300292969
        ],
        [
            "rank",
            -33.37122344970703,
            3271.81396484375,
            -831.8934326171875
        ],
        [
            "rfoo",
            109.32633209228516,
            3260.45947265625,
            -873.3204956054688
        ],
        [
            "rtoe",
            178.69216918945312,
            3249.1357421875,
            -872.07177734375
        ],
        [
            "lhip",
            40.37794876098633,
            3572.206298828125,
            127.24635314941406
        ],
        [
            "lkne",
            58.76372528076172,
            3577.79052734375,
            -356.0821228027344
        ],
        [
            "lank",
            12.858647346496582,
            3585.160888671875,
            -812.5009765625
        ],
        [
            "lfoo",
            149.22531127929688,
            3596.048095703125,
            -860.8443603515625
        ],
        [
            "ltoe",
            217.9203338623047,
            3601.59228515625,
            -866.2197265625
        ],
        [
            "spin",
            -0.4440583288669586,
            3452.018310546875,
            359.1514587402344
        ],
        [
            "neck",
            25.711441040039062,
            3466.339111328125,
            603.5385131835938
        ],
        [
            "head",
            101.9929428100586,
            3462.071533203125,
            683.8246459960938
        ],
        [
            "htop",
            47.318233489990234,
            3463.58447265625,
            780.4188232421875
        ],
        [
            "lsho",
            11.627299308776855,
            3590.79541015625,
            547.5198974609375
        ],
        [
            "lelb",
            8.944400787353516,
            3760.64453125,
            314.9077453613281
        ],
        [
            "lwri",
            121.3609390258789,
            3868.17333984375,
            158.49349975585938
        ],
        [
            "lthu",
            216.2080841064453,
            3831.166748046875,
            199.12399291992188
        ],
        [
            "lfin",
            196.490966796875,
            3939.50634765625,
            89.97685241699219
        ],
        [
            "rsho",
            9.039803504943848,
            3318.305908203125,
            549.4169311523438
        ],
        [
            "relb",
            -5.08718204498291,
            3115.489013671875,
            342.0084533691406
        ],
        [
            "rwri",
            135.03378295898438,
            2965.48681640625,
            185.09242248535156
        ],
        [
            "rthu",
            220.2882080078125,
            2972.5048828125,
            220.16641235351562
        ],
        [
            "rfin",
            207.52978515625,
            2864.276611328125,
            119.27371978759766
        ],
        [
            "pelv",
            36.466163635253906,
            3434.61962890625,
            122.09456634521484
        ]
    ],
    "pose3d1": [],
    "pose3d2": []
}