{
    "boxes": [
        [
            331.77978515625,
            40.80396270751953
        ]
    ],
    "skeleton": "h36m_25",
    "joints": [
        "rhip",
        "rkne",
        "rank",
        "rfoo",
        "rtoe",
        "lhip",
        "lkne",
        "lank",
        "lfoo",
        "ltoe",
        "spin",
        "neck",
        "head",
        "htop",
        "lsho",
        "lelb",
        "lwri",
        "lthu",
        "lfin",
        "rsho",
        "relb",
        "rwri",
        "rthu",
        "rfin",
        "pelv"
    ],
    "pose3d": [
        [
            "rhip",
            -126.2449722290039,
            3408.193359375,
            118.99007415771484
        ],
        [
            "rkne",
            -138.03158569335938,
            3402.52880859375,
            -347.42254638671875
        ],
        [
            "rank",
            -120.60191345214844,
            3458.16162109375,
            -790.7439575195312
        ],
        [
            "rfoo",
            -221.6970672607422,
            3377.66357421875,
            -830.1396484375
        ],
        [
            "rtoe",
            -270.49053955078125,
            3340.905029296875,
            -836.9793090820312
        ],
        [
            "lhip",
            55.582550048828125,
            3202.3896484375,
            122.7171630859375
        ],
        [
            "lkne",
            52.330078125,
            3195.495849609375,
            -350.0254211425781
        ],
        [
            "lank",
            126.94773864746094,
            3186.05419921875,
            -801.4554443359375
        ],
        [
            "lfoo",
            7.886752128601074,
            3112.30224609375,
            -843.8903198242188
        ],
        [
            "ltoe",
            -47.074554443359375,
            3076.10009765625,
            -849.6536254882812
        ],
        [
            "spin",
            -17.039968490600586,
            3334.614501953125,
            332.65185546875
        ],
        [
            "neck",
            -25.8619441986084,
            3321.55517578125,
            581.6029052734375
        ],
        [
            "head",
            -83.59163665771484,
            3265.22412109375,
            655.0521850585938
        ],
        [
            "htop",
            -38.16334915161133,
            3306.922607421875,
            754.4842529296875
        ],
        [
            "lsho",
            63.54545211791992,
            3221.0263671875,
            520.193115234375
        ],
        [
            "lelb",
            183.20272827148438,
            3063.305419921875,
            330.41485595703125
        ],
        [
            "lwri",
            147.21099853515625,
            2869.791015625,
            186.34132385253906
        ],
        [
            "lthu",
            51.19175338745117,
            2851.4775390625,
            206.2534637451172
        ],
        [
            "lfin",
            135.2289581298828,
            2762.7294921875,
            130.62521362304688
        ],
        [
            "rsho",
            -95.1263656616211,
            3429.751220703125,
            521.7823486328125
        ],
        [
            "relb",
            -242.81094360351562,
            3558.71337890625,
            317.4275207519531
        ],
        [
            "rwri",
            -441.1617126464844,
            3602.7421875,
            168.58108520507812
        ],
        [
            "rthu",
            -498.4115295410156,
            3537.073486328125,
            205.17782592773438
        ],
        [
            "rfin",
            -539.8359985351562,
            3645.01513671875,
            112.87635803222656
        ],
        [
            "pelv",
            -32.271209716796875,
            3306.30859375,
            117.58956146240234
        ]
    ],
    "pose3d1": [],
    "pose3d2": []
}