{
    "boxes": [
        [
            314.0436096191406,
            34.03911209106445
        ]
    ],
    "skeleton": "h36m_25",
    "joints": [
        "rhip",
        "rkne",
        "rank",
        "rfoo",
        "rtoe",
        "lhip",
        "lkne",
        "lank",
        "lfoo",
        "ltoe",
        "spin",
        "neck",
        "head",
        "htop",
        "lsho",
        "lelb",
        "lwri",
        "lthu",
        "lfin",
        "rsho",
        "relb",
        "rwri",
        "rthu",
        "rfin",
        "pelv"
    ],
    "pose3d": [
        [
            "rhip",
            -141.45631408691406,
            3373.73583984375,
            116.72380065917969
        ],
        [
            "rkne",
            -156.65927124023438,
            3351.080810546875,
            -342.5746765136719
        ],
        [
            "rank",
            -166.61825561523438,
            3429.915283203125,
            -792.2291259765625
        ],
        [
            "rfoo",
            -229.8932342529297,
            3312.26611328125,
            -835.0845947265625
        ],
        [
            "rtoe",
            -262.15032958984375,
            3256.022216796875,
            -843.9948120117188
        ],
        [
            "lhip",
            98.84869384765625,
            3249.74169921875,
            118.09847259521484
        ],
        [
            "lkne",
            98.39840698242188,
            3213.059814453125,
            -339.4955139160156
        ],
        [
            "lank",
            168.3363800048828,
            3227.899658203125,
            -791.2365112304688
        ],
        [
            "lfoo",
            87.63308715820312,
            3121.14404296875,
            -842.00244140625
        ],
        [
            "ltoe",
            50.038352966308594,
            3070.51806640625,
            -850.7760620117188
        ],
        [
            "spin",
            -13.460823059082031,
            3337.36865234375,
            329.0276794433594
        ],
        [
            "neck",
            -18.531421661376953,
            3325.65185546875,
            580.4681396484375
        ],
        [
            "head",
            -53.563682556152344,
            3248.44091796875,
            652.4342041015625
        ],
        [
            "htop",
            -29.997802734375,
            3301.93994140625,
            756.01416015625
        ],
        [
            "lsho",
            101.334716796875,
            3270.168212890625,
            514.8834228515625
        ],
        [
            "lelb",
            273.1460266113281,
            3166.44384765625,
            322.4635314941406
        ],
        [
            "lwri",
            299.8512878417969,
            2960.586669921875,
            184.47164916992188
        ],
        [
            "lthu",
            219.3809051513672,
            2917.887451171875,
            209.39572143554688
        ],
        [
            "lfin",
            324.4608459472656,
            2847.857666015625,
            128.17198181152344
        ],
        [
            "rsho",
            -125.02181243896484,
            3400.13037109375,
            513.4375
        ],
        [
            "relb",
            -309.6790771484375,
            3450.77099609375,
            315.210693359375
        ],
        [
            "rwri",
            -483.9654846191406,
            3340.383544921875,
            164.01626586914062
        ],
        [
            "rthu",
            -497.008056640625,
            3261.06005859375,
            204.0179901123047
        ],
        [
            "rfin",
            -577.0009155273438,
            3304.03564453125,
            106.68853759765625
        ],
        [
            "pelv",
            -21.360301971435547,
            3310.07275390625,
            114.90848541259766
        ]
    ],
    "pose3d1": [],
    "pose3d2": []
}