{
    "boxes": [
        [
            323.86376953125,
            35.447139739990234
        ]
    ],
    "skeleton": "h36m_25",
    "joints": [
        "rhip",
        "rkne",
        "rank",
        "rfoo",
        "rtoe",
        "lhip",
        "lkne",
        "lank",
        "lfoo",
        "ltoe",
        "spin",
        "neck",
        "head",
        "htop",
        "lsho",
        "lelb",
        "lwri",
        "lthu",
        "lfin",
        "rsho",
        "relb",
        "rwri",
        "rthu",
        "rfin",
        "pelv"
    ],
    "pose3d": [
        [
            "rhip",
            114.62358093261719,
            3443.494140625,
            137.45199584960938
        ],
        [
            "rkne",
            128.58424377441406,
            3390.94384765625,
            -339.53607177734375
        ],
        [
            "rank",
            184.52645874023438,
            3319.52685546875,
            -785.4631958007812
        ],
        [
            "rfoo",
            127.36698150634766,
            3453.49267578125,
            -825.9537963867188
        ],
        [
            "rtoe",
            102.89444732666016,
            3514.56298828125,
            -829.2962036132812
        ],
        [
            "lhip",
            -133.56756591796875,
            3367.35693359375,
            144.26608276367188
        ],
        [
            "lkne",
            -157.68643188476562,
            3302.49755859375,
            -335.34759521484375
        ],
        [
            "lank",
            -178.64190673828125,
            3197.47998046875,
            -782.763671875
        ],
        [
            "lfoo",
            -220.0992431640625,
            3329.24755859375,
            -823.5765380859375
        ],
        [
            "ltoe",
            -242.56051635742188,
            3392.89404296875,
            -824.474609375
        ],
        [
            "spin",
            -4.053231239318848,
            3416.197998046875,
            347.92706298828125
        ],
        [
            "neck",
            -15.292486190795898,
            3447.6953125,
            591.6507568359375
        ],
        [
            "head",
            -21.712474822998047,
            3518.50927734375,
            672.2054443359375
        ],
        [
            "htop",
            -14.938054084777832,
            3457.632080078125,
            773.740966796875
        ],
        [
            "lsho",
            -136.8663787841797,
            3396.46484375,
            526.59423828125
        ],
        [
            "lelb",
            -344.08837890625,
            3379.052734375,
            331.4317321777344
        ],
        [
            "lwri",
            -514.9458618164062,
            3507.997314453125,
            172.55880737304688
        ],
        [
            "lthu",
            -493.43145751953125,
            3572.95849609375,
            200.93043518066406
        ],
        [
            "lfin",
            -602.9942626953125,
            3558.595703125,
            108.65849304199219
        ],
        [
            "rsho",
            121.1713638305664,
            3480.796142578125,
            527.0424194335938
        ],
        [
            "relb",
            316.2986755371094,
            3566.007080078125,
            333.81243896484375
        ],
        [
            "rwri",
            388.40240478515625,
            3753.599609375,
            181.39222717285156
        ],
        [
            "rthu",
            319.629150390625,
            3793.466064453125,
            207.97000122070312
        ],
        [
            "rfin",
            434.7605895996094,
            3857.91357421875,
            129.17428588867188
        ],
        [
            "pelv",
            -9.399144172668457,
            3403.34814453125,
            135.7877655029297
        ]
    ],
    "pose3d1": [],
    "pose3d2": []
}