{
    "boxes": [
        [
            447.093505859375,
            37.01739501953125
        ]
    ],
    "skeleton": "h36m_25",
    "joints": [
        "rhip",
        "rkne",
        "rank",
        "rfoo",
        "rtoe",
        "lhip",
        "lkne",
        "lank",
        "lfoo",
        "ltoe",
        "spin",
        "neck",
        "head",
        "htop",
        "lsho",
        "lelb",
        "lwri",
        "lthu",
        "lfin",
        "rsho",
        "relb",
        "rwri",
        "rthu",
        "rfin",
        "pelv"
    ],
    "pose3d": [
        [
            "rhip",
            48.073707580566406,
            3329.34619140625,
            130.32455444335938
        ],
        [
            "rkne",
            61.87322998046875,
            3318.18212890625,
            -345.3612976074219
        ],
        [
            "rank",
            1.2076756954193115,
            3270.71728515625,
            -826.2796630859375
        ],
        [
            "rfoo",
            141.4051971435547,
            3270.967529296875,
            -871.7947387695312
        ],
        [
            "rtoe",
            209.4699249267578,
            3267.79443359375,
            -871.9290771484375
        ],
        [
            "lhip",
            29.012676239013672,
            3600.13623046875,
            136.58572387695312
        ],
        [
            "lkne",
            29.409454345703125,
            3588.46240234375,
            -353.95281982421875
        ],
        [
            "lank",
            -25.74844741821289,
            3597.100830078125,
            -816.9476318359375
        ],
        [
            "lfoo",
            116.00892639160156,
            3624.822265625,
            -859.6826171875
        ],
        [
            "ltoe",
            184.2676239013672,
            3642.21142578125,
            -861.20556640625
        ],
        [
            "spin",
            -0.004332974553108215,
            3468.708251953125,
            361.48785400390625
        ],
        [
            "neck",
            29.25472640991211,
            3476.208251953125,
            617.3184204101562
        ],
        [
            "head",
            107.1376953125,
            3478.66015625,
            689.1314697265625
        ],
        [
            "htop",
            49.45540237426758,
            3474.01806640625,
            785.0050659179688
        ],
        [
            "lsho",
            12.69537353515625,
            3605.830810546875,
            564.7920532226562
        ],
        [
            "lelb",
            -9.374800682067871,
            3777.48974609375,
            332.0724182128906
        ],
        [
            "lwri",
            135.20013427734375,
            3879.572265625,
            175.8014678955078
        ],
        [
            "lthu",
            210.3497314453125,
            3839.73193359375,
            218.14266967773438
        ],
        [
            "lfin",
            211.03097534179688,
            3942.813232421875,
            119.5358657836914
        ],
        [
            "rsho",
            26.90731430053711,
            3333.16650390625,
            555.79345703125
        ],
        [
            "relb",
            57.677833557128906,
            3137.63427734375,
            333.74481201171875
        ],
        [
            "rwri",
            224.6146697998047,
            3012.52294921875,
            186.02035522460938
        ],
        [
            "rthu",
            303.2052001953125,
            3014.650146484375,
            232.38851928710938
        ],
        [
            "rfin",
            303.1122741699219,
            2927.174072265625,
            119.38126373291016
        ],
        [
            "pelv",
            35.01597213745117,
            3464.995361328125,
            130.08973693847656
        ]
    ],
    "pose3d1": [],
    "pose3d2": []
}