{
    "boxes": [
        [
            315.6368103027344,
            37.421688079833984
        ]
    ],
    "skeleton": "h36m_25",
    "joints": [
        "rhip",
        "rkne",
        "rank",
        "rfoo",
        "rtoe",
        "lhip",
        "lkne",
        "lank",
        "lfoo",
        "ltoe",
        "spin",
        "neck",
        "head",
        "htop",
        "lsho",
        "lelb",
        "lwri",
        "lthu",
        "lfin",
        "rsho",
        "relb",
        "rwri",
        "rthu",
        "rfin",
        "pelv"
    ],
    "pose3d": [
        [
            "rhip",
            101.8958969116211,
            3458.184814453125,
            134.41273498535156
        ],
        [
            "rkne",
            111.43892669677734,
            3413.423828125,
            -341.67083740234375
        ],
        [
            "rank",
            171.11656188964844,
            3347.73583984375,
            -784.9441528320312
        ],
        [
            "rfoo",
            97.7780532836914,
            3475.39111328125,
            -827.9547729492188
        ],
        [
            "rtoe",
            64.09785461425781,
            3532.328857421875,
            -832.51806640625
        ],
        [
            "lhip",
            -130.50927734375,
            3341.10986328125,
            142.52877807617188
        ],
        [
            "lkne",
            -157.12167358398438,
            3287.34375,
            -334.95477294921875
        ],
        [
            "lank",
            -165.55331420898438,
            3179.04248046875,
            -785.0515747070312
        ],
        [
            "lfoo",
            -222.77548217773438,
            3302.33447265625,
            -824.7840576171875
        ],
        [
            "ltoe",
            -254.3873291015625,
            3361.80517578125,
            -826.8654174804688
        ],
        [
            "spin",
            -5.539329528808594,
            3412.846435546875,
            347.1261291503906
        ],
        [
            "neck",
            -20.955646514892578,
            3446.311279296875,
            590.5735473632812
        ],
        [
            "head",
            -39.76610565185547,
            3515.536376953125,
            671.8541259765625
        ],
        [
            "htop",
            -24.987842559814453,
            3458.723388671875,
            773.5372314453125
        ],
        [
            "lsho",
            -130.2537841796875,
            3370.56787109375,
            527.8189697265625
        ],
        [
            "lelb",
            -330.20806884765625,
            3319.16015625,
            330.0120849609375
        ],
        [
            "lwri",
            -520.8445434570312,
            3420.98974609375,
            170.84815979003906
        ],
        [
            "lthu",
            -518.9716796875,
            3486.994140625,
            204.43069458007812
        ],
        [
            "lfin",
            -618.9505004882812,
            3457.626953125,
            106.87870788574219
        ],
        [
            "rsho",
            109.0517578125,
            3501.07568359375,
            525.40673828125
        ],
        [
            "relb",
            289.09857177734375,
            3609.8828125,
            328.243896484375
        ],
        [
            "rwri",
            326.03448486328125,
            3806.83447265625,
            181.94210815429688
        ],
        [
            "rthu",
            246.5500030517578,
            3834.161376953125,
            210.3881378173828
        ],
        [
            "rfin",
            354.40521240234375,
            3921.22607421875,
            129.64181518554688
        ],
        [
            "pelv",
            -14.495267868041992,
            3397.053466796875,
            134.33355712890625
        ]
    ],
    "pose3d1": [],
    "pose3d2": []
}