{
    "boxes": [
        [
            354.389892578125,
            34.01375961303711
        ]
    ],
    "skeleton": "h36m_25",
    "joints": [
        "rhip",
        "rkne",
        "rank",
        "rfoo",
        "rtoe",
        "lhip",
        "lkne",
        "lank",
        "lfoo",
        "ltoe",
        "spin",
        "neck",
        "head",
        "htop",
        "lsho",
        "lelb",
        "lwri",
        "lthu",
        "lfin",
        "rsho",
        "relb",
        "rwri",
        "rthu",
        "rfin",
        "pelv"
    ],
    "pose3d": [
        [
            "rhip",
            -117.02408599853516,
            3255.50927734375,
            123.06275939941406
        ],
        [
            "rkne",
            -116.8861312866211,
            3191.56396484375,
            -333.13763427734375
        ],
        [
            "rank",
            -182.86277770996094,
            3218.97119140625,
            -787.057861328125
        ],
        [
            "rfoo",
            -125.8698501586914,
            3099.129150390625,
            -837.4144287109375
        ],
        [
            "rtoe",
            -101.40511322021484,
            3041.21875,
            -845.4259643554688
        ],
        [
            "lhip",
            140.5646514892578,
            3341.828857421875,
            122.81687927246094
        ],
        [
            "lkne",
            155.34262084960938,
            3302.139404296875,
            -336.9139709472656
        ],
        [
            "lank",
            172.01931762695312,
            3382.510986328125,
            -785.4244384765625
        ],
        [
            "lfoo",
            216.5691375732422,
            3251.98583984375,
            -831.6907958984375
        ],
        [
            "ltoe",
            239.8821563720703,
            3192.83837890625,
            -839.8857421875
        ],
        [
            "spin",
            6.5974931716918945,
            3328.21826171875,
            329.8255310058594
        ],
        [
            "neck",
            7.03720235824585,
            3316.84619140625,
            580.9695434570312
        ],
        [
            "head",
            35.166526794433594,
            3235.296875,
            652.3768920898438
        ],
        [
            "htop",
            17.81005096435547,
            3290.75341796875,
            754.6680908203125
        ],
        [
            "lsho",
            125.84657287597656,
            3369.95068359375,
            511.15740966796875
        ],
        [
            "lelb",
            320.40936279296875,
            3388.565673828125,
            314.58441162109375
        ],
        [
            "lwri",
            485.791259765625,
            3255.96630859375,
            163.4162139892578
        ],
        [
            "lthu",
            480.1615295410156,
            3172.753173828125,
            196.04295349121094
        ],
        [
            "lfin",
            575.77001953125,
            3197.500732421875,
            109.5430908203125
        ],
        [
            "rsho",
            -119.1704330444336,
            3284.28369140625,
            513.8272094726562
        ],
        [
            "relb",
            -303.9104919433594,
            3211.346435546875,
            324.4161376953125
        ],
        [
            "rwri",
            -358.58563232421875,
            2998.5478515625,
            182.79855346679688
        ],
        [
            "rthu",
            -289.42376708984375,
            2943.306884765625,
            206.8942108154297
        ],
        [
            "rfin",
            -399.0184020996094,
            2894.078857421875,
            125.08122253417969
        ],
        [
            "pelv",
            12.009771347045898,
            3294.80419921875,
            121.00887298583984
        ]
    ],
    "pose3d1": [],
    "pose3d2": []
}