{
    "boxes": [
        [
            347.55120849609375,
            41.31605911254883
        ]
    ],
    "skeleton": "h36m_25",
    "joints": [
        "rhip",
        "rkne",
        "rank",
        "rfoo",
        "rtoe",
        "lhip",
        "lkne",
        "lank",
        "lfoo",
        "ltoe",
        "spin",
        "neck",
        "head",
        "htop",
        "lsho",
        "lelb",
        "lwri",
        "lthu",
        "lfin",
        "rsho",
        "relb",
        "rwri",
        "rthu",
        "rfin",
        "pelv"
    ],
    "pose3d": [
        [
            "rhip",
            -108.9471206665039,
            3452.65869140625,
            123.50309753417969
        ],
        [
            "rkne",
            -123.08451843261719,
            3436.329345703125,
            -342.17279052734375
        ],
        [
            "rank",
            -93.12548828125,
            3470.8125,
            -793.3009643554688
        ],
        [
            "rfoo",
            -207.94650268554688,
            3420.43505859375,
            -834.9476318359375
        ],
        [
            "rtoe",
            -264.4698791503906,
            3397.794921875,
            -840.2404174804688
        ],
        [
            "lhip",
            20.59255027770996,
            3213.69091796875,
            132.03062438964844
        ],
        [
            "lkne",
            25.843374252319336,
            3202.653076171875,
            -343.72235107421875
        ],
        [
            "lank",
            98.41092681884766,
            3185.232421875,
            -806.2936401367188
        ],
        [
            "lfoo",
            -35.54786682128906,
            3134.571044921875,
            -846.7095947265625
        ],
        [
            "ltoe",
            -95.00643920898438,
            3108.365966796875,
            -849.4553833007812
        ],
        [
            "spin",
            -17.242115020751953,
            3364.53369140625,
            342.12109375
        ],
        [
            "neck",
            -28.388370513916016,
            3356.6796875,
            590.0908813476562
        ],
        [
            "head",
            -95.4159164428711,
            3320.70068359375,
            665.380859375
        ],
        [
            "htop",
            -42.83966827392578,
            3343.97705078125,
            763.9022216796875
        ],
        [
            "lsho",
            41.250831604003906,
            3237.98046875,
            528.2620849609375
        ],
        [
            "lelb",
            132.75157165527344,
            3066.756591796875,
            335.2571105957031
        ],
        [
            "lwri",
            58.19146728515625,
            2882.15087890625,
            181.18820190429688
        ],
        [
            "lthu",
            -33.25675582885742,
            2874.95849609375,
            208.8894805908203
        ],
        [
            "lfin",
            32.180580139160156,
            2771.280517578125,
            134.4409637451172
        ],
        [
            "rsho",
            -75.62796783447266,
            3475.440673828125,
            532.5213623046875
        ],
        [
            "relb",
            -198.64988708496094,
            3622.58349609375,
            319.33209228515625
        ],
        [
            "rwri",
            -388.1177673339844,
            3699.362060546875,
            171.05567932128906
        ],
        [
            "rthu",
            -462.75531005859375,
            3642.067138671875,
            208.98770141601562
        ],
        [
            "rfin",
            -484.7359313964844,
            3760.688232421875,
            118.18338775634766
        ],
        [
            "pelv",
            -40.60662841796875,
            3334.139892578125,
            124.1680679321289
        ]
    ],
    "pose3d1": [],
    "pose3d2": []
}