{
    "boxes": [
        [
            384.9970703125,
            26.297571182250977
        ]
    ],
    "skeleton": "h36m_25",
    "joints": [
        "rhip",
        "rkne",
        "rank",
        "rfoo",
        "rtoe",
        "lhip",
        "lkne",
        "lank",
        "lfoo",
        "ltoe",
        "spin",
        "neck",
        "head",
        "htop",
        "lsho",
        "lelb",
        "lwri",
        "lthu",
        "lfin",
        "rsho",
        "relb",
        "rwri",
        "rthu",
        "rfin",
        "pelv"
    ],
    "pose3d": [
        [
            "rhip",
            -64.13529205322266,
            3568.641357421875,
            130.71755981445312
        ],
        [
            "rkne",
            -80.7768325805664,
            3571.696044921875,
            -349.67608642578125
        ],
        [
            "rank",
            -27.60227394104004,
            3591.78369140625,
            -815.4865112304688
        ],
        [
            "rfoo",
            -158.2311248779297,
            3587.766357421875,
            -861.2444458007812
        ],
        [
            "rtoe",
            -225.0181427001953,
            3585.303466796875,
            -867.22021484375
        ],
        [
            "lhip",
            -31.00381851196289,
            3293.56201171875,
            127.96321105957031
        ],
        [
            "lkne",
            -23.69625473022461,
            3317.272216796875,
            -356.894287109375
        ],
        [
            "lank",
            37.35118103027344,
            3308.62841796875,
            -835.3858642578125
        ],
        [
            "lfoo",
            -107.42866516113281,
            3292.821533203125,
            -878.3430786132812
        ],
        [
            "ltoe",
            -175.04751586914062,
            3275.712646484375,
            -880.1195068359375
        ],
        [
            "spin",
            -3.4762940406799316,
            3449.643310546875,
            361.1263122558594
        ],
        [
            "neck",
            -32.012184143066406,
            3458.25537109375,
            603.519775390625
        ],
        [
            "head",
            -107.3514404296875,
            3452.821044921875,
            681.4976196289062
        ],
        [
            "htop",
            -55.4362678527832,
            3451.486328125,
            781.3312377929688
        ],
        [
            "lsho",
            -8.656682014465332,
            3310.40576171875,
            548.5104370117188
        ],
        [
            "lelb",
            14.691988945007324,
            3110.34130859375,
            341.3007507324219
        ],
        [
            "lwri",
            -118.79378509521484,
            2950.7587890625,
            184.76535034179688
        ],
        [
            "lthu",
            -204.98965454101562,
            2952.316162109375,
            216.3841552734375
        ],
        [
            "lfin",
            -188.82217407226562,
            2841.603271484375,
            126.34318542480469
        ],
        [
            "rsho",
            -27.766826629638672,
            3584.302734375,
            547.285400390625
        ],
        [
            "relb",
            -55.725730895996094,
            3753.878173828125,
            319.3804931640625
        ],
        [
            "rwri",
            -204.2576446533203,
            3849.822998046875,
            179.48077392578125
        ],
        [
            "rthu",
            -290.7796630859375,
            3803.044189453125,
            207.90896606445312
        ],
        [
            "rfin",
            -305.411865234375,
            3904.625,
            122.10172271728516
        ],
        [
            "pelv",
            -43.730079650878906,
            3431.67529296875,
            125.40187072753906
        ]
    ],
    "pose3d1": [],
    "pose3d2": []
}