{
    "boxes": [
        [
            350.6114501953125,
            42.78902053833008
        ]
    ],
    "skeleton": "h36m_25",
    "joints": [
        "rhip",
        "rkne",
        "rank",
        "rfoo",
        "rtoe",
        "lhip",
        "lkne",
        "lank",
        "lfoo",
        "ltoe",
        "spin",
        "neck",
        "head",
        "htop",
        "lsho",
        "lelb",
        "lwri",
        "lthu",
        "lfin",
        "rsho",
        "relb",
        "rwri",
        "rthu",
        "rfin",
        "pelv"
    ],
    "pose3d": [
        [
            "rhip",
            -16.486543655395508,
            3676.307861328125,
            129.14944458007812
        ],
        [
            "rkne",
            -8.918256759643555,
            3665.10791015625,
            -365.5118408203125
        ],
        [
            "rank",
            45.02458572387695,
            3675.434814453125,
            -829.2721557617188
        ],
        [
            "rfoo",
            -97.07334899902344,
            3724.436279296875,
            -874.1080322265625
        ],
        [
            "rtoe",
            -160.61029052734375,
            3750.891357421875,
            -875.4669189453125
        ],
        [
            "lhip",
            -73.07453918457031,
            3404.46240234375,
            123.81727600097656
        ],
        [
            "lkne",
            -84.58457946777344,
            3391.4140625,
            -360.4903869628906
        ],
        [
            "lank",
            -32.81953048706055,
            3333.029296875,
            -841.5126953125
        ],
        [
            "lfoo",
            -174.33509826660156,
            3356.975830078125,
            -884.7862548828125
        ],
        [
            "ltoe",
            -239.0240936279297,
            3365.141357421875,
            -884.5833740234375
        ],
        [
            "spin",
            -3.2023138999938965,
            3542.36767578125,
            366.2702941894531
        ],
        [
            "neck",
            -36.41730499267578,
            3550.469970703125,
            615.5020751953125
        ],
        [
            "head",
            -105.44901275634766,
            3561.4765625,
            702.6306762695312
        ],
        [
            "htop",
            -54.90186309814453,
            3547.042236328125,
            799.6190185546875
        ],
        [
            "lsho",
            -49.74839782714844,
            3397.87353515625,
            558.0718383789062
        ],
        [
            "lelb",
            -111.81744384765625,
            3209.817138671875,
            334.70361328125
        ],
        [
            "lwri",
            -293.976806640625,
            3098.095703125,
            187.9681854248047
        ],
        [
            "lthu",
            -379.1289978027344,
            3127.983154296875,
            239.5554656982422
        ],
        [
            "lfin",
            -377.927001953125,
            3030.1787109375,
            123.46681213378906
        ],
        [
            "rsho",
            -4.3365325927734375,
            3687.068359375,
            566.356201171875
        ],
        [
            "relb",
            17.288982391357422,
            3874.656982421875,
            327.5227355957031
        ],
        [
            "rwri",
            -103.28181457519531,
            4007.86767578125,
            163.56304931640625
        ],
        [
            "rthu",
            -178.58372497558594,
            3981.97705078125,
            199.49063110351562
        ],
        [
            "rfin",
            -166.56137084960938,
            4105.00439453125,
            115.55384826660156
        ],
        [
            "pelv",
            -40.61906433105469,
            3536.33251953125,
            124.159423828125
        ]
    ],
    "pose3d1": [],
    "pose3d2": []
}