{
    "boxes": [
        [
            322.9742736816406,
            35.62306213378906
        ]
    ],
    "skeleton": "h36m_25",
    "joints": [
        "rhip",
        "rkne",
        "rank",
        "rfoo",
        "rtoe",
        "lhip",
        "lkne",
        "lank",
        "lfoo",
        "ltoe",
        "spin",
        "neck",
        "head",
        "htop",
        "lsho",
        "lelb",
        "lwri",
        "lthu",
        "lfin",
        "rsho",
        "relb",
        "rwri",
        "rthu",
        "rfin",
        "pelv"
    ],
    "pose3d": [
        [
            "rhip",
            -134.97573852539062,
            3371.406982421875,
            114.4693603515625
        ],
        [
            "rkne",
            -148.07632446289062,
            3354.635986328125,
            -345.2820739746094
        ],
        [
            "rank",
            -145.19857788085938,
            3423.87548828125,
            -782.9996337890625
        ],
        [
            "rfoo",
            -226.46435546875,
            3323.024169921875,
            -826.0228271484375
        ],
        [
            "rtoe",
            -268.6015319824219,
            3275.784423828125,
            -835.1663208007812
        ],
        [
            "lhip",
            75.7580337524414,
            3201.94677734375,
            118.79500579833984
        ],
        [
            "lkne",
            74.52098083496094,
            3171.459228515625,
            -339.42919921875
        ],
        [
            "lank",
            148.25613403320312,
            3163.771484375,
            -782.4358520507812
        ],
        [
            "lfoo",
            48.44669723510742,
            3072.61181640625,
            -832.2845458984375
        ],
        [
            "ltoe",
            1.9301315546035767,
            3029.357421875,
            -841.50439453125
        ],
        [
            "spin",
            -16.427297592163086,
            3318.962158203125,
            327.99761962890625
        ],
        [
            "neck",
            -22.25726890563965,
            3308.00537109375,
            577.912109375
        ],
        [
            "head",
            -68.61389923095703,
            3239.79345703125,
            649.724609375
        ],
        [
            "htop",
            -35.15777587890625,
            3288.92333984375,
            752.3001098632812
        ],
        [
            "lsho",
            83.72630310058594,
            3227.877197265625,
            515.028564453125
        ],
        [
            "lelb",
            228.71298217773438,
            3092.825439453125,
            324.427978515625
        ],
        [
            "lwri",
            226.2640380859375,
            2896.030029296875,
            182.4145050048828
        ],
        [
            "lthu",
            138.37960815429688,
            2860.984375,
            206.8415069580078
        ],
        [
            "lfin",
            232.0788116455078,
            2786.663818359375,
            125.70964050292969
        ],
        [
            "rsho",
            -110.4155502319336,
            3401.88037109375,
            513.7459106445312
        ],
        [
            "relb",
            -279.5529479980469,
            3500.99755859375,
            316.5663146972656
        ],
        [
            "rwri",
            -476.0400390625,
            3509.00634765625,
            165.2028045654297
        ],
        [
            "rthu",
            -519.795166015625,
            3435.95458984375,
            201.7801055908203
        ],
        [
            "rfin",
            -574.3317260742188,
            3530.123046875,
            107.2154312133789
        ],
        [
            "pelv",
            -28.55613136291504,
            3286.48974609375,
            113.9185562133789
        ]
    ],
    "pose3d1": [],
    "pose3d2": []
}