{
    "boxes": [
        [
            373.7418518066406,
            36.370994567871094
        ]
    ],
    "skeleton": "h36m_25",
    "joints": [
        "rhip",
        "rkne",
        "rank",
        "rfoo",
        "rtoe",
        "lhip",
        "lkne",
        "lank",
        "lfoo",
        "ltoe",
        "spin",
        "neck",
        "head",
        "htop",
        "lsho",
        "lelb",
        "lwri",
        "lthu",
        "lfin",
        "rsho",
        "relb",
        "rwri",
        "rthu",
        "rfin",
        "pelv"
    ],
    "pose3d": [
        [
            "rhip",
            -96.52740478515625,
            3234.443359375,
            124.94154357910156
        ],
        [
            "rkne",
            -97.50904083251953,
            3191.24853515625,
            -337.3803405761719
        ],
        [
            "rank",
            -170.0302734375,
            3202.868408203125,
            -789.2200317382812
        ],
        [
            "rfoo",
            -86.18155670166016,
            3102.46630859375,
            -843.1217651367188
        ],
        [
            "rtoe",
            -48.495933532714844,
            3053.58740234375,
            -852.3194580078125
        ],
        [
            "lhip",
            137.32456970214844,
            3369.70947265625,
            121.30812072753906
        ],
        [
            "lkne",
            152.37815856933594,
            3342.498046875,
            -339.03192138671875
        ],
        [
            "lank",
            157.45986938476562,
            3413.889404296875,
            -784.9359741210938
        ],
        [
            "lfoo",
            226.29238891601562,
            3301.31640625,
            -833.6471557617188
        ],
        [
            "ltoe",
            262.33734130859375,
            3249.88427734375,
            -843.6262817382812
        ],
        [
            "spin",
            11.227693557739258,
            3335.671875,
            331.9087829589844
        ],
        [
            "neck",
            14.435792922973633,
            3324.762451171875,
            581.3726806640625
        ],
        [
            "head",
            52.408477783203125,
            3246.42626953125,
            651.20458984375
        ],
        [
            "htop",
            26.942928314208984,
            3298.641845703125,
            753.2184448242188
        ],
        [
            "lsho",
            119.09969329833984,
            3399.989013671875,
            514.0504760742188
        ],
        [
            "lelb",
            299.60125732421875,
            3460.829345703125,
            313.82391357421875
        ],
        [
            "lwri",
            489.535888671875,
            3398.860107421875,
            163.65933227539062
        ],
        [
            "lthu",
            510.5118713378906,
            3317.147216796875,
            200.06564331054688
        ],
        [
            "lfin",
            584.24462890625,
            3381.091064453125,
            106.27938079833984
        ],
        [
            "rsho",
            -102.9783935546875,
            3267.7939453125,
            516.6002807617188
        ],
        [
            "relb",
            -272.873046875,
            3164.491455078125,
            326.4435119628906
        ],
        [
            "rwri",
            -296.6944580078125,
            2954.93798828125,
            183.98684692382812
        ],
        [
            "rthu",
            -221.37905883789062,
            2910.774658203125,
            208.94198608398438
        ],
        [
            "rfin",
            -316.5967102050781,
            2850.750732421875,
            123.71805572509766
        ],
        [
            "pelv",
            20.369049072265625,
            3299.563232421875,
            120.342529296875
        ]
    ],
    "pose3d1": [],
    "pose3d2": []
}