{
    "boxes": [
        [
            312.88299560546875,
            36.45747756958008
        ]
    ],
    "skeleton": "h36m_25",
    "joints": [
        "rhip",
        "rkne",
        "rank",
        "rfoo",
        "rtoe",
        "lhip",
        "lkne",
        "lank",
        "lfoo",
        "ltoe",
        "spin",
        "neck",
        "head",
        "htop",
        "lsho",
        "lelb",
        "lwri",
        "lthu",
        "lfin",
        "rsho",
        "relb",
        "rwri",
        "rthu",
        "rfin",
        "pelv"
    ],
    "pose3d": [
        [
            "rhip",
            89.1796875,
            3514.649658203125,
            131.25062561035156
        ],
        [
            "rkne",
            91.61402893066406,
            3476.494140625,
            -347.0480651855469
        ],
        [
            "rank",
            155.10507202148438,
            3417.219482421875,
            -795.7063598632812
        ],
        [
            "rfoo",
            60.09148406982422,
            3534.908203125,
            -840.0407104492188
        ],
        [
            "rtoe",
            14.78680419921875,
            3588.69189453125,
            -846.30712890625
        ],
        [
            "lhip",
            -122.95246887207031,
            3353.44140625,
            138.90953063964844
        ],
        [
            "lkne",
            -151.32586669921875,
            3310.403564453125,
            -340.5124206542969
        ],
        [
            "lank",
            -147.8087158203125,
            3207.604736328125,
            -800.1492919921875
        ],
        [
            "lfoo",
            -226.56265258789062,
            3316.72509765625,
            -838.6300048828125
        ],
        [
            "ltoe",
            -269.2474060058594,
            3369.65576171875,
            -840.0362548828125
        ],
        [
            "spin",
            -6.6668901443481445,
            3448.041015625,
            350.78814697265625
        ],
        [
            "neck",
            -26.23336410522461,
            3476.34130859375,
            595.1034545898438
        ],
        [
            "head",
            -62.635162353515625,
            3534.31884765625,
            680.1350708007812
        ],
        [
            "htop",
            -33.93321990966797,
            3481.55078125,
            778.8659057617188
        ],
        [
            "lsho",
            -120.08674621582031,
            3375.321533203125,
            534.6107788085938
        ],
        [
            "lelb",
            -309.055419921875,
            3290.61767578125,
            333.08251953125
        ],
        [
            "lwri",
            -511.95538330078125,
            3360.91552734375,
            174.1655731201172
        ],
        [
            "lthu",
            -529.0648193359375,
            3424.82568359375,
            212.624755859375
        ],
        [
            "lfin",
            -616.7183837890625,
            3381.09375,
            109.180908203125
        ],
        [
            "rsho",
            91.33248138427734,
            3556.358642578125,
            531.88916015625
        ],
        [
            "relb",
            253.55630493164062,
            3691.012939453125,
            328.249267578125
        ],
        [
            "rwri",
            254.8694305419922,
            3886.776611328125,
            181.1854705810547
        ],
        [
            "rthu",
            167.22970581054688,
            3898.646484375,
            206.7230987548828
        ],
        [
            "rfin",
            260.69268798828125,
            4003.764404296875,
            127.76911926269531
        ],
        [
            "pelv",
            -17.664403915405273,
            3431.53076171875,
            132.02731323242188
        ]
    ],
    "pose3d1": [],
    "pose3d2": []
}