{
    "boxes": [
        [
            369.2159729003906,
            41.284629821777344
        ]
    ],
    "skeleton": "h36m_25",
    "joints": [
        "rhip",
        "rkne",
        "rank",
        "rfoo",
        "rtoe",
        "lhip",
        "lkne",
        "lank",
        "lfoo",
        "ltoe",
        "spin",
        "neck",
        "head",
        "htop",
        "lsho",
        "lelb",
        "lwri",
        "lthu",
        "lfin",
        "rsho",
        "relb",
        "rwri",
        "rthu",
        "rfin",
        "pelv"
    ],
    "pose3d": [
        [
            "rhip",
            128.9522247314453,
            3350.38232421875,
            141.1018524169922
        ],
        [
            "rkne",
            154.35107421875,
            3292.365966796875,
            -333.250732421875
        ],
        [
            "rank",
            180.88531494140625,
            3189.055419921875,
            -774.736328125
        ],
        [
            "rfoo",
            211.2879180908203,
            3324.567138671875,
            -815.71923828125
        ],
        [
            "rtoe",
            228.57681274414062,
            3388.93212890625,
            -817.7193603515625
        ],
        [
            "lhip",
            -121.8944091796875,
            3399.62060546875,
            135.51358032226562
        ],
        [
            "lkne",
            -133.56275939941406,
            3329.713623046875,
            -334.83367919921875
        ],
        [
            "lank",
            -184.1497344970703,
            3225.97412109375,
            -771.2867431640625
        ],
        [
            "lfoo",
            -143.9805908203125,
            3355.80517578125,
            -812.8541259765625
        ],
        [
            "ltoe",
            -127.07527160644531,
            3419.40625,
            -814.03662109375
        ],
        [
            "spin",
            1.0073829889297485,
            3391.232421875,
            344.2378234863281
        ],
        [
            "neck",
            7.90307092666626,
            3430.52685546875,
            589.3853759765625
        ],
        [
            "head",
            12.615286827087402,
            3504.821044921875,
            665.4913940429688
        ],
        [
            "htop",
            9.620414733886719,
            3449.41845703125,
            769.3655395507812
        ],
        [
            "lsho",
            -125.35713958740234,
            3448.528564453125,
            523.885009765625
        ],
        [
            "lelb",
            -320.9891662597656,
            3513.7734375,
            334.92584228515625
        ],
        [
            "lwri",
            -406.3748474121094,
            3695.57080078125,
            179.02471923828125
        ],
        [
            "lthu",
            -344.39556884765625,
            3739.3515625,
            206.2676239013672
        ],
        [
            "lfin",
            -453.57843017578125,
            3791.25439453125,
            120.819091796875
        ],
        [
            "rsho",
            133.79859924316406,
            3389.467529296875,
            524.6729736328125
        ],
        [
            "relb",
            336.3714599609375,
            3369.204345703125,
            335.9966125488281
        ],
        [
            "rwri",
            500.6119689941406,
            3494.74267578125,
            171.52853393554688
        ],
        [
            "rthu",
            474.126220703125,
            3563.575439453125,
            192.68826293945312
        ],
        [
            "rfin",
            587.1842651367188,
            3546.24560546875,
            108.55607604980469
        ],
        [
            "pelv",
            3.662473678588867,
            3372.965576171875,
            133.817138671875
        ]
    ],
    "pose3d1": [],
    "pose3d2": []
}