{
    "boxes": [
        [
            383.56561279296875,
            41.84886169433594
        ]
    ],
    "skeleton": "h36m_25",
    "joints": [
        "rhip",
        "rkne",
        "rank",
        "rfoo",
        "rtoe",
        "lhip",
        "lkne",
        "lank",
        "lfoo",
        "ltoe",
        "spin",
        "neck",
        "head",
        "htop",
        "lsho",
        "lelb",
        "lwri",
        "lthu",
        "lfin",
        "rsho",
        "relb",
        "rwri",
        "rthu",
        "rfin",
        "pelv"
    ],
    "pose3d": [
        [
            "rhip",
            130.22064208984375,
            3364.61865234375,
            139.41090393066406
        ],
        [
            "rkne",
            154.5955047607422,
            3305.237060546875,
            -335.454345703125
        ],
        [
            "rank",
            169.8860321044922,
            3193.14697265625,
            -784.7617797851562
        ],
        [
            "rfoo",
            220.79263305664062,
            3316.522216796875,
            -828.8190307617188
        ],
        [
            "rtoe",
            250.11691284179688,
            3374.389892578125,
            -833.25048828125
        ],
        [
            "lhip",
            -112.05543518066406,
            3459.36572265625,
            131.55224609375
        ],
        [
            "lkne",
            -120.93391418457031,
            3404.999267578125,
            -340.7934875488281
        ],
        [
            "lank",
            -176.07662963867188,
            3324.783935546875,
            -786.7449951171875
        ],
        [
            "lfoo",
            -111.79715728759766,
            3450.149658203125,
            -827.0154418945312
        ],
        [
            "ltoe",
            -81.60574340820312,
            3510.141357421875,
            -828.6138916015625
        ],
        [
            "spin",
            3.342714786529541,
            3431.578125,
            347.5205383300781
        ],
        [
            "neck",
            14.323834419250488,
            3470.785888671875,
            592.44384765625
        ],
        [
            "head",
            31.81182861328125,
            3543.025390625,
            672.9015502929688
        ],
        [
            "htop",
            20.433589935302734,
            3490.13134765625,
            777.31005859375
        ],
        [
            "lsho",
            -117.20751953125,
            3514.22900390625,
            526.4082641601562
        ],
        [
            "lelb",
            -301.8701171875,
            3612.90576171875,
            331.0519104003906
        ],
        [
            "lwri",
            -351.244384765625,
            3807.270263671875,
            181.79824829101562
        ],
        [
            "lthu",
            -279.31396484375,
            3837.471435546875,
            212.12594604492188
        ],
        [
            "lfin",
            -383.016357421875,
            3919.532470703125,
            126.61393737792969
        ],
        [
            "rsho",
            132.8838653564453,
            3402.854736328125,
            529.8906860351562
        ],
        [
            "relb",
            331.81317138671875,
            3350.13134765625,
            332.950927734375
        ],
        [
            "rwri",
            514.7979736328125,
            3456.864501953125,
            173.56454467773438
        ],
        [
            "rthu",
            509.5293884277344,
            3521.447998046875,
            204.04159545898438
        ],
        [
            "rfin",
            612.679931640625,
            3495.623046875,
            109.5723876953125
        ],
        [
            "pelv",
            8.77680778503418,
            3410.677001953125,
            131.75051879882812
        ]
    ],
    "pose3d1": [],
    "pose3d2": []
}