{
    "boxes": [
        [
            315.9886169433594,
            35.328739166259766
        ]
    ],
    "skeleton": "h36m_25",
    "joints": [
        "rhip",
        "rkne",
        "rank",
        "rfoo",
        "rtoe",
        "lhip",
        "lkne",
        "lank",
        "lfoo",
        "ltoe",
        "spin",
        "neck",
        "head",
        "htop",
        "lsho",
        "lelb",
        "lwri",
        "lthu",
        "lfin",
        "rsho",
        "relb",
        "rwri",
        "rthu",
        "rfin",
        "pelv"
    ],
    "pose3d": [
        [
            "rhip",
            -143.7116241455078,
            3302.170654296875,
            114.13835144042969
        ],
        [
            "rkne",
            -152.1503143310547,
            3229.44775390625,
            -329.2952880859375
        ],
        [
            "rank",
            -182.7304229736328,
            3303.772705078125,
            -777.0618896484375
        ],
        [
            "rfoo",
            -204.8124237060547,
            3161.807861328125,
            -824.0289916992188
        ],
        [
            "rtoe",
            -217.0688934326172,
            3095.784912109375,
            -831.2755126953125
        ],
        [
            "lhip",
            128.07118225097656,
            3262.82861328125,
            114.01487731933594
        ],
        [
            "lkne",
            128.52536010742188,
            3217.716552734375,
            -337.3150329589844
        ],
        [
            "lank",
            186.0044403076172,
            3275.549072265625,
            -785.7372436523438
        ],
        [
            "lfoo",
            149.6444091796875,
            3138.739013671875,
            -837.27783203125
        ],
        [
            "ltoe",
            135.57806396484375,
            3076.766845703125,
            -848.8330078125
        ],
        [
            "spin",
            -5.299602031707764,
            3299.510986328125,
            321.4868469238281
        ],
        [
            "neck",
            -7.4794464111328125,
            3286.860107421875,
            574.5003662109375
        ],
        [
            "head",
            -21.457324981689453,
            3200.379150390625,
            646.2792358398438
        ],
        [
            "htop",
            -9.454090118408203,
            3262.56591796875,
            749.9732055664062
        ],
        [
            "lsho",
            122.1493148803711,
            3278.708251953125,
            506.59906005859375
        ],
        [
            "lelb",
            315.6427307128906,
            3232.13916015625,
            321.0070495605469
        ],
        [
            "lwri",
            406.86480712890625,
            3035.306884765625,
            176.1309356689453
        ],
        [
            "lthu",
            349.4669494628906,
            2967.51708984375,
            200.36941528320312
        ],
        [
            "lfin",
            466.5697326660156,
            2934.9990234375,
            120.2370834350586
        ],
        [
            "rsho",
            -132.4550323486328,
            3322.33740234375,
            506.16986083984375
        ],
        [
            "relb",
            -332.6637878417969,
            3332.95654296875,
            317.16424560546875
        ],
        [
            "rwri",
            -472.4175720214844,
            3159.06884765625,
            170.5166015625
        ],
        [
            "rthu",
            -452.71490478515625,
            3081.289306640625,
            202.4778289794922
        ],
        [
            "rfin",
            -554.1316528320312,
            3085.821533203125,
            114.76202392578125
        ],
        [
            "pelv",
            -7.122356414794922,
            3278.653564453125,
            112.68190002441406
        ]
    ],
    "pose3d1": [],
    "pose3d2": []
}