{
    "boxes": [
        [
            312.88299560546875,
            36.45747756958008
        ]
    ],
    "skeleton": "smpl+head_30",
    "joints": [
        "pelv_smpl",
        "lhip_smpl",
        "rhip_smpl",
        "bell_smpl",
        "lkne_smpl",
        "rkne_smpl",
        "spin_smpl",
        "lank_smpl",
        "rank_smpl",
        "thor_smpl",
        "ltoe_smpl",
        "rtoe_smpl",
        "neck_smpl",
        "lcla_smpl",
        "rcla_smpl",
        "head_smpl",
        "lsho_smpl",
        "rsho_smpl",
        "lelb_smpl",
        "relb_smpl",
        "lwri_smpl",
        "rwri_smpl",
        "lhan_smpl",
        "rhan_smpl",
        "nose_coco",
        "leye_coco",
        "lear_coco",
        "reye_coco",
        "rear_coco",
        "htop_mpi_inf_3dhp"
    ],
    "pose3d": [
        [
            "pelv_smpl",
            -18.901874542236328,
            3432.33349609375,
            95.37864685058594
        ],
        [
            "lhip_smpl",
            -67.94600677490234,
            3375.473388671875,
            7.506809234619141
        ],
        [
            "rhip_smpl",
            45.22577667236328,
            3456.26171875,
            1.7449833154678345
        ],
        [
            "bell_smpl",
            -6.764573097229004,
            3427.631591796875,
            198.98272705078125
        ],
        [
            "lkne_smpl",
            -148.5173797607422,
            3306.255126953125,
            -385.17596435546875
        ],
        [
            "rkne_smpl",
            91.18875885009766,
            3468.431640625,
            -391.8986511230469
        ],
        [
            "spin_smpl",
            -19.128311157226562,
            3453.887451171875,
            326.65863037109375
        ],
        [
            "lank_smpl",
            -153.2244873046875,
            3245.34326171875,
            -806.4951171875
        ],
        [
            "rank_smpl",
            123.80712890625,
            3438.126220703125,
            -803.502685546875
        ],
        [
            "thor_smpl",
            -34.114715576171875,
            3473.51416015625,
            374.8350524902344
        ],
        [
            "ltoe_smpl",
            -241.8394317626953,
            3314.149658203125,
            -855.3560791015625
        ],
        [
            "rtoe_smpl",
            68.1678695678711,
            3545.876953125,
            -860.65283203125
        ],
        [
            "neck_smpl",
            -14.327901840209961,
            3463.036376953125,
            585.5151977539062
        ],
        [
            "lcla_smpl",
            -74.29927062988281,
            3409.11376953125,
            493.45538330078125
        ],
        [
            "rcla_smpl",
            44.43019485473633,
            3509.779296875,
            491.49871826171875
        ],
        [
            "head_smpl",
            -44.06147003173828,
            3502.453857421875,
            653.7388916015625
        ],
        [
            "lsho_smpl",
            -149.89352416992188,
            3343.876220703125,
            496.8768005371094
        ],
        [
            "rsho_smpl",
            122.83612060546875,
            3576.774169921875,
            495.51861572265625
        ],
        [
            "lelb_smpl",
            -318.0269470214844,
            3276.703857421875,
            303.9674377441406
        ],
        [
            "relb_smpl",
            266.67950439453125,
            3692.29296875,
            305.1660461425781
        ],
        [
            "lwri_smpl",
            -524.5687866210938,
            3358.91796875,
            162.99853515625
        ],
        [
            "rwri_smpl",
            259.89190673828125,
            3898.598876953125,
            168.56768798828125
        ],
        [
            "lhan_smpl",
            -589.8827514648438,
            3382.346435546875,
            109.10847473144531
        ],
        [
            "rhan_smpl",
            262.5687561035156,
            3981.23291015625,
            126.03779602050781
        ],
        [
            "nose_coco",
            -89.3558120727539,
            3571.7578125,
            717.1779174804688
        ],
        [
            "leye_coco",
            -105.07342529296875,
            3533.83349609375,
            745.3111572265625
        ],
        [
            "lear_coco",
            -96.25982666015625,
            3442.95556640625,
            721.3168334960938
        ],
        [
            "reye_coco",
            -51.417510986328125,
            3573.69775390625,
            744.818115234375
        ],
        [
            "rear_coco",
            27.13921546936035,
            3533.375,
            719.5806884765625
        ],
        [
            "htop_mpi_inf_3dhp",
            -28.530202865600586,
            3482.553466796875,
            844.4485473632812
        ]
    ],
    "pose3d1": [],
    "pose3d2": []
}