{
    "boxes": [
        [
            429.7854309082031,
            38.22273635864258
        ]
    ],
    "skeleton": "smpl+head_30",
    "joints": [
        "pelv_smpl",
        "lhip_smpl",
        "rhip_smpl",
        "bell_smpl",
        "lkne_smpl",
        "rkne_smpl",
        "spin_smpl",
        "lank_smpl",
        "rank_smpl",
        "thor_smpl",
        "ltoe_smpl",
        "rtoe_smpl",
        "neck_smpl",
        "lcla_smpl",
        "rcla_smpl",
        "head_smpl",
        "lsho_smpl",
        "rsho_smpl",
        "lelb_smpl",
        "relb_smpl",
        "lwri_smpl",
        "rwri_smpl",
        "lhan_smpl",
        "rhan_smpl",
        "nose_coco",
        "leye_coco",
        "lear_coco",
        "reye_coco",
        "rear_coco",
        "htop_mpi_inf_3dhp"
    ],
    "pose3d": [
        [
            "pelv_smpl",
            21.858516693115234,
            3397.46533203125,
            96.8886489868164
        ],
        [
            "lhip_smpl",
            -28.609670639038086,
            3439.373779296875,
            3.788738965988159
        ],
        [
            "rhip_smpl",
            52.758506774902344,
            3329.91943359375,
            10.472579002380371
        ],
        [
            "bell_smpl",
            4.491414546966553,
            3396.19384765625,
            201.0623779296875
        ],
        [
            "lkne_smpl",
            -52.18487548828125,
            3471.897705078125,
            -394.1444396972656
        ],
        [
            "rkne_smpl",
            120.48280334472656,
            3249.2998046875,
            -383.5023498535156
        ],
        [
            "spin_smpl",
            17.06607437133789,
            3420.31103515625,
            330.549560546875
        ],
        [
            "lank_smpl",
            -83.3783950805664,
            3460.79296875,
            -801.2438354492188
        ],
        [
            "rank_smpl",
            112.89570617675781,
            3191.463134765625,
            -808.8876953125
        ],
        [
            "thor_smpl",
            36.72581100463867,
            3435.123779296875,
            377.5740661621094
        ],
        [
            "ltoe_smpl",
            5.803435325622559,
            3549.018798828125,
            -855.2404174804688
        ],
        [
            "rtoe_smpl",
            219.5675811767578,
            3225.35546875,
            -857.0111083984375
        ],
        [
            "neck_smpl",
            10.55288314819336,
            3438.843017578125,
            586.5216064453125
        ],
        [
            "lcla_smpl",
            -27.259323120117188,
            3498.438720703125,
            493.0164489746094
        ],
        [
            "rcla_smpl",
            53.2880744934082,
            3366.367919921875,
            496.34814453125
        ],
        [
            "head_smpl",
            53.740028381347656,
            3466.733154296875,
            650.3104858398438
        ],
        [
            "lsho_smpl",
            -77.86845397949219,
            3582.262939453125,
            493.99267578125
        ],
        [
            "rsho_smpl",
            108.70002746582031,
            3282.333984375,
            500.97320556640625
        ],
        [
            "lelb_smpl",
            -178.9093780517578,
            3681.17724609375,
            282.1673583984375
        ],
        [
            "relb_smpl",
            230.2539825439453,
            3172.2509765625,
            303.052978515625
        ],
        [
            "lwri_smpl",
            -66.9147720336914,
            3812.33251953125,
            105.4800033569336
        ],
        [
            "rwri_smpl",
            442.73712158203125,
            3150.17236328125,
            163.9666748046875
        ],
        [
            "lhan_smpl",
            -31.375864028930664,
            3865.341796875,
            54.24931716918945
        ],
        [
            "rhan_smpl",
            508.7251892089844,
            3140.95556640625,
            112.3416748046875
        ],
        [
            "nose_coco",
            122.9826431274414,
            3511.52294921875,
            708.0325317382812
        ],
        [
            "leye_coco",
            87.62309265136719,
            3527.62255859375,
            737.03955078125
        ],
        [
            "lear_coco",
            -4.208794116973877,
            3520.76806640625,
            714.1875610351562
        ],
        [
            "reye_coco",
            124.96795654296875,
            3471.64306640625,
            737.9852294921875
        ],
        [
            "rear_coco",
            84.2593002319336,
            3394.356689453125,
            715.5648803710938
        ],
        [
            "htop_mpi_inf_3dhp",
            28.521774291992188,
            3464.841796875,
            841.1578979492188
        ]
    ],
    "pose3d1": [],
    "pose3d2": []
}