{
    "boxes": [
        [
            369.2159729003906,
            41.284629821777344
        ]
    ],
    "skeleton": "smpl+head_30",
    "joints": [
        "pelv_smpl",
        "lhip_smpl",
        "rhip_smpl",
        "bell_smpl",
        "lkne_smpl",
        "rkne_smpl",
        "spin_smpl",
        "lank_smpl",
        "rank_smpl",
        "thor_smpl",
        "ltoe_smpl",
        "rtoe_smpl",
        "neck_smpl",
        "lcla_smpl",
        "rcla_smpl",
        "head_smpl",
        "lsho_smpl",
        "rsho_smpl",
        "lelb_smpl",
        "relb_smpl",
        "lwri_smpl",
        "rwri_smpl",
        "lhan_smpl",
        "rhan_smpl",
        "nose_coco",
        "leye_coco",
        "lear_coco",
        "reye_coco",
        "rear_coco",
        "htop_mpi_inf_3dhp"
    ],
    "pose3d": [
        [
            "pelv_smpl",
            4.598304271697998,
            3369.19677734375,
            96.6662826538086
        ],
        [
            "lhip_smpl",
            -67.55073547363281,
            3361.609375,
            5.888030052185059
        ],
        [
            "rhip_smpl",
            72.12564849853516,
            3336.89306640625,
            9.640514373779297
        ],
        [
            "bell_smpl",
            1.5380027294158936,
            3369.665283203125,
            199.26937866210938
        ],
        [
            "lkne_smpl",
            -131.14657592773438,
            3318.87646484375,
            -376.89483642578125
        ],
        [
            "rkne_smpl",
            151.75405883789062,
            3286.173828125,
            -376.71990966796875
        ],
        [
            "spin_smpl",
            5.760977745056152,
            3397.668701171875,
            323.6172180175781
        ],
        [
            "lank_smpl",
            -162.02200317382812,
            3252.704345703125,
            -777.545166015625
        ],
        [
            "rank_smpl",
            171.28567504882812,
            3225.649658203125,
            -780.7985229492188
        ],
        [
            "thor_smpl",
            10.893819808959961,
            3424.44384765625,
            369.4246520996094
        ],
        [
            "ltoe_smpl",
            -154.81732177734375,
            3361.234375,
            -829.4864501953125
        ],
        [
            "rtoe_smpl",
            226.8738250732422,
            3326.087890625,
            -831.08203125
        ],
        [
            "neck_smpl",
            3.2623801231384277,
            3413.975830078125,
            581.7754516601562
        ],
        [
            "lcla_smpl",
            -69.96446228027344,
            3425.083251953125,
            487.74432373046875
        ],
        [
            "rcla_smpl",
            78.35054779052734,
            3392.41845703125,
            488.0667419433594
        ],
        [
            "head_smpl",
            10.414484024047852,
            3466.549560546875,
            644.8443603515625
        ],
        [
            "lsho_smpl",
            -164.10147094726562,
            3449.35400390625,
            489.075439453125
        ],
        [
            "rsho_smpl",
            171.926025390625,
            3372.50341796875,
            488.399658203125
        ],
        [
            "lelb_smpl",
            -335.07135009765625,
            3503.87353515625,
            307.5745544433594
        ],
        [
            "relb_smpl",
            350.4922180175781,
            3353.380859375,
            309.6327209472656
        ],
        [
            "lwri_smpl",
            -414.98626708984375,
            3702.098876953125,
            167.3119354248047
        ],
        [
            "rwri_smpl",
            514.8284912109375,
            3493.95166015625,
            162.0901641845703
        ],
        [
            "lhan_smpl",
            -441.54656982421875,
            3771.464111328125,
            121.27335357666016
        ],
        [
            "rhan_smpl",
            566.7606811523438,
            3539.16357421875,
            110.29940032958984
        ],
        [
            "nose_coco",
            14.780932426452637,
            3554.346435546875,
            699.4910278320312
        ],
        [
            "leye_coco",
            -16.316120147705078,
            3536.997314453125,
            729.2115478515625
        ],
        [
            "lear_coco",
            -62.79450607299805,
            3460.89697265625,
            709.4566650390625
        ],
        [
            "reye_coco",
            44.61505889892578,
            3530.74072265625,
            730.3892211914062
        ],
        [
            "rear_coco",
            82.63707733154297,
            3444.47265625,
            712.1549072265625
        ],
        [
            "htop_mpi_inf_3dhp",
            8.954035758972168,
            3452.91650390625,
            833.8263549804688
        ]
    ],
    "pose3d1": [],
    "pose3d2": []
}