{
    "boxes": [
        [
            331.77978515625,
            40.80396270751953
        ]
    ],
    "skeleton": "smpl+head_30",
    "joints": [
        "pelv_smpl",
        "lhip_smpl",
        "rhip_smpl",
        "bell_smpl",
        "lkne_smpl",
        "rkne_smpl",
        "spin_smpl",
        "lank_smpl",
        "rank_smpl",
        "thor_smpl",
        "ltoe_smpl",
        "rtoe_smpl",
        "neck_smpl",
        "lcla_smpl",
        "rcla_smpl",
        "head_smpl",
        "lsho_smpl",
        "rsho_smpl",
        "lelb_smpl",
        "relb_smpl",
        "lwri_smpl",
        "rwri_smpl",
        "lhan_smpl",
        "rhan_smpl",
        "nose_coco",
        "leye_coco",
        "lear_coco",
        "reye_coco",
        "rear_coco",
        "htop_mpi_inf_3dhp"
    ],
    "pose3d": [
        [
            "pelv_smpl",
            -25.259265899658203,
            3306.52587890625,
            86.75814056396484
        ],
        [
            "lhip_smpl",
            24.748241424560547,
            3257.92236328125,
            -1.8563721179962158
        ],
        [
            "rhip_smpl",
            -65.99862670898438,
            3362.151611328125,
            -2.446808099746704
        ],
        [
            "bell_smpl",
            -6.7343902587890625,
            3322.911376953125,
            185.1220245361328
        ],
        [
            "lkne_smpl",
            55.01982498168945,
            3200.88623046875,
            -393.8487854003906
        ],
        [
            "rkne_smpl",
            -135.26856994628906,
            3402.99072265625,
            -389.5174255371094
        ],
        [
            "spin_smpl",
            -17.117895126342773,
            3322.00244140625,
            313.47113037109375
        ],
        [
            "lank_smpl",
            93.29959869384766,
            3186.03515625,
            -804.7966918945312
        ],
        [
            "rank_smpl",
            -135.41448974609375,
            3429.442626953125,
            -791.1866455078125
        ],
        [
            "thor_smpl",
            -41.2927360534668,
            3303.576904296875,
            361.57501220703125
        ],
        [
            "ltoe_smpl",
            12.024937629699707,
            3098.95361328125,
            -856.17578125
        ],
        [
            "rtoe_smpl",
            -232.49618530273438,
            3387.68994140625,
            -846.5224609375
        ],
        [
            "neck_smpl",
            -10.072303771972656,
            3333.34130859375,
            571.8973388671875
        ],
        [
            "lcla_smpl",
            34.507625579833984,
            3267.507568359375,
            480.284912109375
        ],
        [
            "rcla_smpl",
            -62.38530349731445,
            3389.571044921875,
            480.42230224609375
        ],
        [
            "head_smpl",
            -52.48024368286133,
            3294.17626953125,
            633.9700927734375
        ],
        [
            "lsho_smpl",
            90.50814819335938,
            3190.967529296875,
            486.2366638183594
        ],
        [
            "rsho_smpl",
            -121.027099609375,
            3462.14697265625,
            485.3890686035156
        ],
        [
            "lelb_smpl",
            195.93673706054688,
            3064.04248046875,
            305.049560546875
        ],
        [
            "relb_smpl",
            -244.71701049804688,
            3565.246826171875,
            290.1183166503906
        ],
        [
            "lwri_smpl",
            150.10397338867188,
            2857.205810546875,
            176.19497680664062
        ],
        [
            "rwri_smpl",
            -452.0365295410156,
            3608.111328125,
            159.30038452148438
        ],
        [
            "lhan_smpl",
            141.359619140625,
            2783.13720703125,
            128.52340698242188
        ],
        [
            "rhan_smpl",
            -518.0662841796875,
            3631.621826171875,
            113.34086608886719
        ],
        [
            "nose_coco",
            -122.71791076660156,
            3229.932861328125,
            692.9931640625
        ],
        [
            "leye_coco",
            -86.65965270996094,
            3219.77880859375,
            722.5279541015625
        ],
        [
            "lear_coco",
            2.669246196746826,
            3238.89208984375,
            697.9290161132812
        ],
        [
            "reye_coco",
            -127.55550384521484,
            3269.631103515625,
            723.8269653320312
        ],
        [
            "rear_coco",
            -88.69271087646484,
            3356.724609375,
            700.9849853515625
        ],
        [
            "htop_mpi_inf_3dhp",
            -24.048959732055664,
            3316.544921875,
            822.2620239257812
        ]
    ],
    "pose3d1": [],
    "pose3d2": []
}