{
    "boxes": [
        [
            336.4508056640625,
            32.958702087402344
        ]
    ],
    "skeleton": "smpl+head_30",
    "joints": [
        "pelv_smpl",
        "lhip_smpl",
        "rhip_smpl",
        "bell_smpl",
        "lkne_smpl",
        "rkne_smpl",
        "spin_smpl",
        "lank_smpl",
        "rank_smpl",
        "thor_smpl",
        "ltoe_smpl",
        "rtoe_smpl",
        "neck_smpl",
        "lcla_smpl",
        "rcla_smpl",
        "head_smpl",
        "lsho_smpl",
        "rsho_smpl",
        "lelb_smpl",
        "relb_smpl",
        "lwri_smpl",
        "rwri_smpl",
        "lhan_smpl",
        "rhan_smpl",
        "nose_coco",
        "leye_coco",
        "lear_coco",
        "reye_coco",
        "rear_coco",
        "htop_mpi_inf_3dhp"
    ],
    "pose3d": [
        [
            "pelv_smpl",
            -5.056895732879639,
            3359.373779296875,
            96.7392807006836
        ],
        [
            "lhip_smpl",
            -75.41780090332031,
            3333.291015625,
            8.650321960449219
        ],
        [
            "rhip_smpl",
            66.31395721435547,
            3350.115234375,
            5.312874794006348
        ],
        [
            "bell_smpl",
            -1.7785532474517822,
            3358.444091796875,
            198.15347290039062
        ],
        [
            "lkne_smpl",
            -153.1219482421875,
            3274.12890625,
            -373.343994140625
        ],
        [
            "rkne_smpl",
            137.72274780273438,
            3314.703857421875,
            -378.2229309082031
        ],
        [
            "spin_smpl",
            -3.5943119525909424,
            3380.189453125,
            322.01434326171875
        ],
        [
            "lank_smpl",
            -173.65170288085938,
            3220.4267578125,
            -779.1365356445312
        ],
        [
            "rank_smpl",
            167.38925170898438,
            3275.755859375,
            -782.4888916015625
        ],
        [
            "thor_smpl",
            -7.553614139556885,
            3405.935546875,
            367.4245910644531
        ],
        [
            "ltoe_smpl",
            -218.37808227539062,
            3325.23193359375,
            -824.4722900390625
        ],
        [
            "rtoe_smpl",
            163.89779663085938,
            3389.48486328125,
            -830.5398559570312
        ],
        [
            "neck_smpl",
            -5.01270055770874,
            3386.371826171875,
            577.9193115234375
        ],
        [
            "lcla_smpl",
            -79.46015167236328,
            3375.303955078125,
            484.7166442871094
        ],
        [
            "rcla_smpl",
            70.98890686035156,
            3394.501953125,
            484.3534240722656
        ],
        [
            "head_smpl",
            -8.543994903564453,
            3438.40869140625,
            641.0137939453125
        ],
        [
            "lsho_smpl",
            -172.05316162109375,
            3366.815185546875,
            484.10430908203125
        ],
        [
            "rsho_smpl",
            165.56314086914062,
            3409.681640625,
            486.47998046875
        ],
        [
            "lelb_smpl",
            -354.90875244140625,
            3385.20361328125,
            305.1029357910156
        ],
        [
            "relb_smpl",
            341.38116455078125,
            3449.260498046875,
            307.0681457519531
        ],
        [
            "lwri_smpl",
            -500.34033203125,
            3548.309814453125,
            161.93470764160156
        ],
        [
            "rwri_smpl",
            447.19293212890625,
            3635.53564453125,
            166.1091766357422
        ],
        [
            "lhan_smpl",
            -546.7632446289062,
            3600.295654296875,
            112.44108581542969
        ],
        [
            "rhan_smpl",
            482.5762634277344,
            3700.5234375,
            119.98811340332031
        ],
        [
            "nose_coco",
            -10.915518760681152,
            3525.001953125,
            698.8489379882812
        ],
        [
            "leye_coco",
            -39.44952392578125,
            3501.686767578125,
            729.1969604492188
        ],
        [
            "lear_coco",
            -76.63450622558594,
            3417.221923828125,
            707.1165771484375
        ],
        [
            "reye_coco",
            19.260986328125,
            3505.40576171875,
            727.5973510742188
        ],
        [
            "rear_coco",
            62.820899963378906,
            3427.378173828125,
            703.9278564453125
        ],
        [
            "htop_mpi_inf_3dhp",
            -6.648983001708984,
            3419.53173828125,
            829.6637573242188
        ]
    ],
    "pose3d1": [],
    "pose3d2": []
}