{
    "boxes": [
        [
            354.389892578125,
            34.01375961303711
        ]
    ],
    "skeleton": "smpl+head_30",
    "joints": [
        "pelv_smpl",
        "lhip_smpl",
        "rhip_smpl",
        "bell_smpl",
        "lkne_smpl",
        "rkne_smpl",
        "spin_smpl",
        "lank_smpl",
        "rank_smpl",
        "thor_smpl",
        "ltoe_smpl",
        "rtoe_smpl",
        "neck_smpl",
        "lcla_smpl",
        "rcla_smpl",
        "head_smpl",
        "lsho_smpl",
        "rsho_smpl",
        "lelb_smpl",
        "relb_smpl",
        "lwri_smpl",
        "rwri_smpl",
        "lhan_smpl",
        "rhan_smpl",
        "nose_coco",
        "leye_coco",
        "lear_coco",
        "reye_coco",
        "rear_coco",
        "htop_mpi_inf_3dhp"
    ],
    "pose3d": [
        [
            "pelv_smpl",
            8.085271835327148,
            3291.06396484375,
            87.7575912475586
        ],
        [
            "lhip_smpl",
            73.98426055908203,
            3316.574951171875,
            -1.6251163482666016
        ],
        [
            "rhip_smpl",
            -61.56522750854492,
            3272.25146484375,
            -0.8600060343742371
        ],
        [
            "bell_smpl",
            1.310045599937439,
            3317.895263671875,
            184.94908142089844
        ],
        [
            "lkne_smpl",
            155.30648803710938,
            3308.739501953125,
            -379.49822998046875
        ],
        [
            "rkne_smpl",
            -116.60124206542969,
            3196.306640625,
            -371.86846923828125
        ],
        [
            "spin_smpl",
            6.5140180587768555,
            3316.590576171875,
            311.76568603515625
        ],
        [
            "lank_smpl",
            169.84686279296875,
            3346.391357421875,
            -787.6405639648438
        ],
        [
            "rank_smpl",
            -156.69631958007812,
            3197.624267578125,
            -790.2691650390625
        ],
        [
            "thor_smpl",
            16.290191650390625,
            3290.80615234375,
            359.7319641113281
        ],
        [
            "ltoe_smpl",
            230.37149047851562,
            3254.288330078125,
            -845.6746215820312
        ],
        [
            "rtoe_smpl",
            -135.7211151123047,
            3087.05908203125,
            -848.4788208007812
        ],
        [
            "neck_smpl",
            1.8987467288970947,
            3333.967529296875,
            571.4451293945312
        ],
        [
            "lcla_smpl",
            77.87419128417969,
            3353.237548828125,
            477.02203369140625
        ],
        [
            "rcla_smpl",
            -68.49847412109375,
            3302.03369140625,
            478.2103576660156
        ],
        [
            "head_smpl",
            20.155437469482422,
            3276.37744140625,
            633.2584228515625
        ],
        [
            "lsho_smpl",
            166.93887329101562,
            3385.404296875,
            474.51300048828125
        ],
        [
            "rsho_smpl",
            -157.4108123779297,
            3270.5078125,
            479.08428955078125
        ],
        [
            "lelb_smpl",
            333.5936584472656,
            3396.151123046875,
            286.66070556640625
        ],
        [
            "relb_smpl",
            -320.11968994140625,
            3212.204345703125,
            296.8130798339844
        ],
        [
            "lwri_smpl",
            499.20587158203125,
            3251.668212890625,
            155.1045684814453
        ],
        [
            "rwri_smpl",
            -366.1363830566406,
            2984.961669921875,
            174.9135284423828
        ],
        [
            "lhan_smpl",
            552.1476440429688,
            3211.968505859375,
            108.18916320800781
        ],
        [
            "rhan_smpl",
            -386.96209716796875,
            2913.61572265625,
            126.2879409790039
        ],
        [
            "nose_coco",
            53.712371826171875,
            3183.432861328125,
            690.0558471679688
        ],
        [
            "leye_coco",
            75.33439636230469,
            3215.42822265625,
            720.4210205078125
        ],
        [
            "lear_coco",
            84.54316711425781,
            3310.350341796875,
            699.3342895507812
        ],
        [
            "reye_coco",
            19.01776885986328,
            3193.70458984375,
            721.4146728515625
        ],
        [
            "rear_coco",
            -47.571598052978516,
            3255.49609375,
            701.9097900390625
        ],
        [
            "htop_mpi_inf_3dhp",
            13.253949165344238,
            3304.706298828125,
            822.96533203125
        ]
    ],
    "pose3d1": [],
    "pose3d2": []
}