{
    "boxes": [
        [
            445.8804016113281,
            26.04944610595703
        ]
    ],
    "skeleton": "smpl+head_30",
    "joints": [
        "pelv_smpl",
        "lhip_smpl",
        "rhip_smpl",
        "bell_smpl",
        "lkne_smpl",
        "rkne_smpl",
        "spin_smpl",
        "lank_smpl",
        "rank_smpl",
        "thor_smpl",
        "ltoe_smpl",
        "rtoe_smpl",
        "neck_smpl",
        "lcla_smpl",
        "rcla_smpl",
        "head_smpl",
        "lsho_smpl",
        "rsho_smpl",
        "lelb_smpl",
        "relb_smpl",
        "lwri_smpl",
        "rwri_smpl",
        "lhan_smpl",
        "rhan_smpl",
        "nose_coco",
        "leye_coco",
        "lear_coco",
        "reye_coco",
        "rear_coco",
        "htop_mpi_inf_3dhp"
    ],
    "pose3d": [
        [
            "pelv_smpl",
            33.011207580566406,
            3438.84130859375,
            90.74787902832031
        ],
        [
            "lhip_smpl",
            24.80280113220215,
            3501.17138671875,
            -1.4779272079467773
        ],
        [
            "rhip_smpl",
            24.680856704711914,
            3371.15869140625,
            0.8573969006538391
        ],
        [
            "bell_smpl",
            2.845216751098633,
            3441.56103515625,
            198.94561767578125
        ],
        [
            "lkne_smpl",
            59.15433883666992,
            3573.50439453125,
            -401.45367431640625
        ],
        [
            "rkne_smpl",
            24.957719802856445,
            3311.26611328125,
            -406.49957275390625
        ],
        [
            "spin_smpl",
            17.218425750732422,
            3451.477783203125,
            332.5028076171875
        ],
        [
            "lank_smpl",
            45.911136627197266,
            3578.59765625,
            -823.2520751953125
        ],
        [
            "rank_smpl",
            -1.281310796737671,
            3292.18896484375,
            -837.8201293945312
        ],
        [
            "thor_smpl",
            34.75446701049805,
            3452.009033203125,
            384.8006896972656
        ],
        [
            "ltoe_smpl",
            156.81161499023438,
            3612.08935546875,
            -881.8193359375
        ],
        [
            "rtoe_smpl",
            113.64784240722656,
            3249.526611328125,
            -891.1129760742188
        ],
        [
            "neck_smpl",
            7.481734275817871,
            3468.06396484375,
            586.8963012695312
        ],
        [
            "lcla_smpl",
            9.920358657836914,
            3537.71630859375,
            495.1460876464844
        ],
        [
            "rcla_smpl",
            9.11717414855957,
            3383.53857421875,
            497.45172119140625
        ],
        [
            "head_smpl",
            64.6401138305664,
            3468.41259765625,
            657.4571533203125
        ],
        [
            "lsho_smpl",
            6.694338798522949,
            3635.39306640625,
            508.93609619140625
        ],
        [
            "rsho_smpl",
            3.299851894378662,
            3275.139404296875,
            516.4667358398438
        ],
        [
            "lelb_smpl",
            -0.042589474469423294,
            3761.349609375,
            285.6335754394531
        ],
        [
            "relb_smpl",
            -14.837130546569824,
            3113.084716796875,
            314.2433776855469
        ],
        [
            "lwri_smpl",
            128.41871643066406,
            3869.948486328125,
            134.52719116210938
        ],
        [
            "rwri_smpl",
            140.57595825195312,
            2950.126220703125,
            170.84841918945312
        ],
        [
            "lhan_smpl",
            176.70729064941406,
            3912.52294921875,
            78.21305847167969
        ],
        [
            "rhan_smpl",
            192.74354553222656,
            2885.0390625,
            117.5989761352539
        ],
        [
            "nose_coco",
            155.80841064453125,
            3459.162109375,
            725.1333618164062
        ],
        [
            "leye_coco",
            135.14515686035156,
            3492.846435546875,
            756.0113525390625
        ],
        [
            "lear_coco",
            52.09470748901367,
            3540.719482421875,
            731.3245849609375
        ],
        [
            "reye_coco",
            133.2274169921875,
            3426.728515625,
            752.6265258789062
        ],
        [
            "rear_coco",
            51.463470458984375,
            3387.403076171875,
            727.443603515625
        ],
        [
            "htop_mpi_inf_3dhp",
            37.24010467529297,
            3463.939453125,
            848.2781372070312
        ]
    ],
    "pose3d1": [],
    "pose3d2": []
}