{
    "boxes": [
        [
            369.74658203125,
            38.836299896240234
        ]
    ],
    "skeleton": "smpl+head_30",
    "joints": [
        "pelv_smpl",
        "lhip_smpl",
        "rhip_smpl",
        "bell_smpl",
        "lkne_smpl",
        "rkne_smpl",
        "spin_smpl",
        "lank_smpl",
        "rank_smpl",
        "thor_smpl",
        "ltoe_smpl",
        "rtoe_smpl",
        "neck_smpl",
        "lcla_smpl",
        "rcla_smpl",
        "head_smpl",
        "lsho_smpl",
        "rsho_smpl",
        "lelb_smpl",
        "relb_smpl",
        "lwri_smpl",
        "rwri_smpl",
        "lhan_smpl",
        "rhan_smpl",
        "nose_coco",
        "leye_coco",
        "lear_coco",
        "reye_coco",
        "rear_coco",
        "htop_mpi_inf_3dhp"
    ],
    "pose3d": [
        [
            "pelv_smpl",
            -39.2949104309082,
            3499.598388671875,
            95.21931457519531
        ],
        [
            "lhip_smpl",
            -31.299545288085938,
            3433.45947265625,
            2.6704013347625732
        ],
        [
            "rhip_smpl",
            -29.247095108032227,
            3565.30029296875,
            5.3935699462890625
        ],
        [
            "bell_smpl",
            -10.222478866577148,
            3497.202392578125,
            203.19134521484375
        ],
        [
            "lkne_smpl",
            -50.68003845214844,
            3379.617919921875,
            -401.3549499511719
        ],
        [
            "rkne_smpl",
            -56.407127380371094,
            3628.14208984375,
            -397.3122863769531
        ],
        [
            "spin_smpl",
            -21.007678985595703,
            3500.85888671875,
            340.69146728515625
        ],
        [
            "lank_smpl",
            -24.903789520263672,
            3367.553466796875,
            -842.8475341796875
        ],
        [
            "rank_smpl",
            -29.143306732177734,
            3625.589111328125,
            -830.4248046875
        ],
        [
            "thor_smpl",
            -40.32263946533203,
            3500.439453125,
            393.4654235839844
        ],
        [
            "ltoe_smpl",
            -138.64610290527344,
            3331.492919921875,
            -901.5391845703125
        ],
        [
            "rtoe_smpl",
            -139.20547485351562,
            3671.369140625,
            -890.154296875
        ],
        [
            "neck_smpl",
            -15.05510425567627,
            3505.93798828125,
            601.8338623046875
        ],
        [
            "lcla_smpl",
            -18.39101219177246,
            3425.828125,
            507.271728515625
        ],
        [
            "rcla_smpl",
            -13.279500961303711,
            3582.04541015625,
            510.0350646972656
        ],
        [
            "head_smpl",
            -72.69091033935547,
            3506.328857421875,
            669.7952880859375
        ],
        [
            "lsho_smpl",
            -23.95025062561035,
            3316.52392578125,
            522.9229736328125
        ],
        [
            "rsho_smpl",
            -14.037602424621582,
            3677.26123046875,
            529.8128662109375
        ],
        [
            "lelb_smpl",
            -37.6728401184082,
            3154.5859375,
            311.45599365234375
        ],
        [
            "relb_smpl",
            -5.179713726043701,
            3817.865966796875,
            309.7261657714844
        ],
        [
            "lwri_smpl",
            -212.8676300048828,
            3019.7578125,
            177.2564239501953
        ],
        [
            "rwri_smpl",
            -164.78079223632812,
            3923.91845703125,
            161.1472625732422
        ],
        [
            "lhan_smpl",
            -270.8912353515625,
            2965.901611328125,
            129.55682373046875
        ],
        [
            "rhan_smpl",
            -218.7626190185547,
            3960.678955078125,
            113.12503814697266
        ],
        [
            "nose_coco",
            -162.6016082763672,
            3503.076904296875,
            732.9848022460938
        ],
        [
            "leye_coco",
            -143.0106201171875,
            3468.310546875,
            759.9400024414062
        ],
        [
            "lear_coco",
            -65.31494903564453,
            3424.08251953125,
            733.6456909179688
        ],
        [
            "reye_coco",
            -140.39967346191406,
            3533.92724609375,
            763.3657836914062
        ],
        [
            "rear_coco",
            -54.849830627441406,
            3575.06689453125,
            741.0352783203125
        ],
        [
            "htop_mpi_inf_3dhp",
            -42.290321350097656,
            3498.0078125,
            854.4560546875
        ]
    ],
    "pose3d1": [],
    "pose3d2": []
}