{
    "boxes": [
        [
            347.55120849609375,
            41.31605911254883
        ]
    ],
    "skeleton": "smpl+head_30",
    "joints": [
        "pelv_smpl",
        "lhip_smpl",
        "rhip_smpl",
        "bell_smpl",
        "lkne_smpl",
        "rkne_smpl",
        "spin_smpl",
        "lank_smpl",
        "rank_smpl",
        "thor_smpl",
        "ltoe_smpl",
        "rtoe_smpl",
        "neck_smpl",
        "lcla_smpl",
        "rcla_smpl",
        "head_smpl",
        "lsho_smpl",
        "rsho_smpl",
        "lelb_smpl",
        "relb_smpl",
        "lwri_smpl",
        "rwri_smpl",
        "lhan_smpl",
        "rhan_smpl",
        "nose_coco",
        "leye_coco",
        "lear_coco",
        "reye_coco",
        "rear_coco",
        "htop_mpi_inf_3dhp"
    ],
    "pose3d": [
        [
            "pelv_smpl",
            -32.371795654296875,
            3334.901611328125,
            93.88118743896484
        ],
        [
            "lhip_smpl",
            8.270461082458496,
            3277.43798828125,
            7.874873161315918
        ],
        [
            "rhip_smpl",
            -56.94036865234375,
            3395.15673828125,
            4.62976598739624
        ],
        [
            "bell_smpl",
            -13.190943717956543,
            3348.21923828125,
            193.31234741210938
        ],
        [
            "lkne_smpl",
            28.617183685302734,
            3210.28955078125,
            -391.31732177734375
        ],
        [
            "rkne_smpl",
            -120.49625396728516,
            3438.210205078125,
            -385.74798583984375
        ],
        [
            "spin_smpl",
            -23.626590728759766,
            3351.12353515625,
            321.1023864746094
        ],
        [
            "lank_smpl",
            64.57746887207031,
            3192.306640625,
            -811.9960327148438
        ],
        [
            "rank_smpl",
            -113.3783950805664,
            3449.096923828125,
            -796.2662353515625
        ],
        [
            "thor_smpl",
            -47.01936721801758,
            3339.366455078125,
            371.4458923339844
        ],
        [
            "ltoe_smpl",
            -32.66334915161133,
            3122.9970703125,
            -862.09619140625
        ],
        [
            "rtoe_smpl",
            -219.0014190673828,
            3432.84228515625,
            -853.455078125
        ],
        [
            "neck_smpl",
            -10.172124862670898,
            3365.009033203125,
            578.75634765625
        ],
        [
            "lcla_smpl",
            19.358694076538086,
            3291.357421875,
            487.78070068359375
        ],
        [
            "rcla_smpl",
            -50.70772933959961,
            3428.73193359375,
            488.46759033203125
        ],
        [
            "head_smpl",
            -59.49394989013672,
            3339.59033203125,
            642.2655639648438
        ],
        [
            "lsho_smpl",
            62.21783447265625,
            3203.37060546875,
            495.1803283691406
        ],
        [
            "rsho_smpl",
            -96.67498779296875,
            3509.805908203125,
            496.4169006347656
        ],
        [
            "lelb_smpl",
            144.16099548339844,
            3066.46630859375,
            306.7851257324219
        ],
        [
            "relb_smpl",
            -197.2126007080078,
            3623.755859375,
            291.96917724609375
        ],
        [
            "lwri_smpl",
            59.15419387817383,
            2871.902587890625,
            170.79244995117188
        ],
        [
            "rwri_smpl",
            -397.7779846191406,
            3703.964111328125,
            160.63168334960938
        ],
        [
            "lhan_smpl",
            39.82280731201172,
            2798.12890625,
            128.79043579101562
        ],
        [
            "rhan_smpl",
            -465.7056579589844,
            3739.91162109375,
            115.73533630371094
        ],
        [
            "nose_coco",
            -142.39935302734375,
            3298.02587890625,
            702.6856079101562
        ],
        [
            "leye_coco",
            -111.95072937011719,
            3277.332763671875,
            732.0753173828125
        ],
        [
            "lear_coco",
            -20.362751007080078,
            3268.75244140625,
            707.0090942382812
        ],
        [
            "reye_coco",
            -135.70169067382812,
            3337.06884765625,
            732.8843994140625
        ],
        [
            "rear_coco",
            -73.17884826660156,
            3408.111328125,
            709.9082641601562
        ],
        [
            "htop_mpi_inf_3dhp",
            -28.107879638671875,
            3351.005859375,
            830.4322509765625
        ]
    ],
    "pose3d1": [],
    "pose3d2": []
}