{
    "boxes": [
        [
            329.8729553222656,
            41.61098098754883
        ]
    ],
    "skeleton": "smpl+head_30",
    "joints": [
        "pelv_smpl",
        "lhip_smpl",
        "rhip_smpl",
        "bell_smpl",
        "lkne_smpl",
        "rkne_smpl",
        "spin_smpl",
        "lank_smpl",
        "rank_smpl",
        "thor_smpl",
        "ltoe_smpl",
        "rtoe_smpl",
        "neck_smpl",
        "lcla_smpl",
        "rcla_smpl",
        "head_smpl",
        "lsho_smpl",
        "rsho_smpl",
        "lelb_smpl",
        "relb_smpl",
        "lwri_smpl",
        "rwri_smpl",
        "lhan_smpl",
        "rhan_smpl",
        "nose_coco",
        "leye_coco",
        "lear_coco",
        "reye_coco",
        "rear_coco",
        "htop_mpi_inf_3dhp"
    ],
    "pose3d": [
        [
            "pelv_smpl",
            -34.428428649902344,
            3502.797607421875,
            94.13055419921875
        ],
        [
            "lhip_smpl",
            -48.89052963256836,
            3434.581298828125,
            6.855947971343994
        ],
        [
            "rhip_smpl",
            3.7362003326416016,
            3553.166748046875,
            2.416349411010742
        ],
        [
            "bell_smpl",
            -9.431879043579102,
            3500.969482421875,
            203.15341186523438
        ],
        [
            "lkne_smpl",
            -106.0918197631836,
            3353.169189453125,
            -399.1399230957031
        ],
        [
            "rkne_smpl",
            16.04397201538086,
            3603.39794921875,
            -407.14178466796875
        ],
        [
            "spin_smpl",
            -28.8117618560791,
            3519.805419921875,
            337.8199157714844
        ],
        [
            "lank_smpl",
            -92.22023010253906,
            3305.452392578125,
            -836.3314208984375
        ],
        [
            "rank_smpl",
            43.362083435058594,
            3612.108154296875,
            -829.6630859375
        ],
        [
            "thor_smpl",
            -41.7440299987793,
            3527.74462890625,
            390.21380615234375
        ],
        [
            "ltoe_smpl",
            -210.4879150390625,
            3311.514892578125,
            -888.5818481445312
        ],
        [
            "rtoe_smpl",
            -54.35711669921875,
            3691.68359375,
            -889.6217651367188
        ],
        [
            "neck_smpl",
            -13.734280586242676,
            3531.241455078125,
            600.9568481445312
        ],
        [
            "lcla_smpl",
            -44.65693664550781,
            3451.979248046875,
            509.55877685546875
        ],
        [
            "rcla_smpl",
            9.431585311889648,
            3603.201171875,
            506.29913330078125
        ],
        [
            "head_smpl",
            -66.52094268798828,
            3544.91015625,
            672.2025146484375
        ],
        [
            "lsho_smpl",
            -81.22071075439453,
            3349.71923828125,
            517.5925903320312
        ],
        [
            "rsho_smpl",
            47.112335205078125,
            3701.24609375,
            509.48626708984375
        ],
        [
            "lelb_smpl",
            -170.21389770507812,
            3211.18212890625,
            311.30218505859375
        ],
        [
            "relb_smpl",
            105.07246398925781,
            3823.479248046875,
            281.91717529296875
        ],
        [
            "lwri_smpl",
            -376.69952392578125,
            3140.780517578125,
            170.27005004882812
        ],
        [
            "rwri_smpl",
            -50.748748779296875,
            3931.48779296875,
            107.6014175415039
        ],
        [
            "lhan_smpl",
            -440.7308654785156,
            3113.119140625,
            117.823974609375
        ],
        [
            "rhan_smpl",
            -98.00992584228516,
            3973.93115234375,
            54.92665481567383
        ],
        [
            "nose_coco",
            -154.80735778808594,
            3559.371826171875,
            733.333251953125
        ],
        [
            "leye_coco",
            -142.46255493164062,
            3520.361328125,
            761.03955078125
        ],
        [
            "lear_coco",
            -74.04496002197266,
            3459.90234375,
            737.2628784179688
        ],
        [
            "reye_coco",
            -126.5031967163086,
            3584.880126953125,
            764.3165283203125
        ],
        [
            "rear_coco",
            -33.012237548828125,
            3608.231201171875,
            741.3118286132812
        ],
        [
            "htop_mpi_inf_3dhp",
            -42.725093841552734,
            3530.77978515625,
            856.4761962890625
        ]
    ],
    "pose3d1": [],
    "pose3d2": []
}