{
    "boxes": [
        [
            442.402587890625,
            37.04202651977539
        ]
    ],
    "skeleton": "smpl+head_30",
    "joints": [
        "pelv_smpl",
        "lhip_smpl",
        "rhip_smpl",
        "bell_smpl",
        "lkne_smpl",
        "rkne_smpl",
        "spin_smpl",
        "lank_smpl",
        "rank_smpl",
        "thor_smpl",
        "ltoe_smpl",
        "rtoe_smpl",
        "neck_smpl",
        "lcla_smpl",
        "rcla_smpl",
        "head_smpl",
        "lsho_smpl",
        "rsho_smpl",
        "lelb_smpl",
        "relb_smpl",
        "lwri_smpl",
        "rwri_smpl",
        "lhan_smpl",
        "rhan_smpl",
        "nose_coco",
        "leye_coco",
        "lear_coco",
        "reye_coco",
        "rear_coco",
        "htop_mpi_inf_3dhp"
    ],
    "pose3d": [
        [
            "pelv_smpl",
            30.551773071289062,
            3364.786376953125,
            96.36750793457031
        ],
        [
            "lhip_smpl",
            41.3721923828125,
            3426.34716796875,
            6.04227876663208
        ],
        [
            "rhip_smpl",
            2.139716625213623,
            3299.63916015625,
            8.947748184204102
        ],
        [
            "bell_smpl",
            12.527350425720215,
            3375.08544921875,
            198.81982421875
        ],
        [
            "lkne_smpl",
            92.74099731445312,
            3472.94775390625,
            -387.9092712402344
        ],
        [
            "rkne_smpl",
            -3.3201229572296143,
            3247.65869140625,
            -393.90985107421875
        ],
        [
            "spin_smpl",
            21.97555160522461,
            3382.03369140625,
            328.7989807128906
        ],
        [
            "lank_smpl",
            71.6527099609375,
            3474.921142578125,
            -802.886962890625
        ],
        [
            "rank_smpl",
            -31.763397216796875,
            3230.31787109375,
            -819.6065673828125
        ],
        [
            "thor_smpl",
            48.54088592529297,
            3377.23779296875,
            379.80755615234375
        ],
        [
            "ltoe_smpl",
            182.5911407470703,
            3482.82177734375,
            -855.9493408203125
        ],
        [
            "rtoe_smpl",
            72.68054962158203,
            3180.118896484375,
            -872.3826904296875
        ],
        [
            "neck_smpl",
            10.75616455078125,
            3399.94189453125,
            586.72705078125
        ],
        [
            "lcla_smpl",
            35.356605529785156,
            3465.12548828125,
            493.87005615234375
        ],
        [
            "rcla_smpl",
            -4.84628963470459,
            3321.094970703125,
            497.37799072265625
        ],
        [
            "head_smpl",
            65.75003051757812,
            3388.41845703125,
            648.7449951171875
        ],
        [
            "lsho_smpl",
            63.018272399902344,
            3549.479736328125,
            504.8121032714844
        ],
        [
            "rsho_smpl",
            -28.203720092773438,
            3228.1513671875,
            513.1346435546875
        ],
        [
            "lelb_smpl",
            127.2933349609375,
            3657.43017578125,
            291.39556884765625
        ],
        [
            "relb_smpl",
            -78.31916809082031,
            3089.1650390625,
            305.51788330078125
        ],
        [
            "lwri_smpl",
            319.9951477050781,
            3746.93310546875,
            158.0937957763672
        ],
        [
            "rwri_smpl",
            47.0943489074707,
            2916.12158203125,
            168.59341430664062
        ],
        [
            "lhan_smpl",
            381.47528076171875,
            3790.02294921875,
            113.42973327636719
        ],
        [
            "rhan_smpl",
            80.90165710449219,
            2845.93017578125,
            122.09968566894531
        ],
        [
            "nose_coco",
            150.7250213623047,
            3366.51025390625,
            711.6184692382812
        ],
        [
            "leye_coco",
            134.35874938964844,
            3401.24462890625,
            740.4619750976562
        ],
        [
            "lear_coco",
            60.651344299316406,
            3455.362548828125,
            715.9547729492188
        ],
        [
            "reye_coco",
            128.01622009277344,
            3336.77490234375,
            738.0866088867188
        ],
        [
            "rear_coco",
            45.343536376953125,
            3308.10791015625,
            710.44775390625
        ],
        [
            "htop_mpi_inf_3dhp",
            31.81307601928711,
            3387.00634765625,
            832.279296875
        ]
    ],
    "pose3d1": [],
    "pose3d2": []
}