{
    "boxes": [
        [
            322.2370300292969,
            35.923057556152344
        ]
    ],
    "skeleton": "smpl+head_30",
    "joints": [
        "pelv_smpl",
        "lhip_smpl",
        "rhip_smpl",
        "bell_smpl",
        "lkne_smpl",
        "rkne_smpl",
        "spin_smpl",
        "lank_smpl",
        "rank_smpl",
        "thor_smpl",
        "ltoe_smpl",
        "rtoe_smpl",
        "neck_smpl",
        "lcla_smpl",
        "rcla_smpl",
        "head_smpl",
        "lsho_smpl",
        "rsho_smpl",
        "lelb_smpl",
        "relb_smpl",
        "lwri_smpl",
        "rwri_smpl",
        "lhan_smpl",
        "rhan_smpl",
        "nose_coco",
        "leye_coco",
        "lear_coco",
        "reye_coco",
        "rear_coco",
        "htop_mpi_inf_3dhp"
    ],
    "pose3d": [
        [
            "pelv_smpl",
            -1.9849001169204712,
            3262.08740234375,
            80.9043197631836
        ],
        [
            "lhip_smpl",
            69.56867218017578,
            3269.349365234375,
            -7.644937992095947
        ],
        [
            "rhip_smpl",
            -74.63895416259766,
            3266.92333984375,
            -7.8196210861206055
        ],
        [
            "bell_smpl",
            -1.1899009943008423,
            3288.688232421875,
            178.8302001953125
        ],
        [
            "lkne_smpl",
            142.80691528320312,
            3238.237060546875,
            -378.2240295410156
        ],
        [
            "rkne_smpl",
            -144.13638305664062,
            3196.73046875,
            -368.25628662109375
        ],
        [
            "spin_smpl",
            -1.314955234527588,
            3282.40869140625,
            303.49591064453125
        ],
        [
            "lank_smpl",
            170.97030639648438,
            3270.09423828125,
            -790.2991333007812
        ],
        [
            "rank_smpl",
            -175.0419158935547,
            3220.154052734375,
            -782.51416015625
        ],
        [
            "thor_smpl",
            -1.1415421962738037,
            3252.600341796875,
            351.0751647949219
        ],
        [
            "ltoe_smpl",
            193.67825317382812,
            3158.594970703125,
            -849.74951171875
        ],
        [
            "rtoe_smpl",
            -203.26400756835938,
            3108.139404296875,
            -841.6749877929688
        ],
        [
            "neck_smpl",
            -1.903808355331421,
            3293.559326171875,
            563.7527465820312
        ],
        [
            "lcla_smpl",
            75.165283203125,
            3289.83837890625,
            470.052490234375
        ],
        [
            "rcla_smpl",
            -79.49613189697266,
            3289.620361328125,
            470.56884765625
        ],
        [
            "head_smpl",
            -1.4418528079986572,
            3232.5,
            624.6887817382812
        ],
        [
            "lsho_smpl",
            170.07278442382812,
            3292.22021484375,
            470.01812744140625
        ],
        [
            "rsho_smpl",
            -173.33319091796875,
            3292.20703125,
            470.3951110839844
        ],
        [
            "lelb_smpl",
            340.77532958984375,
            3271.711669921875,
            287.8475036621094
        ],
        [
            "relb_smpl",
            -345.79974365234375,
            3271.51708984375,
            288.1018981933594
        ],
        [
            "lwri_smpl",
            454.19525146484375,
            3071.244140625,
            162.40313720703125
        ],
        [
            "rwri_smpl",
            -454.7461853027344,
            3062.225830078125,
            164.23703002929688
        ],
        [
            "lhan_smpl",
            495.68426513671875,
            3012.2099609375,
            114.3649673461914
        ],
        [
            "rhan_smpl",
            -494.3048400878906,
            3002.091552734375,
            117.04621887207031
        ],
        [
            "nose_coco",
            -0.6040583252906799,
            3133.884033203125,
            682.616943359375
        ],
        [
            "leye_coco",
            29.300891876220703,
            3156.672607421875,
            713.5839233398438
        ],
        [
            "lear_coco",
            69.37841796875,
            3241.388916015625,
            693.2946166992188
        ],
        [
            "reye_coco",
            -30.462448120117188,
            3156.7177734375,
            713.0284423828125
        ],
        [
            "rear_coco",
            -70.84584045410156,
            3240.57177734375,
            692.7392578125
        ],
        [
            "htop_mpi_inf_3dhp",
            -1.5331857204437256,
            3263.44677734375,
            814.9596557617188
        ]
    ],
    "pose3d1": [],
    "pose3d2": []
}