{
    "boxes": [
        [
            315.6368103027344,
            37.421688079833984
        ]
    ],
    "skeleton": "smpl+head_30",
    "joints": [
        "pelv_smpl",
        "lhip_smpl",
        "rhip_smpl",
        "bell_smpl",
        "lkne_smpl",
        "rkne_smpl",
        "spin_smpl",
        "lank_smpl",
        "rank_smpl",
        "thor_smpl",
        "ltoe_smpl",
        "rtoe_smpl",
        "neck_smpl",
        "lcla_smpl",
        "rcla_smpl",
        "head_smpl",
        "lsho_smpl",
        "rsho_smpl",
        "lelb_smpl",
        "relb_smpl",
        "lwri_smpl",
        "rwri_smpl",
        "lhan_smpl",
        "rhan_smpl",
        "nose_coco",
        "leye_coco",
        "lear_coco",
        "reye_coco",
        "rear_coco",
        "htop_mpi_inf_3dhp"
    ],
    "pose3d": [
        [
            "pelv_smpl",
            -14.718755722045898,
            3396.989501953125,
            96.15526580810547
        ],
        [
            "lhip_smpl",
            -72.32774353027344,
            3349.04833984375,
            9.938971519470215
        ],
        [
            "rhip_smpl",
            54.06199264526367,
            3409.600341796875,
            3.3321540355682373
        ],
        [
            "bell_smpl",
            -6.349349498748779,
            3393.67578125,
            198.31248474121094
        ],
        [
            "lkne_smpl",
            -154.72369384765625,
            3280.520263671875,
            -378.84906005859375
        ],
        [
            "rkne_smpl",
            110.538330078125,
            3405.932861328125,
            -385.7171630859375
        ],
        [
            "spin_smpl",
            -14.80163288116455,
            3420.034423828125,
            323.9283752441406
        ],
        [
            "lank_smpl",
            -164.55752563476562,
            3217.261474609375,
            -793.1994018554688
        ],
        [
            "rank_smpl",
            142.2750244140625,
            3372.932373046875,
            -792.4755859375
        ],
        [
            "thor_smpl",
            -26.29471778869629,
            3443.098876953125,
            370.7494201660156
        ],
        [
            "ltoe_smpl",
            -238.0035400390625,
            3301.91796875,
            -841.1588134765625
        ],
        [
            "rtoe_smpl",
            107.37618255615234,
            3483.502685546875,
            -847.3623046875
        ],
        [
            "neck_smpl",
            -11.530502319335938,
            3431.676513671875,
            580.7677001953125
        ],
        [
            "lcla_smpl",
            -79.2472152709961,
            3390.89306640625,
            489.1302795410156
        ],
        [
            "rcla_smpl",
            55.694679260253906,
            3463.99560546875,
            486.96844482421875
        ],
        [
            "head_smpl",
            -30.18271827697754,
            3478.852783203125,
            646.6849365234375
        ],
        [
            "lsho_smpl",
            -164.55313110351562,
            3344.04931640625,
            489.3297424316406
        ],
        [
            "rsho_smpl",
            144.77137756347656,
            3512.998046875,
            488.7633361816406
        ],
        [
            "lelb_smpl",
            -340.92303466796875,
            3305.07373046875,
            301.5952453613281
        ],
        [
            "relb_smpl",
            302.440673828125,
            3608.456298828125,
            302.9364318847656
        ],
        [
            "lwri_smpl",
            -533.4454345703125,
            3421.5703125,
            160.05020141601562
        ],
        [
            "rwri_smpl",
            333.60028076171875,
            3818.61376953125,
            169.64334106445312
        ],
        [
            "lhan_smpl",
            -593.5267333984375,
            3455.56201171875,
            107.5083236694336
        ],
        [
            "rhan_smpl",
            349.5928649902344,
            3898.34716796875,
            128.11204528808594
        ],
        [
            "nose_coco",
            -52.55778884887695,
            3562.46484375,
            707.8161010742188
        ],
        [
            "leye_coco",
            -77.83927917480469,
            3530.93701171875,
            737.4093627929688
        ],
        [
            "lear_coco",
            -94.86747741699219,
            3437.749267578125,
            716.6783447265625
        ],
        [
            "reye_coco",
            -17.918903350830078,
            3553.667236328125,
            735.1102294921875
        ],
        [
            "rear_coco",
            44.85502243041992,
            3491.75244140625,
            713.6556396484375
        ],
        [
            "htop_mpi_inf_3dhp",
            -22.46439552307129,
            3461.044921875,
            838.61376953125
        ]
    ],
    "pose3d1": [],
    "pose3d2": []
}