{
    "boxes": [
        [
            322.9742736816406,
            35.62306213378906
        ]
    ],
    "skeleton": "smpl+head_30",
    "joints": [
        "pelv_smpl",
        "lhip_smpl",
        "rhip_smpl",
        "bell_smpl",
        "lkne_smpl",
        "rkne_smpl",
        "spin_smpl",
        "lank_smpl",
        "rank_smpl",
        "thor_smpl",
        "ltoe_smpl",
        "rtoe_smpl",
        "neck_smpl",
        "lcla_smpl",
        "rcla_smpl",
        "head_smpl",
        "lsho_smpl",
        "rsho_smpl",
        "lelb_smpl",
        "relb_smpl",
        "lwri_smpl",
        "rwri_smpl",
        "lhan_smpl",
        "rhan_smpl",
        "nose_coco",
        "leye_coco",
        "lear_coco",
        "reye_coco",
        "rear_coco",
        "htop_mpi_inf_3dhp"
    ],
    "pose3d": [
        [
            "pelv_smpl",
            -20.907991409301758,
            3284.817626953125,
            82.06256103515625
        ],
        [
            "lhip_smpl",
            37.32659912109375,
            3246.51123046875,
            -6.723073482513428
        ],
        [
            "rhip_smpl",
            -70.57808685302734,
            3331.901611328125,
            -7.35723876953125
        ],
        [
            "bell_smpl",
            -5.6732988357543945,
            3305.412109375,
            179.8561248779297
        ],
        [
            "lkne_smpl",
            76.13826751708984,
            3174.83056640625,
            -380.84637451171875
        ],
        [
            "rkne_smpl",
            -145.80810546875,
            3356.89794921875,
            -386.70050048828125
        ],
        [
            "spin_smpl",
            -15.737408638000488,
            3305.69580078125,
            308.9121398925781
        ],
        [
            "lank_smpl",
            115.7106704711914,
            3156.355712890625,
            -786.2265625
        ],
        [
            "rank_smpl",
            -154.74093627929688,
            3391.32177734375,
            -784.634765625
        ],
        [
            "thor_smpl",
            -35.2857551574707,
            3285.264892578125,
            358.02850341796875
        ],
        [
            "ltoe_smpl",
            54.4616584777832,
            3058.3388671875,
            -842.87109375
        ],
        [
            "rtoe_smpl",
            -238.26455688476562,
            3329.58837890625,
            -841.0413818359375
        ],
        [
            "neck_smpl",
            -9.027463912963867,
            3322.055908203125,
            566.057373046875
        ],
        [
            "lcla_smpl",
            46.03910446166992,
            3265.006591796875,
            475.47515869140625
        ],
        [
            "rcla_smpl",
            -71.95313262939453,
            3366.44287109375,
            473.34130859375
        ],
        [
            "head_smpl",
            -42.94990921020508,
            3273.722412109375,
            628.8717041015625
        ],
        [
            "lsho_smpl",
            116.3401870727539,
            3200.821533203125,
            478.57757568359375
        ],
        [
            "rsho_smpl",
            -142.36631774902344,
            3429.446044921875,
            474.3851623535156
        ],
        [
            "lelb_smpl",
            242.6004180908203,
            3093.31005859375,
            299.0360412597656
        ],
        [
            "relb_smpl",
            -285.0377502441406,
            3509.900390625,
            288.17083740234375
        ],
        [
            "lwri_smpl",
            230.77597045898438,
            2881.819580078125,
            172.77447509765625
        ],
        [
            "rwri_smpl",
            -488.1726989746094,
            3513.553955078125,
            155.67562866210938
        ],
        [
            "lhan_smpl",
            232.38778686523438,
            2805.96728515625,
            125.4209976196289
        ],
        [
            "rhan_smpl",
            -551.178955078125,
            3524.703857421875,
            108.8161392211914
        ],
        [
            "nose_coco",
            -100.06224060058594,
            3194.76904296875,
            685.7250366210938
        ],
        [
            "leye_coco",
            -62.7620735168457,
            3192.994384765625,
            715.5296020507812
        ],
        [
            "lear_coco",
            19.230253219604492,
            3231.89501953125,
            696.4686279296875
        ],
        [
            "reye_coco",
            -113.2030258178711,
            3232.45166015625,
            716.9406127929688
        ],
        [
            "rear_coco",
            -93.0338134765625,
            3327.623779296875,
            698.5465087890625
        ],
        [
            "htop_mpi_inf_3dhp",
            -25.00472640991211,
            3300.08251953125,
            819.5344848632812
        ]
    ],
    "pose3d1": [],
    "pose3d2": []
}