{
    "boxes": [
        [
            312.5644836425781,
            39.556785583496094
        ]
    ],
    "skeleton": "smpl+head_30",
    "joints": [
        "pelv_smpl",
        "lhip_smpl",
        "rhip_smpl",
        "bell_smpl",
        "lkne_smpl",
        "rkne_smpl",
        "spin_smpl",
        "lank_smpl",
        "rank_smpl",
        "thor_smpl",
        "ltoe_smpl",
        "rtoe_smpl",
        "neck_smpl",
        "lcla_smpl",
        "rcla_smpl",
        "head_smpl",
        "lsho_smpl",
        "rsho_smpl",
        "lelb_smpl",
        "relb_smpl",
        "lwri_smpl",
        "rwri_smpl",
        "lhan_smpl",
        "rhan_smpl",
        "nose_coco",
        "leye_coco",
        "lear_coco",
        "reye_coco",
        "rear_coco",
        "htop_mpi_inf_3dhp"
    ],
    "pose3d": [
        [
            "pelv_smpl",
            -24.159305572509766,
            3425.14697265625,
            94.90287780761719
        ],
        [
            "lhip_smpl",
            -64.48445129394531,
            3362.196533203125,
            7.1956892013549805
        ],
        [
            "rhip_smpl",
            31.978836059570312,
            3461.296875,
            1.2854321002960205
        ],
        [
            "bell_smpl",
            -8.433514595031738,
            3419.596923828125,
            198.5440673828125
        ],
        [
            "lkne_smpl",
            -135.3815155029297,
            3281.11376953125,
            -385.7115173339844
        ],
        [
            "rkne_smpl",
            68.63553619384766,
            3481.61865234375,
            -396.8853759765625
        ],
        [
            "spin_smpl",
            -21.090797424316406,
            3441.241455078125,
            328.140380859375
        ],
        [
            "lank_smpl",
            -134.44918823242188,
            3224.92724609375,
            -806.4656372070312
        ],
        [
            "rank_smpl",
            99.58648681640625,
            3466.51318359375,
            -804.1500244140625
        ],
        [
            "thor_smpl",
            -38.883445739746094,
            3457.435546875,
            376.44580078125
        ],
        [
            "ltoe_smpl",
            -233.6764678955078,
            3275.475341796875,
            -856.3572998046875
        ],
        [
            "rtoe_smpl",
            25.88888168334961,
            3564.729248046875,
            -861.1026611328125
        ],
        [
            "neck_smpl",
            -15.142308235168457,
            3449.82177734375,
            587.6004638671875
        ],
        [
            "lcla_smpl",
            -65.98722839355469,
            3386.52197265625,
            495.60626220703125
        ],
        [
            "rcla_smpl",
            32.8493766784668,
            3506.46435546875,
            493.26287841796875
        ],
        [
            "head_smpl",
            -52.42424392700195,
            3480.92333984375,
            654.3209228515625
        ],
        [
            "lsho_smpl",
            -130.75927734375,
            3309.592529296875,
            500.214111328125
        ],
        [
            "rsho_smpl",
            96.67445373535156,
            3583.190185546875,
            497.83154296875
        ],
        [
            "lelb_smpl",
            -275.88031005859375,
            3221.72509765625,
            304.71417236328125
        ],
        [
            "relb_smpl",
            218.6975555419922,
            3703.38232421875,
            301.724365234375
        ],
        [
            "lwri_smpl",
            -487.54052734375,
            3257.82470703125,
            165.06105041503906
        ],
        [
            "rwri_smpl",
            169.3082733154297,
            3885.401123046875,
            149.44265747070312
        ],
        [
            "lhan_smpl",
            -555.0654296875,
            3266.97021484375,
            112.1833724975586
        ],
        [
            "rhan_smpl",
            158.5641326904297,
            3961.24072265625,
            106.0935287475586
        ],
        [
            "nose_coco",
            -112.89554595947266,
            3537.00048828125,
            715.3987426757812
        ],
        [
            "leye_coco",
            -119.5041732788086,
            3497.267578125,
            745.8336181640625
        ],
        [
            "lear_coco",
            -90.37879943847656,
            3412.88671875,
            722.8331298828125
        ],
        [
            "reye_coco",
            -74.79766845703125,
            3547.337158203125,
            744.3402099609375
        ],
        [
            "rear_coco",
            13.409879684448242,
            3525.768310546875,
            718.8229370117188
        ],
        [
            "htop_mpi_inf_3dhp",
            -29.600887298583984,
            3467.684326171875,
            843.04296875
        ]
    ],
    "pose3d1": [],
    "pose3d2": []
}