{
    "boxes": [
        [
            314.0436096191406,
            34.03911209106445
        ]
    ],
    "skeleton": "smpl+head_30",
    "joints": [
        "pelv_smpl",
        "lhip_smpl",
        "rhip_smpl",
        "bell_smpl",
        "lkne_smpl",
        "rkne_smpl",
        "spin_smpl",
        "lank_smpl",
        "rank_smpl",
        "thor_smpl",
        "ltoe_smpl",
        "rtoe_smpl",
        "neck_smpl",
        "lcla_smpl",
        "rcla_smpl",
        "head_smpl",
        "lsho_smpl",
        "rsho_smpl",
        "lelb_smpl",
        "relb_smpl",
        "lwri_smpl",
        "rwri_smpl",
        "lhan_smpl",
        "rhan_smpl",
        "nose_coco",
        "leye_coco",
        "lear_coco",
        "reye_coco",
        "rear_coco",
        "htop_mpi_inf_3dhp"
    ],
    "pose3d": [
        [
            "pelv_smpl",
            -15.423685073852539,
            3306.79296875,
            82.90666198730469
        ],
        [
            "lhip_smpl",
            50.32564163208008,
            3281.449951171875,
            -7.809403896331787
        ],
        [
            "rhip_smpl",
            -75.09586334228516,
            3344.740966796875,
            -6.231932163238525
        ],
        [
            "bell_smpl",
            -3.9527993202209473,
            3327.69189453125,
            181.05979919433594
        ],
        [
            "lkne_smpl",
            99.19300842285156,
            3218.238037109375,
            -380.58673095703125
        ],
        [
            "rkne_smpl",
            -155.45703125,
            3356.42724609375,
            -383.97705078125
        ],
        [
            "spin_smpl",
            -12.578702926635742,
            3325.99267578125,
            309.8902893066406
        ],
        [
            "lank_smpl",
            138.1704864501953,
            3213.51220703125,
            -795.1258544921875
        ],
        [
            "rank_smpl",
            -170.48548889160156,
            3394.944580078125,
            -794.5899047851562
        ],
        [
            "thor_smpl",
            -27.596805572509766,
            3301.764404296875,
            359.0816955566406
        ],
        [
            "ltoe_smpl",
            95.85832977294922,
            3108.815185546875,
            -853.7897338867188
        ],
        [
            "rtoe_smpl",
            -242.4264373779297,
            3316.06689453125,
            -850.1429443359375
        ],
        [
            "neck_smpl",
            -8.732789993286133,
            3341.39453125,
            569.4619140625
        ],
        [
            "lcla_smpl",
            56.77569580078125,
            3297.63427734375,
            476.9378967285156
        ],
        [
            "rcla_smpl",
            -80.03211975097656,
            3373.70751953125,
            475.91693115234375
        ],
        [
            "head_smpl",
            -33.457122802734375,
            3286.578857421875,
            632.1617431640625
        ],
        [
            "lsho_smpl",
            138.03353881835938,
            3249.429931640625,
            478.20526123046875
        ],
        [
            "rsho_smpl",
            -161.5888671875,
            3422.145263671875,
            474.44384765625
        ],
        [
            "lelb_smpl",
            288.81793212890625,
            3166.64892578125,
            295.07550048828125
        ],
        [
            "relb_smpl",
            -318.9058837890625,
            3458.10595703125,
            286.5487060546875
        ],
        [
            "lwri_smpl",
            306.49688720703125,
            2944.178466796875,
            174.88668823242188
        ],
        [
            "rwri_smpl",
            -496.92181396484375,
            3340.19384765625,
            154.8899383544922
        ],
        [
            "lhan_smpl",
            318.45831298828125,
            2869.703125,
            127.87369537353516
        ],
        [
            "rhan_smpl",
            -553.9921875,
            3312.73681640625,
            107.606689453125
        ],
        [
            "nose_coco",
            -76.53620910644531,
            3198.038818359375,
            688.249267578125
        ],
        [
            "leye_coco",
            -40.410797119140625,
            3203.474609375,
            718.81884765625
        ],
        [
            "lear_coco",
            32.5972900390625,
            3256.81005859375,
            701.3673095703125
        ],
        [
            "reye_coco",
            -95.76322174072266,
            3232.93359375,
            718.9144287109375
        ],
        [
            "rear_coco",
            -92.89386749267578,
            3330.50537109375,
            701.5247192382812
        ],
        [
            "htop_mpi_inf_3dhp",
            -22.92465591430664,
            3314.297607421875,
            822.9627075195312
        ]
    ],
    "pose3d1": [],
    "pose3d2": []
}