{
    "boxes": [
        [
            319.6916809082031,
            41.13534927368164
        ]
    ],
    "skeleton": "smpl+head_30",
    "joints": [
        "pelv_smpl",
        "lhip_smpl",
        "rhip_smpl",
        "bell_smpl",
        "lkne_smpl",
        "rkne_smpl",
        "spin_smpl",
        "lank_smpl",
        "rank_smpl",
        "thor_smpl",
        "ltoe_smpl",
        "rtoe_smpl",
        "neck_smpl",
        "lcla_smpl",
        "rcla_smpl",
        "head_smpl",
        "lsho_smpl",
        "rsho_smpl",
        "lelb_smpl",
        "relb_smpl",
        "lwri_smpl",
        "rwri_smpl",
        "lhan_smpl",
        "rhan_smpl",
        "nose_coco",
        "leye_coco",
        "lear_coco",
        "reye_coco",
        "rear_coco",
        "htop_mpi_inf_3dhp"
    ],
    "pose3d": [
        [
            "pelv_smpl",
            -28.546884536743164,
            3452.201171875,
            97.84664154052734
        ],
        [
            "lhip_smpl",
            -54.22053146362305,
            3383.88916015625,
            10.370831489562988
        ],
        [
            "rhip_smpl",
            19.21002197265625,
            3497.800048828125,
            5.760912895202637
        ],
        [
            "bell_smpl",
            -9.466400146484375,
            3450.19384765625,
            203.11886596679688
        ],
        [
            "lkne_smpl",
            -121.12068176269531,
            3303.58056640625,
            -388.71820068359375
        ],
        [
            "rkne_smpl",
            42.180206298828125,
            3526.959716796875,
            -397.73480224609375
        ],
        [
            "spin_smpl",
            -24.698429107666016,
            3471.78857421875,
            334.6398620605469
        ],
        [
            "lank_smpl",
            -115.06221008300781,
            3248.71240234375,
            -817.6062622070312
        ],
        [
            "rank_smpl",
            74.4971923828125,
            3521.35693359375,
            -812.11376953125
        ],
        [
            "thor_smpl",
            -42.53062438964844,
            3483.353515625,
            383.8768005371094
        ],
        [
            "ltoe_smpl",
            -226.7494354248047,
            3274.150146484375,
            -867.7536010742188
        ],
        [
            "rtoe_smpl",
            -21.12078857421875,
            3605.757080078125,
            -869.2904052734375
        ],
        [
            "neck_smpl",
            -15.855436325073242,
            3484.111328125,
            595.3587036132812
        ],
        [
            "lcla_smpl",
            -55.63025665283203,
            3410.09765625,
            503.6620178222656
        ],
        [
            "rcla_smpl",
            18.144210815429688,
            3550.11083984375,
            501.23992919921875
        ],
        [
            "head_smpl",
            -60.9863166809082,
            3504.093017578125,
            664.1401977539062
        ],
        [
            "lsho_smpl",
            -107.65289306640625,
            3319.107421875,
            508.63970947265625
        ],
        [
            "rsho_smpl",
            65.44109344482422,
            3638.835205078125,
            504.31671142578125
        ],
        [
            "lelb_smpl",
            -226.62686157226562,
            3207.75537109375,
            306.68231201171875
        ],
        [
            "relb_smpl",
            162.15679931640625,
            3745.29541015625,
            286.23699951171875
        ],
        [
            "lwri_smpl",
            -440.43609619140625,
            3187.97314453125,
            166.87841796875
        ],
        [
            "rwri_smpl",
            18.255544662475586,
            3842.09912109375,
            94.40544128417969
        ],
        [
            "lhan_smpl",
            -506.73321533203125,
            3178.23828125,
            113.9543685913086
        ],
        [
            "rhan_smpl",
            -25.722576141357422,
            3882.425048828125,
            38.524898529052734
        ],
        [
            "nose_coco",
            -136.49826049804688,
            3537.427001953125,
            726.3931884765625
        ],
        [
            "leye_coco",
            -131.9075164794922,
            3496.879638671875,
            755.4190063476562
        ],
        [
            "lear_coco",
            -81.28721618652344,
            3425.178955078125,
            730.9139404296875
        ],
        [
            "reye_coco",
            -102.20364379882812,
            3556.05908203125,
            756.1744384765625
        ],
        [
            "rear_coco",
            -9.161593437194824,
            3560.020263671875,
            730.9576416015625
        ],
        [
            "htop_mpi_inf_3dhp",
            -34.278770446777344,
            3489.478515625,
            850.5567626953125
        ]
    ],
    "pose3d1": [],
    "pose3d2": []
}