{
    "boxes": [
        [
            400.4056091308594,
            38.54252243041992
        ]
    ],
    "skeleton": "smpl+head_30",
    "joints": [
        "pelv_smpl",
        "lhip_smpl",
        "rhip_smpl",
        "bell_smpl",
        "lkne_smpl",
        "rkne_smpl",
        "spin_smpl",
        "lank_smpl",
        "rank_smpl",
        "thor_smpl",
        "ltoe_smpl",
        "rtoe_smpl",
        "neck_smpl",
        "lcla_smpl",
        "rcla_smpl",
        "head_smpl",
        "lsho_smpl",
        "rsho_smpl",
        "lelb_smpl",
        "relb_smpl",
        "lwri_smpl",
        "rwri_smpl",
        "lhan_smpl",
        "rhan_smpl",
        "nose_coco",
        "leye_coco",
        "lear_coco",
        "reye_coco",
        "rear_coco",
        "htop_mpi_inf_3dhp"
    ],
    "pose3d": [
        [
            "pelv_smpl",
            19.055908203125,
            3294.667236328125,
            86.34391021728516
        ],
        [
            "lhip_smpl",
            66.28959655761719,
            3341.739501953125,
            -3.655674457550049
        ],
        [
            "rhip_smpl",
            -37.804588317871094,
            3251.801025390625,
            -1.184407114982605
        ],
        [
            "bell_smpl",
            4.686983585357666,
            3316.54541015625,
            184.07626342773438
        ],
        [
            "lkne_smpl",
            141.12063598632812,
            3367.040283203125,
            -388.29119873046875
        ],
        [
            "rkne_smpl",
            -75.85711669921875,
            3180.02783203125,
            -382.6977844238281
        ],
        [
            "spin_smpl",
            14.152374267578125,
            3317.642578125,
            313.64569091796875
        ],
        [
            "lank_smpl",
            147.3328399658203,
            3397.093017578125,
            -789.1629028320312
        ],
        [
            "rank_smpl",
            -116.92098236083984,
            3165.454345703125,
            -796.9249877929688
        ],
        [
            "thor_smpl",
            34.361202239990234,
            3297.719970703125,
            361.73907470703125
        ],
        [
            "ltoe_smpl",
            234.9722442626953,
            3344.535888671875,
            -849.1014404296875
        ],
        [
            "rtoe_smpl",
            -54.4867057800293,
            3073.584716796875,
            -853.8591918945312
        ],
        [
            "neck_smpl",
            6.123421669006348,
            3333.778076171875,
            570.9290771484375
        ],
        [
            "lcla_smpl",
            66.8554458618164,
            3379.160888671875,
            477.879638671875
        ],
        [
            "rcla_smpl",
            -46.85469436645508,
            3276.66259765625,
            479.7298889160156
        ],
        [
            "head_smpl",
            42.71699905395508,
            3286.66796875,
            631.6541137695312
        ],
        [
            "lsho_smpl",
            135.8515167236328,
            3440.53369140625,
            479.73992919921875
        ],
        [
            "rsho_smpl",
            -115.25413513183594,
            3212.2578125,
            483.99090576171875
        ],
        [
            "lelb_smpl",
            276.9549560546875,
            3511.862548828125,
            284.67767333984375
        ],
        [
            "relb_smpl",
            -242.3606719970703,
            3101.689697265625,
            305.3563232421875
        ],
        [
            "lwri_smpl",
            478.6964416503906,
            3497.080810546875,
            153.27499389648438
        ],
        [
            "rwri_smpl",
            -225.4735107421875,
            2887.822265625,
            174.9501953125
        ],
        [
            "lhan_smpl",
            542.08056640625,
            3503.62060546875,
            106.85628509521484
        ],
        [
            "rhan_smpl",
            -224.99276733398438,
            2816.924560546875,
            125.70927429199219
        ],
        [
            "nose_coco",
            104.05374908447266,
            3211.6259765625,
            687.7667846679688
        ],
        [
            "leye_coco",
            113.73811340332031,
            3248.817138671875,
            718.92724609375
        ],
        [
            "lear_coco",
            88.5753173828125,
            3339.189453125,
            699.3717041015625
        ],
        [
            "reye_coco",
            68.48002624511719,
            3206.844482421875,
            717.3248901367188
        ],
        [
            "rear_coco",
            -13.557332992553711,
            3238.73974609375,
            695.7344970703125
        ],
        [
            "htop_mpi_inf_3dhp",
            23.6297607421875,
            3306.686279296875,
            821.8776245117188
        ]
    ],
    "pose3d1": [],
    "pose3d2": []
}