{
    "boxes": [
        [
            373.7418518066406,
            36.370994567871094
        ]
    ],
    "skeleton": "smpl+head_30",
    "joints": [
        "pelv_smpl",
        "lhip_smpl",
        "rhip_smpl",
        "bell_smpl",
        "lkne_smpl",
        "rkne_smpl",
        "spin_smpl",
        "lank_smpl",
        "rank_smpl",
        "thor_smpl",
        "ltoe_smpl",
        "rtoe_smpl",
        "neck_smpl",
        "lcla_smpl",
        "rcla_smpl",
        "head_smpl",
        "lsho_smpl",
        "rsho_smpl",
        "lelb_smpl",
        "relb_smpl",
        "lwri_smpl",
        "rwri_smpl",
        "lhan_smpl",
        "rhan_smpl",
        "nose_coco",
        "leye_coco",
        "lear_coco",
        "reye_coco",
        "rear_coco",
        "htop_mpi_inf_3dhp"
    ],
    "pose3d": [
        [
            "pelv_smpl",
            13.500788688659668,
            3297.78759765625,
            87.19183349609375
        ],
        [
            "lhip_smpl",
            70.47679138183594,
            3335.248779296875,
            -2.147054433822632
        ],
        [
            "rhip_smpl",
            -50.54551696777344,
            3266.168212890625,
            -1.027752161026001
        ],
        [
            "bell_smpl",
            2.6012392044067383,
            3322.31787109375,
            184.21932983398438
        ],
        [
            "lkne_smpl",
            151.47898864746094,
            3347.538330078125,
            -383.1277770996094
        ],
        [
            "rkne_smpl",
            -97.89217376708984,
            3195.69384765625,
            -377.94281005859375
        ],
        [
            "spin_smpl",
            11.550633430480957,
            3322.728515625,
            312.666748046875
        ],
        [
            "lank_smpl",
            163.11514282226562,
            3381.235107421875,
            -788.65771484375
        ],
        [
            "rank_smpl",
            -139.413818359375,
            3191.049072265625,
            -795.0609741210938
        ],
        [
            "thor_smpl",
            27.104196548461914,
            3299.925048828125,
            360.8282775878906
        ],
        [
            "ltoe_smpl",
            239.24072265625,
            3307.214111328125,
            -848.4931640625
        ],
        [
            "rtoe_smpl",
            -93.34220886230469,
            3089.19384765625,
            -854.1077880859375
        ],
        [
            "neck_smpl",
            5.37644100189209,
            3340.36181640625,
            570.7650756835938
        ],
        [
            "lcla_smpl",
            75.27536010742188,
            3373.53369140625,
            477.0728454589844
        ],
        [
            "rcla_smpl",
            -57.575347900390625,
            3294.90576171875,
            478.67559814453125
        ],
        [
            "head_smpl",
            32.32237243652344,
            3285.34765625,
            631.5011596679688
        ],
        [
            "lsho_smpl",
            154.80917358398438,
            3422.779296875,
            477.81658935546875
        ],
        [
            "rsho_smpl",
            -137.74476623535156,
            3246.2060546875,
            481.9925231933594
        ],
        [
            "lelb_smpl",
            309.3223876953125,
            3470.697998046875,
            286.7179260253906
        ],
        [
            "relb_smpl",
            -287.87493896484375,
            3163.92431640625,
            300.234619140625
        ],
        [
            "lwri_smpl",
            501.88433837890625,
            3399.18310546875,
            154.5904998779297
        ],
        [
            "rwri_smpl",
            -301.97967529296875,
            2941.37744140625,
            174.9105987548828
        ],
        [
            "lhan_smpl",
            560.8645629882812,
            3386.25732421875,
            107.17124938964844
        ],
        [
            "rhan_smpl",
            -310.3191223144531,
            2868.50830078125,
            125.94291687011719
        ],
        [
            "nose_coco",
            76.05924224853516,
            3197.405517578125,
            687.927978515625
        ],
        [
            "leye_coco",
            94.18218994140625,
            3231.68994140625,
            718.5668334960938
        ],
        [
            "lear_coco",
            91.83438873291016,
            3327.468017578125,
            698.6822509765625
        ],
        [
            "reye_coco",
            39.983333587646484,
            3202.95458984375,
            718.5526733398438
        ],
        [
            "rear_coco",
            -32.438148498535156,
            3254.94970703125,
            697.9716186523438
        ],
        [
            "htop_mpi_inf_3dhp",
            20.30792808532715,
            3310.909423828125,
            821.3948364257812
        ]
    ],
    "pose3d1": [],
    "pose3d2": []
}