{
    "boxes": [
        [
            350.6114501953125,
            42.78902053833008
        ]
    ],
    "skeleton": "smpl+head_30",
    "joints": [
        "pelv_smpl",
        "lhip_smpl",
        "rhip_smpl",
        "bell_smpl",
        "lkne_smpl",
        "rkne_smpl",
        "spin_smpl",
        "lank_smpl",
        "rank_smpl",
        "thor_smpl",
        "ltoe_smpl",
        "rtoe_smpl",
        "neck_smpl",
        "lcla_smpl",
        "rcla_smpl",
        "head_smpl",
        "lsho_smpl",
        "rsho_smpl",
        "lelb_smpl",
        "relb_smpl",
        "lwri_smpl",
        "rwri_smpl",
        "lhan_smpl",
        "rhan_smpl",
        "nose_coco",
        "leye_coco",
        "lear_coco",
        "reye_coco",
        "rear_coco",
        "htop_mpi_inf_3dhp"
    ],
    "pose3d": [
        [
            "pelv_smpl",
            -40.51557159423828,
            3539.84130859375,
            90.35462188720703
        ],
        [
            "lhip_smpl",
            -44.96147918701172,
            3473.678955078125,
            0.31747978925704956
        ],
        [
            "rhip_smpl",
            -15.2680025100708,
            3598.07568359375,
            -0.05483565479516983
        ],
        [
            "bell_smpl",
            -8.009258270263672,
            3536.349609375,
            200.72067260742188
        ],
        [
            "lkne_smpl",
            -82.58330535888672,
            3396.40283203125,
            -407.6117248535156
        ],
        [
            "rkne_smpl",
            -8.820924758911133,
            3662.32470703125,
            -410.7505798339844
        ],
        [
            "spin_smpl",
            -27.252422332763672,
            3546.95703125,
            338.8641052246094
        ],
        [
            "lank_smpl",
            -59.35308837890625,
            3361.753173828125,
            -849.8445434570312
        ],
        [
            "rank_smpl",
            11.492777824401855,
            3679.39892578125,
            -842.4743041992188
        ],
        [
            "thor_smpl",
            -39.918548583984375,
            3549.239013671875,
            393.5219421386719
        ],
        [
            "ltoe_smpl",
            -181.30105590820312,
            3348.720703125,
            -904.1512451171875
        ],
        [
            "rtoe_smpl",
            -100.89079284667969,
            3744.38720703125,
            -895.7545166015625
        ],
        [
            "neck_smpl",
            -14.544538497924805,
            3550.356201171875,
            603.8523559570312
        ],
        [
            "lcla_smpl",
            -30.54312515258789,
            3469.268310546875,
            509.11151123046875
        ],
        [
            "rcla_smpl",
            -3.7864906787872314,
            3628.15234375,
            510.305419921875
        ],
        [
            "head_smpl",
            -70.85946655273438,
            3557.455078125,
            677.3316650390625
        ],
        [
            "lsho_smpl",
            -52.485076904296875,
            3356.34228515625,
            521.4654541015625
        ],
        [
            "rsho_smpl",
            6.790312767028809,
            3732.84521484375,
            526.812255859375
        ],
        [
            "lelb_smpl",
            -108.73039245605469,
            3200.254638671875,
            308.2761535644531
        ],
        [
            "relb_smpl",
            20.34516143798828,
            3882.873779296875,
            303.2447204589844
        ],
        [
            "lwri_smpl",
            -299.58758544921875,
            3084.896484375,
            176.03289794921875
        ],
        [
            "rwri_smpl",
            -108.28630065917969,
            4028.25341796875,
            149.09523010253906
        ],
        [
            "lhan_smpl",
            -360.2563781738281,
            3041.589599609375,
            124.52565002441406
        ],
        [
            "rhan_smpl",
            -150.93392944335938,
            4095.94384765625,
            106.10733795166016
        ],
        [
            "nose_coco",
            -160.67117309570312,
            3566.748779296875,
            741.5277099609375
        ],
        [
            "leye_coco",
            -144.90467834472656,
            3529.67431640625,
            769.3787231445312
        ],
        [
            "lear_coco",
            -72.68464660644531,
            3473.018310546875,
            742.284423828125
        ],
        [
            "reye_coco",
            -133.99484252929688,
            3595.674560546875,
            772.588134765625
        ],
        [
            "rear_coco",
            -42.06696319580078,
            3627.283935546875,
            748.5281372070312
        ],
        [
            "htop_mpi_inf_3dhp",
            -44.53217315673828,
            3542.339111328125,
            862.42529296875
        ]
    ],
    "pose3d1": [],
    "pose3d2": []
}