{
    "boxes": [
        [
            418.39105224609375,
            37.82344436645508
        ]
    ],
    "skeleton": "smpl+head_30",
    "joints": [
        "pelv_smpl",
        "lhip_smpl",
        "rhip_smpl",
        "bell_smpl",
        "lkne_smpl",
        "rkne_smpl",
        "spin_smpl",
        "lank_smpl",
        "rank_smpl",
        "thor_smpl",
        "ltoe_smpl",
        "rtoe_smpl",
        "neck_smpl",
        "lcla_smpl",
        "rcla_smpl",
        "head_smpl",
        "lsho_smpl",
        "rsho_smpl",
        "lelb_smpl",
        "relb_smpl",
        "lwri_smpl",
        "rwri_smpl",
        "lhan_smpl",
        "rhan_smpl",
        "nose_coco",
        "leye_coco",
        "lear_coco",
        "reye_coco",
        "rear_coco",
        "htop_mpi_inf_3dhp"
    ],
    "pose3d": [
        [
            "pelv_smpl",
            23.457489013671875,
            3323.30615234375,
            91.84321594238281
        ],
        [
            "lhip_smpl",
            60.013458251953125,
            3379.000732421875,
            1.453830361366272
        ],
        [
            "rhip_smpl",
            -22.573556900024414,
            3269.60009765625,
            4.982774257659912
        ],
        [
            "bell_smpl",
            5.002582550048828,
            3341.434326171875,
            191.42015075683594
        ],
        [
            "lkne_smpl",
            128.17764282226562,
            3420.31640625,
            -390.43267822265625
        ],
        [
            "rkne_smpl",
            -52.9290771484375,
            3201.80712890625,
            -389.49774169921875
        ],
        [
            "spin_smpl",
            15.212552070617676,
            3341.767578125,
            319.9666442871094
        ],
        [
            "lank_smpl",
            126.06697082519531,
            3441.38671875,
            -795.405517578125
        ],
        [
            "rank_smpl",
            -91.90897369384766,
            3188.12744140625,
            -804.5993041992188
        ],
        [
            "thor_smpl",
            39.58820724487305,
            3324.86083984375,
            367.70068359375
        ],
        [
            "ltoe_smpl",
            224.843994140625,
            3408.72265625,
            -853.7047729492188
        ],
        [
            "rtoe_smpl",
            -10.410611152648926,
            3104.99755859375,
            -860.1076049804688
        ],
        [
            "neck_smpl",
            6.088336944580078,
            3353.425048828125,
            577.5848999023438
        ],
        [
            "lcla_smpl",
            55.8621940612793,
            3411.300048828125,
            486.12286376953125
        ],
        [
            "rcla_smpl",
            -35.155677795410156,
            3285.70458984375,
            485.6075744628906
        ],
        [
            "head_smpl",
            50.9076042175293,
            3316.752685546875,
            637.8958740234375
        ],
        [
            "lsho_smpl",
            113.17924499511719,
            3485.043701171875,
            491.94549560546875
        ],
        [
            "rsho_smpl",
            -89.27226257324219,
            3206.384765625,
            491.59259033203125
        ],
        [
            "lelb_smpl",
            234.84536743164062,
            3584.64697265625,
            291.51873779296875
        ],
        [
            "relb_smpl",
            -193.54249572753906,
            3075.997314453125,
            310.681884765625
        ],
        [
            "lwri_smpl",
            438.20892333984375,
            3627.296142578125,
            158.35452270507812
        ],
        [
            "rwri_smpl",
            -140.1686248779297,
            2872.115966796875,
            174.37567138671875
        ],
        [
            "lhan_smpl",
            505.3340759277344,
            3652.494873046875,
            112.4931869506836
        ],
        [
            "rhan_smpl",
            -127.22628021240234,
            2803.10009765625,
            128.41844177246094
        ],
        [
            "nose_coco",
            126.6149673461914,
            3259.03515625,
            695.508056640625
        ],
        [
            "leye_coco",
            127.43666076660156,
            3297.0546875,
            727.0004272460938
        ],
        [
            "lear_coco",
            79.74472045898438,
            3377.0625,
            706.3273315429688
        ],
        [
            "reye_coco",
            94.17439270019531,
            3243.85107421875,
            724.2493286132812
        ],
        [
            "rear_coco",
            5.338533401489258,
            3252.36962890625,
            699.5045166015625
        ],
        [
            "htop_mpi_inf_3dhp",
            26.59320068359375,
            3327.279296875,
            826.6746826171875
        ]
    ],
    "pose3d1": [],
    "pose3d2": []
}