{
    "boxes": [
        [
            384.9970703125,
            26.297571182250977
        ]
    ],
    "skeleton": "smpl+head_30",
    "joints": [
        "pelv_smpl",
        "lhip_smpl",
        "rhip_smpl",
        "bell_smpl",
        "lkne_smpl",
        "rkne_smpl",
        "spin_smpl",
        "lank_smpl",
        "rank_smpl",
        "thor_smpl",
        "ltoe_smpl",
        "rtoe_smpl",
        "neck_smpl",
        "lcla_smpl",
        "rcla_smpl",
        "head_smpl",
        "lsho_smpl",
        "rsho_smpl",
        "lelb_smpl",
        "relb_smpl",
        "lwri_smpl",
        "rwri_smpl",
        "lhan_smpl",
        "rhan_smpl",
        "nose_coco",
        "leye_coco",
        "lear_coco",
        "reye_coco",
        "rear_coco",
        "htop_mpi_inf_3dhp"
    ],
    "pose3d": [
        [
            "pelv_smpl",
            -38.12739944458008,
            3434.517578125,
            94.19388580322266
        ],
        [
            "lhip_smpl",
            -20.668132781982422,
            3369.465576171875,
            3.6355953216552734
        ],
        [
            "rhip_smpl",
            -37.750267028808594,
            3497.906982421875,
            3.779420852661133
        ],
        [
            "bell_smpl",
            -9.216256141662598,
            3439.27978515625,
            200.56405639648438
        ],
        [
            "lkne_smpl",
            -20.686473846435547,
            3327.008544921875,
            -408.1367492675781
        ],
        [
            "rkne_smpl",
            -77.53368377685547,
            3570.255126953125,
            -396.0783386230469
        ],
        [
            "spin_smpl",
            -22.37464141845703,
            3445.86279296875,
            332.64794921875
        ],
        [
            "lank_smpl",
            4.044595241546631,
            3326.73779296875,
            -845.2247314453125
        ],
        [
            "rank_smpl",
            -57.305267333984375,
            3578.23974609375,
            -825.3648681640625
        ],
        [
            "thor_smpl",
            -41.143455505371094,
            3444.55615234375,
            384.94671630859375
        ],
        [
            "ltoe_smpl",
            -108.99710845947266,
            3281.97705078125,
            -897.9573974609375
        ],
        [
            "rtoe_smpl",
            -167.7809295654297,
            3603.781982421875,
            -886.92236328125
        ],
        [
            "neck_smpl",
            -11.725369453430176,
            3460.61279296875,
            588.0494384765625
        ],
        [
            "lcla_smpl",
            -8.371383666992188,
            3376.90673828125,
            497.9395446777344
        ],
        [
            "rcla_smpl",
            -20.506629943847656,
            3531.27880859375,
            495.8106384277344
        ],
        [
            "head_smpl",
            -68.90476989746094,
            3458.87548828125,
            657.7034912109375
        ],
        [
            "lsho_smpl",
            -0.8709715008735657,
            3268.4990234375,
            515.9656982421875
        ],
        [
            "rsho_smpl",
            -27.491134643554688,
            3627.65283203125,
            509.4163513183594
        ],
        [
            "lelb_smpl",
            23.613691329956055,
            3105.5869140625,
            313.455322265625
        ],
        [
            "relb_smpl",
            -46.32963180541992,
            3753.94189453125,
            291.8046569824219
        ],
        [
            "lwri_smpl",
            -124.03529357910156,
            2933.56201171875,
            172.1854705810547
        ],
        [
            "rwri_smpl",
            -216.09957885742188,
            3852.451171875,
            158.43093872070312
        ],
        [
            "lhan_smpl",
            -173.08029174804688,
            2859.520751953125,
            123.22528076171875
        ],
        [
            "rhan_smpl",
            -285.1822204589844,
            3884.67529296875,
            111.6466293334961
        ],
        [
            "nose_coco",
            -159.98898315429688,
            3448.520263671875,
            720.8863525390625
        ],
        [
            "leye_coco",
            -138.62057495117188,
            3416.274169921875,
            749.0060424804688
        ],
        [
            "lear_coco",
            -56.69487380981445,
            3377.028076171875,
            725.1965942382812
        ],
        [
            "reye_coco",
            -140.01953125,
            3482.438720703125,
            752.6209106445312
        ],
        [
            "rear_coco",
            -56.9752082824707,
            3528.81884765625,
            730.1429443359375
        ],
        [
            "htop_mpi_inf_3dhp",
            -44.59507369995117,
            3450.7109375,
            847.58154296875
        ]
    ],
    "pose3d1": [],
    "pose3d2": []
}