{
    "boxes": [
        [
            439.72564697265625,
            39.10710144042969
        ]
    ],
    "skeleton": "smpl+head_30",
    "joints": [
        "pelv_smpl",
        "lhip_smpl",
        "rhip_smpl",
        "bell_smpl",
        "lkne_smpl",
        "rkne_smpl",
        "spin_smpl",
        "lank_smpl",
        "rank_smpl",
        "thor_smpl",
        "ltoe_smpl",
        "rtoe_smpl",
        "neck_smpl",
        "lcla_smpl",
        "rcla_smpl",
        "head_smpl",
        "lsho_smpl",
        "rsho_smpl",
        "lelb_smpl",
        "relb_smpl",
        "lwri_smpl",
        "rwri_smpl",
        "lhan_smpl",
        "rhan_smpl",
        "nose_coco",
        "leye_coco",
        "lear_coco",
        "reye_coco",
        "rear_coco",
        "htop_mpi_inf_3dhp"
    ],
    "pose3d": [
        [
            "pelv_smpl",
            27.54205322265625,
            3451.06982421875,
            97.33927154541016
        ],
        [
            "lhip_smpl",
            -13.726778030395508,
            3500.578125,
            4.802221775054932
        ],
        [
            "rhip_smpl",
            47.12665557861328,
            3382.879638671875,
            10.39913558959961
        ],
        [
            "bell_smpl",
            5.459568500518799,
            3450.160888671875,
            202.72398376464844
        ],
        [
            "lkne_smpl",
            -26.784420013427734,
            3547.76220703125,
            -402.1138610839844
        ],
        [
            "rkne_smpl",
            106.6773910522461,
            3303.46435546875,
            -392.3125305175781
        ],
        [
            "spin_smpl",
            19.574176788330078,
            3471.104736328125,
            336.35870361328125
        ],
        [
            "lank_smpl",
            -54.64508819580078,
            3548.608642578125,
            -818.9894409179688
        ],
        [
            "rank_smpl",
            92.30489349365234,
            3255.059326171875,
            -827.8890380859375
        ],
        [
            "thor_smpl",
            36.92490768432617,
            3481.368408203125,
            385.46185302734375
        ],
        [
            "ltoe_smpl",
            40.945411682128906,
            3628.37548828125,
            -875.37890625
        ],
        [
            "rtoe_smpl",
            206.6815948486328,
            3271.0283203125,
            -879.0244140625
        ],
        [
            "neck_smpl",
            9.504287719726562,
            3487.285888671875,
            594.60400390625
        ],
        [
            "lcla_smpl",
            -17.896564483642578,
            3554.95556640625,
            501.9419860839844
        ],
        [
            "rcla_smpl",
            41.42315673828125,
            3409.01416015625,
            504.71551513671875
        ],
        [
            "head_smpl",
            61.19676971435547,
            3505.64892578125,
            661.0948486328125
        ],
        [
            "lsho_smpl",
            -54.4475212097168,
            3647.552001953125,
            503.70220947265625
        ],
        [
            "rsho_smpl",
            83.72338104248047,
            3314.23291015625,
            511.99188232421875
        ],
        [
            "lelb_smpl",
            -121.52703857421875,
            3755.55859375,
            274.8546447753906
        ],
        [
            "relb_smpl",
            180.67501831054688,
            3186.111328125,
            305.59942626953125
        ],
        [
            "lwri_smpl",
            35.432899475097656,
            3847.586669921875,
            90.82433319091797
        ],
        [
            "rwri_smpl",
            391.27252197265625,
            3134.39501953125,
            166.12953186035156
        ],
        [
            "lhan_smpl",
            80.3427734375,
            3887.405517578125,
            38.15083694458008
        ],
        [
            "rhan_smpl",
            455.15582275390625,
            3114.16796875,
            115.30377197265625
        ],
        [
            "nose_coco",
            142.65492248535156,
            3527.70361328125,
            721.6347045898438
        ],
        [
            "leye_coco",
            112.51324462890625,
            3549.912841796875,
            751.8238525390625
        ],
        [
            "lear_coco",
            19.8354549407959,
            3566.56787109375,
            728.3792724609375
        ],
        [
            "reye_coco",
            135.02745056152344,
            3488.108642578125,
            748.9772338867188
        ],
        [
            "rear_coco",
            76.65483093261719,
            3425.253173828125,
            724.3013916015625
        ],
        [
            "htop_mpi_inf_3dhp",
            33.853580474853516,
            3497.783203125,
            852.3160400390625
        ]
    ],
    "pose3d1": [],
    "pose3d2": []
}