{
    "boxes": [
        [
            352.79937744140625,
            40.2788200378418
        ]
    ],
    "skeleton": "smpl+head_30",
    "joints": [
        "pelv_smpl",
        "lhip_smpl",
        "rhip_smpl",
        "bell_smpl",
        "lkne_smpl",
        "rkne_smpl",
        "spin_smpl",
        "lank_smpl",
        "rank_smpl",
        "thor_smpl",
        "ltoe_smpl",
        "rtoe_smpl",
        "neck_smpl",
        "lcla_smpl",
        "rcla_smpl",
        "head_smpl",
        "lsho_smpl",
        "rsho_smpl",
        "lelb_smpl",
        "relb_smpl",
        "lwri_smpl",
        "rwri_smpl",
        "lhan_smpl",
        "rhan_smpl",
        "nose_coco",
        "leye_coco",
        "lear_coco",
        "reye_coco",
        "rear_coco",
        "htop_mpi_inf_3dhp"
    ],
    "pose3d": [
        [
            "pelv_smpl",
            0.6815958619117737,
            3360.678955078125,
            96.83216857910156
        ],
        [
            "lhip_smpl",
            -70.95793914794922,
            3344.16162109375,
            6.91717529296875
        ],
        [
            "rhip_smpl",
            71.01947784423828,
            3340.423828125,
            7.8588547706604
        ],
        [
            "bell_smpl",
            0.6597934365272522,
            3361.13427734375,
            199.16818237304688
        ],
        [
            "lkne_smpl",
            -143.028564453125,
            3286.47802734375,
            -373.30169677734375
        ],
        [
            "rkne_smpl",
            148.1670379638672,
            3297.15771484375,
            -375.98040771484375
        ],
        [
            "spin_smpl",
            0.8334029912948608,
            3385.298095703125,
            322.40509033203125
        ],
        [
            "lank_smpl",
            -169.208251953125,
            3226.0283203125,
            -775.2156982421875
        ],
        [
            "rank_smpl",
            170.84878540039062,
            3250.481201171875,
            -781.04638671875
        ],
        [
            "thor_smpl",
            1.6624870300292969,
            3411.276611328125,
            367.79022216796875
        ],
        [
            "ltoe_smpl",
            -186.9338836669922,
            3330.90625,
            -827.8395385742188
        ],
        [
            "rtoe_smpl",
            201.75830078125,
            3360.02880859375,
            -827.2542114257812
        ],
        [
            "neck_smpl",
            -0.7913013696670532,
            3394.33837890625,
            579.3204956054688
        ],
        [
            "lcla_smpl",
            -75.62693786621094,
            3395.15625,
            486.1591796875
        ],
        [
            "rcla_smpl",
            75.36725616455078,
            3389.121826171875,
            485.8746032714844
        ],
        [
            "head_smpl",
            0.1747969090938568,
            3446.19287109375,
            642.1332397460938
        ],
        [
            "lsho_smpl",
            -170.4373779296875,
            3402.32470703125,
            487.0038146972656
        ],
        [
            "rsho_smpl",
            170.14041137695312,
            3388.66357421875,
            487.0352478027344
        ],
        [
            "lelb_smpl",
            -348.6601867675781,
            3437.134765625,
            306.7877502441406
        ],
        [
            "relb_smpl",
            351.50543212890625,
            3406.71044921875,
            308.41473388671875
        ],
        [
            "lwri_smpl",
            -465.54705810546875,
            3619.649658203125,
            164.75442504882812
        ],
        [
            "rwri_smpl",
            489.79034423828125,
            3572.59375,
            165.24151611328125
        ],
        [
            "lhan_smpl",
            -500.70721435546875,
            3680.366455078125,
            117.1289291381836
        ],
        [
            "rhan_smpl",
            533.17919921875,
            3627.55859375,
            115.76612854003906
        ],
        [
            "nose_coco",
            -1.1145347356796265,
            3532.58740234375,
            700.1812744140625
        ],
        [
            "leye_coco",
            -30.373987197875977,
            3510.284423828125,
            729.2014770507812
        ],
        [
            "lear_coco",
            -70.7803955078125,
            3429.598876953125,
            707.3299560546875
        ],
        [
            "reye_coco",
            29.332794189453125,
            3511.438720703125,
            729.1973876953125
        ],
        [
            "rear_coco",
            72.1163330078125,
            3430.065185546875,
            706.17822265625
        ],
        [
            "htop_mpi_inf_3dhp",
            -0.788478434085846,
            3423.88671875,
            831.3397216796875
        ]
    ],
    "pose3d1": [],
    "pose3d2": []
}