{
    "boxes": [
        [
            361.0965881347656,
            39.6796760559082
        ]
    ],
    "skeleton": "smpl+head_30",
    "joints": [
        "pelv_smpl",
        "lhip_smpl",
        "rhip_smpl",
        "bell_smpl",
        "lkne_smpl",
        "rkne_smpl",
        "spin_smpl",
        "lank_smpl",
        "rank_smpl",
        "thor_smpl",
        "ltoe_smpl",
        "rtoe_smpl",
        "neck_smpl",
        "lcla_smpl",
        "rcla_smpl",
        "head_smpl",
        "lsho_smpl",
        "rsho_smpl",
        "lelb_smpl",
        "relb_smpl",
        "lwri_smpl",
        "rwri_smpl",
        "lhan_smpl",
        "rhan_smpl",
        "nose_coco",
        "leye_coco",
        "lear_coco",
        "reye_coco",
        "rear_coco",
        "htop_mpi_inf_3dhp"
    ],
    "pose3d": [
        [
            "pelv_smpl",
            -33.844566345214844,
            3339.481201171875,
            95.48657989501953
        ],
        [
            "lhip_smpl",
            -2.7839369773864746,
            3277.3984375,
            8.367410659790039
        ],
        [
            "rhip_smpl",
            -46.31756591796875,
            3401.911376953125,
            6.949803352355957
        ],
        [
            "bell_smpl",
            -16.439128875732422,
            3348.198486328125,
            196.7556610107422
        ],
        [
            "lkne_smpl",
            2.647922992706299,
            3229.90673828125,
            -394.5857849121094
        ],
        [
            "rkne_smpl",
            -102.39041900634766,
            3450.186279296875,
            -384.00372314453125
        ],
        [
            "spin_smpl",
            -27.349817276000977,
            3353.47314453125,
            324.8633117675781
        ],
        [
            "lank_smpl",
            33.4971809387207,
            3224.554931640625,
            -816.432373046875
        ],
        [
            "rank_smpl",
            -84.8587875366211,
            3454.487060546875,
            -799.0511474609375
        ],
        [
            "thor_smpl",
            -53.48998260498047,
            3347.92822265625,
            375.95123291015625
        ],
        [
            "ltoe_smpl",
            -71.29368591308594,
            3173.37646484375,
            -867.0003662109375
        ],
        [
            "rtoe_smpl",
            -192.53213500976562,
            3458.22216796875,
            -855.3303833007812
        ],
        [
            "neck_smpl",
            -14.277702331542969,
            3370.34716796875,
            581.9031982421875
        ],
        [
            "lcla_smpl",
            2.4201579093933105,
            3292.451904296875,
            492.89056396484375
        ],
        [
            "rcla_smpl",
            -40.60696792602539,
            3436.52197265625,
            491.04913330078125
        ],
        [
            "head_smpl",
            -68.12722778320312,
            3357.28369140625,
            645.1505126953125
        ],
        [
            "lsho_smpl",
            27.8564510345459,
            3199.36376953125,
            505.69110107421875
        ],
        [
            "rsho_smpl",
            -68.53926086425781,
            3520.32861328125,
            501.5081481933594
        ],
        [
            "lelb_smpl",
            84.81211853027344,
            3058.03076171875,
            305.94830322265625
        ],
        [
            "relb_smpl",
            -140.39468383789062,
            3630.201171875,
            291.7862243652344
        ],
        [
            "lwri_smpl",
            -32.02955627441406,
            2876.8525390625,
            170.65963745117188
        ],
        [
            "rwri_smpl",
            -331.0196228027344,
            3718.563720703125,
            159.35523986816406
        ],
        [
            "lhan_smpl",
            -63.82416534423828,
            2808.094970703125,
            122.6742172241211
        ],
        [
            "rhan_smpl",
            -396.0553283691406,
            3758.202392578125,
            113.16947174072266
        ],
        [
            "nose_coco",
            -152.06930541992188,
            3333.14111328125,
            706.3489990234375
        ],
        [
            "leye_coco",
            -126.809326171875,
            3305.82763671875,
            734.9517822265625
        ],
        [
            "lear_coco",
            -42.23923873901367,
            3280.15673828125,
            708.0555419921875
        ],
        [
            "reye_coco",
            -137.77877807617188,
            3369.67822265625,
            735.473876953125
        ],
        [
            "rear_coco",
            -64.60740661621094,
            3424.97314453125,
            711.6951293945312
        ],
        [
            "htop_mpi_inf_3dhp",
            -31.9476375579834,
            3361.44775390625,
            830.4968872070312
        ]
    ],
    "pose3d1": [],
    "pose3d2": []
}