{
    "boxes": [
        [
            383.56561279296875,
            41.84886169433594
        ]
    ],
    "skeleton": "smpl+head_30",
    "joints": [
        "pelv_smpl",
        "lhip_smpl",
        "rhip_smpl",
        "bell_smpl",
        "lkne_smpl",
        "rkne_smpl",
        "spin_smpl",
        "lank_smpl",
        "rank_smpl",
        "thor_smpl",
        "ltoe_smpl",
        "rtoe_smpl",
        "neck_smpl",
        "lcla_smpl",
        "rcla_smpl",
        "head_smpl",
        "lsho_smpl",
        "rsho_smpl",
        "lelb_smpl",
        "relb_smpl",
        "lwri_smpl",
        "rwri_smpl",
        "lhan_smpl",
        "rhan_smpl",
        "nose_coco",
        "leye_coco",
        "lear_coco",
        "reye_coco",
        "rear_coco",
        "htop_mpi_inf_3dhp"
    ],
    "pose3d": [
        [
            "pelv_smpl",
            10.244425773620605,
            3408.68603515625,
            94.26492309570312
        ],
        [
            "lhip_smpl",
            -59.25629806518555,
            3411.762451171875,
            2.3257222175598145
        ],
        [
            "rhip_smpl",
            71.61471557617188,
            3364.521484375,
            8.098750114440918
        ],
        [
            "bell_smpl",
            3.346665620803833,
            3407.59375,
            199.272705078125
        ],
        [
            "lkne_smpl",
            -119.10807800292969,
            3393.38818359375,
            -384.4351806640625
        ],
        [
            "rkne_smpl",
            151.9435272216797,
            3299.26806640625,
            -379.22125244140625
        ],
        [
            "spin_smpl",
            11.713104248046875,
            3438.20849609375,
            324.62005615234375
        ],
        [
            "lank_smpl",
            -149.422119140625,
            3347.40283203125,
            -793.0291137695312
        ],
        [
            "rank_smpl",
            166.24813842773438,
            3229.95849609375,
            -791.0399169921875
        ],
        [
            "thor_smpl",
            20.2049560546875,
            3462.93115234375,
            372.5252990722656
        ],
        [
            "ltoe_smpl",
            -121.57957458496094,
            3457.112548828125,
            -845.4860229492188
        ],
        [
            "rtoe_smpl",
            236.65011596679688,
            3315.712158203125,
            -843.9676513671875
        ],
        [
            "neck_smpl",
            6.508838653564453,
            3454.533935546875,
            584.2306518554688
        ],
        [
            "lcla_smpl",
            -61.405303955078125,
            3479.008544921875,
            489.27471923828125
        ],
        [
            "rcla_smpl",
            78.14356994628906,
            3418.51171875,
            490.92169189453125
        ],
        [
            "head_smpl",
            22.91093635559082,
            3505.28759765625,
            650.653564453125
        ],
        [
            "lsho_smpl",
            -153.8412628173828,
            3521.47607421875,
            491.08416748046875
        ],
        [
            "rsho_smpl",
            168.0901336669922,
            3377.692138671875,
            491.9447326660156
        ],
        [
            "lelb_smpl",
            -314.10528564453125,
            3608.85546875,
            305.812744140625
        ],
        [
            "relb_smpl",
            342.476806640625,
            3336.100341796875,
            305.6416931152344
        ],
        [
            "lwri_smpl",
            -358.3292541503906,
            3820.55908203125,
            169.04371643066406
        ],
        [
            "rwri_smpl",
            529.2643432617188,
            3456.944580078125,
            162.75111389160156
        ],
        [
            "lhan_smpl",
            -375.8526916503906,
            3899.68896484375,
            125.46920013427734
        ],
        [
            "rhan_smpl",
            588.4693603515625,
            3493.87109375,
            109.8164291381836
        ],
        [
            "nose_coco",
            42.665550231933594,
            3592.61865234375,
            705.5841674804688
        ],
        [
            "leye_coco",
            8.564577102661133,
            3582.689453125,
            736.431640625
        ],
        [
            "lear_coco",
            -51.048255920410156,
            3515.345703125,
            717.661376953125
        ],
        [
            "reye_coco",
            68.6548080444336,
            3563.85986328125,
            737.2772216796875
        ],
        [
            "rear_coco",
            92.11031341552734,
            3470.89990234375,
            720.7481689453125
        ],
        [
            "htop_mpi_inf_3dhp",
            18.997711181640625,
            3494.555419921875,
            842.2725830078125
        ]
    ],
    "pose3d1": [],
    "pose3d2": []
}