{
    "boxes": [
        [
            315.2839660644531,
            35.98025894165039
        ]
    ],
    "skeleton": "smpl+head_30",
    "joints": [
        "pelv_smpl",
        "lhip_smpl",
        "rhip_smpl",
        "bell_smpl",
        "lkne_smpl",
        "rkne_smpl",
        "spin_smpl",
        "lank_smpl",
        "rank_smpl",
        "thor_smpl",
        "ltoe_smpl",
        "rtoe_smpl",
        "neck_smpl",
        "lcla_smpl",
        "rcla_smpl",
        "head_smpl",
        "lsho_smpl",
        "rsho_smpl",
        "lelb_smpl",
        "relb_smpl",
        "lwri_smpl",
        "rwri_smpl",
        "lhan_smpl",
        "rhan_smpl",
        "nose_coco",
        "leye_coco",
        "lear_coco",
        "reye_coco",
        "rear_coco",
        "htop_mpi_inf_3dhp"
    ],
    "pose3d": [
        [
            "pelv_smpl",
            -10.932561874389648,
            3280.02294921875,
            82.21294403076172
        ],
        [
            "lhip_smpl",
            59.0008430480957,
            3266.85595703125,
            -7.884740352630615
        ],
        [
            "rhip_smpl",
            -78.03791809082031,
            3305.624267578125,
            -6.743712425231934
        ],
        [
            "bell_smpl",
            -3.644321918487549,
            3304.3203125,
            179.66580200195312
        ],
        [
            "lkne_smpl",
            115.14546966552734,
            3208.902099609375,
            -376.32696533203125
        ],
        [
            "rkne_smpl",
            -156.5965118408203,
            3292.1484375,
            -377.00921630859375
        ],
        [
            "spin_smpl",
            -9.178141593933105,
            3302.29833984375,
            307.10162353515625
        ],
        [
            "lank_smpl",
            153.73385620117188,
            3221.13427734375,
            -787.654052734375
        ],
        [
            "rank_smpl",
            -174.6182098388672,
            3338.97900390625,
            -785.3683471679688
        ],
        [
            "thor_smpl",
            -18.890336990356445,
            3276.0849609375,
            355.9920349121094
        ],
        [
            "ltoe_smpl",
            133.66737365722656,
            3111.674560546875,
            -845.9093627929688
        ],
        [
            "rtoe_smpl",
            -231.56222534179688,
            3242.085693359375,
            -841.0963134765625
        ],
        [
            "neck_smpl",
            -7.6359100341796875,
            3317.751220703125,
            567.4010009765625
        ],
        [
            "lcla_smpl",
            64.15298461914062,
            3288.432861328125,
            474.42547607421875
        ],
        [
            "rcla_smpl",
            -82.99736785888672,
            3336.81103515625,
            473.31329345703125
        ],
        [
            "head_smpl",
            -23.83897590637207,
            3259.853515625,
            629.1555786132812
        ],
        [
            "lsho_smpl",
            154.02061462402344,
            3260.89306640625,
            475.4337463378906
        ],
        [
            "rsho_smpl",
            -171.396484375,
            3371.59716796875,
            470.60064697265625
        ],
        [
            "lelb_smpl",
            315.97235107421875,
            3206.205810546875,
            295.2207336425781
        ],
        [
            "relb_smpl",
            -337.52960205078125,
            3395.52685546875,
            287.0043640136719
        ],
        [
            "lwri_smpl",
            367.6632080078125,
            2984.47998046875,
            175.0276336669922
        ],
        [
            "rwri_smpl",
            -498.7373962402344,
            3246.02734375,
            157.73318481445312
        ],
        [
            "lhan_smpl",
            390.5213317871094,
            2914.04443359375,
            127.44194030761719
        ],
        [
            "rhan_smpl",
            -551.5191650390625,
            3207.478515625,
            111.11136627197266
        ],
        [
            "nose_coco",
            -55.071380615234375,
            3164.65185546875,
            683.1065673828125
        ],
        [
            "leye_coco",
            -20.049104690551758,
            3174.462158203125,
            714.688720703125
        ],
        [
            "lear_coco",
            45.92801284790039,
            3238.77392578125,
            698.6119384765625
        ],
        [
            "reye_coco",
            -77.31536102294922,
            3196.617919921875,
            714.669189453125
        ],
        [
            "rear_coco",
            -86.19071197509766,
            3293.743408203125,
            698.6842651367188
        ],
        [
            "htop_mpi_inf_3dhp",
            -13.847066879272461,
            3286.46630859375,
            821.9732666015625
        ]
    ],
    "pose3d1": [],
    "pose3d2": []
}