{
    "boxes": [
        [
            323.86376953125,
            35.447139739990234
        ]
    ],
    "skeleton": "smpl+head_30",
    "joints": [
        "pelv_smpl",
        "lhip_smpl",
        "rhip_smpl",
        "bell_smpl",
        "lkne_smpl",
        "rkne_smpl",
        "spin_smpl",
        "lank_smpl",
        "rank_smpl",
        "thor_smpl",
        "ltoe_smpl",
        "rtoe_smpl",
        "neck_smpl",
        "lcla_smpl",
        "rcla_smpl",
        "head_smpl",
        "lsho_smpl",
        "rsho_smpl",
        "lelb_smpl",
        "relb_smpl",
        "lwri_smpl",
        "rwri_smpl",
        "lhan_smpl",
        "rhan_smpl",
        "nose_coco",
        "leye_coco",
        "lear_coco",
        "reye_coco",
        "rear_coco",
        "htop_mpi_inf_3dhp"
    ],
    "pose3d": [
        [
            "pelv_smpl",
            -9.2088623046875,
            3400.91552734375,
            97.81349182128906
        ],
        [
            "lhip_smpl",
            -73.94825744628906,
            3362.246826171875,
            10.68017578125
        ],
        [
            "rhip_smpl",
            62.820526123046875,
            3402.86865234375,
            5.634835720062256
        ],
        [
            "bell_smpl",
            -3.859431505203247,
            3399.061767578125,
            200.0635223388672
        ],
        [
            "lkne_smpl",
            -155.58018493652344,
            3294.40966796875,
            -378.2127685546875
        ],
        [
            "rkne_smpl",
            127.09797668457031,
            3383.22314453125,
            -383.6053771972656
        ],
        [
            "spin_smpl",
            -10.364509582519531,
            3423.643310546875,
            325.34954833984375
        ],
        [
            "lank_smpl",
            -172.9379425048828,
            3234.99853515625,
            -790.9644775390625
        ],
        [
            "rank_smpl",
            158.70420837402344,
            3347.128173828125,
            -793.4039916992188
        ],
        [
            "thor_smpl",
            -18.15011978149414,
            3447.86181640625,
            372.15936279296875
        ],
        [
            "ltoe_smpl",
            -235.09860229492188,
            3330.70166015625,
            -839.3806762695312
        ],
        [
            "rtoe_smpl",
            137.83103942871094,
            3460.727783203125,
            -845.7994995117188
        ],
        [
            "neck_smpl",
            -8.5988187789917,
            3431.97900390625,
            582.9486083984375
        ],
        [
            "lcla_smpl",
            -81.55229187011719,
            3405.69921875,
            490.26800537109375
        ],
        [
            "rcla_smpl",
            64.08575439453125,
            3453.04248046875,
            489.0537109375
        ],
        [
            "head_smpl",
            -17.994644165039062,
            3481.399169921875,
            648.7232666015625
        ],
        [
            "lsho_smpl",
            -173.48385620117188,
            3376.25634765625,
            489.30157470703125
        ],
        [
            "rsho_smpl",
            159.39370727539062,
            3486.36767578125,
            491.1626892089844
        ],
        [
            "lelb_smpl",
            -356.07843017578125,
            3365.643798828125,
            304.4082946777344
        ],
        [
            "relb_smpl",
            330.33154296875,
            3558.959716796875,
            307.8036193847656
        ],
        [
            "lwri_smpl",
            -527.781982421875,
            3509.653564453125,
            162.27435302734375
        ],
        [
            "rwri_smpl",
            398.09051513671875,
            3760.94775390625,
            169.81887817382812
        ],
        [
            "lhan_smpl",
            -581.7356567382812,
            3553.185546875,
            110.06697845458984
        ],
        [
            "rhan_smpl",
            424.81982421875,
            3835.27392578125,
            126.66282653808594
        ],
        [
            "nose_coco",
            -26.19325828552246,
            3567.927734375,
            709.5743408203125
        ],
        [
            "leye_coco",
            -54.15226364135742,
            3541.39404296875,
            739.7477416992188
        ],
        [
            "lear_coco",
            -86.67469787597656,
            3452.119873046875,
            717.7678833007812
        ],
        [
            "reye_coco",
            6.292407035827637,
            3551.42529296875,
            736.47412109375
        ],
        [
            "rear_coco",
            56.40477752685547,
            3478.60009765625,
            713.7172241210938
        ],
        [
            "htop_mpi_inf_3dhp",
            -13.734707832336426,
            3457.7734375,
            838.703125
        ]
    ],
    "pose3d1": [],
    "pose3d2": []
}