{
    "boxes": [
        [
            417.2407531738281,
            41.506874084472656
        ]
    ],
    "skeleton": "smpl+head_30",
    "joints": [
        "pelv_smpl",
        "lhip_smpl",
        "rhip_smpl",
        "bell_smpl",
        "lkne_smpl",
        "rkne_smpl",
        "spin_smpl",
        "lank_smpl",
        "rank_smpl",
        "thor_smpl",
        "ltoe_smpl",
        "rtoe_smpl",
        "neck_smpl",
        "lcla_smpl",
        "rcla_smpl",
        "head_smpl",
        "lsho_smpl",
        "rsho_smpl",
        "lelb_smpl",
        "relb_smpl",
        "lwri_smpl",
        "rwri_smpl",
        "lhan_smpl",
        "rhan_smpl",
        "nose_coco",
        "leye_coco",
        "lear_coco",
        "reye_coco",
        "rear_coco",
        "htop_mpi_inf_3dhp"
    ],
    "pose3d": [
        [
            "pelv_smpl",
            19.39851188659668,
            3383.685546875,
            93.63288879394531
        ],
        [
            "lhip_smpl",
            -39.1000862121582,
            3415.910888671875,
            -0.13005343079566956
        ],
        [
            "rhip_smpl",
            65.21070861816406,
            3323.412841796875,
            6.138308048248291
        ],
        [
            "bell_smpl",
            5.7964372634887695,
            3378.51220703125,
            196.14137268066406
        ],
        [
            "lkne_smpl",
            -75.76573181152344,
            3433.305908203125,
            -390.873046875
        ],
        [
            "rkne_smpl",
            133.48561096191406,
            3244.8125,
            -383.42108154296875
        ],
        [
            "spin_smpl",
            15.221928596496582,
            3398.960205078125,
            324.35943603515625
        ],
        [
            "lank_smpl",
            -108.92724609375,
            3411.01708984375,
            -792.7518920898438
        ],
        [
            "rank_smpl",
            132.84878540039062,
            3179.781494140625,
            -799.2722778320312
        ],
        [
            "thor_smpl",
            32.968658447265625,
            3417.2265625,
            371.2415466308594
        ],
        [
            "ltoe_smpl",
            -42.23656463623047,
            3510.06640625,
            -847.4114990234375
        ],
        [
            "rtoe_smpl",
            228.4451141357422,
            3233.71044921875,
            -846.4279174804688
        ],
        [
            "neck_smpl",
            8.86742115020752,
            3407.71484375,
            580.4871215820312
        ],
        [
            "lcla_smpl",
            -41.792625427246094,
            3459.45751953125,
            487.1759338378906
        ],
        [
            "rcla_smpl",
            63.81205368041992,
            3348.600341796875,
            489.16650390625
        ],
        [
            "head_smpl",
            43.34663772583008,
            3445.501220703125,
            643.1344604492188
        ],
        [
            "lsho_smpl",
            -108.34493255615234,
            3530.51953125,
            489.92340087890625
        ],
        [
            "rsho_smpl",
            130.30972290039062,
            3277.421142578125,
            492.6061096191406
        ],
        [
            "lelb_smpl",
            -231.87594604492188,
            3648.01904296875,
            298.0780029296875
        ],
        [
            "relb_smpl",
            275.8336486816406,
            3189.39794921875,
            299.2596740722656
        ],
        [
            "lwri_smpl",
            -199.21255493164062,
            3849.198486328125,
            159.7471923828125
        ],
        [
            "rwri_smpl",
            487.2359313964844,
            3221.46044921875,
            161.56759643554688
        ],
        [
            "lhan_smpl",
            -194.0394287109375,
            3929.524169921875,
            117.3863296508789
        ],
        [
            "rhan_smpl",
            551.944580078125,
            3231.426513671875,
            109.89430236816406
        ],
        [
            "nose_coco",
            97.49594116210938,
            3511.07958984375,
            697.8196411132812
        ],
        [
            "leye_coco",
            59.41231155395508,
            3519.22412109375,
            727.2937622070312
        ],
        [
            "lear_coco",
            -24.529178619384766,
            3486.710205078125,
            707.2903442382812
        ],
        [
            "reye_coco",
            108.99798583984375,
            3473.267578125,
            729.0844116210938
        ],
        [
            "rear_coco",
            89.59222412109375,
            3384.84130859375,
            710.398193359375
        ],
        [
            "htop_mpi_inf_3dhp",
            24.358123779296875,
            3443.57080078125,
            833.7322387695312
        ]
    ],
    "pose3d1": [],
    "pose3d2": []
}