{
    "boxes": [
        [
            315.9886169433594,
            35.328739166259766
        ]
    ],
    "skeleton": "smpl+head_30",
    "joints": [
        "pelv_smpl",
        "lhip_smpl",
        "rhip_smpl",
        "bell_smpl",
        "lkne_smpl",
        "rkne_smpl",
        "spin_smpl",
        "lank_smpl",
        "rank_smpl",
        "thor_smpl",
        "ltoe_smpl",
        "rtoe_smpl",
        "neck_smpl",
        "lcla_smpl",
        "rcla_smpl",
        "head_smpl",
        "lsho_smpl",
        "rsho_smpl",
        "lelb_smpl",
        "relb_smpl",
        "lwri_smpl",
        "rwri_smpl",
        "lhan_smpl",
        "rhan_smpl",
        "nose_coco",
        "leye_coco",
        "lear_coco",
        "reye_coco",
        "rear_coco",
        "htop_mpi_inf_3dhp"
    ],
    "pose3d": [
        [
            "pelv_smpl",
            -5.520781993865967,
            3272.3466796875,
            79.84366607666016
        ],
        [
            "lhip_smpl",
            66.14706420898438,
            3269.253173828125,
            -10.304638862609863
        ],
        [
            "rhip_smpl",
            -76.41313934326172,
            3288.29833984375,
            -9.300444602966309
        ],
        [
            "bell_smpl",
            -1.8794755935668945,
            3298.04736328125,
            177.8544464111328
        ],
        [
            "lkne_smpl",
            128.81686401367188,
            3223.285888671875,
            -377.9772033691406
        ],
        [
            "rkne_smpl",
            -151.4652862548828,
            3234.423095703125,
            -368.2043762207031
        ],
        [
            "spin_smpl",
            -5.131734371185303,
            3292.21240234375,
            304.16729736328125
        ],
        [
            "lank_smpl",
            164.41015625,
            3243.2421875,
            -786.36767578125
        ],
        [
            "rank_smpl",
            -175.79830932617188,
            3265.67626953125,
            -777.6238403320312
        ],
        [
            "thor_smpl",
            -10.241969108581543,
            3263.50927734375,
            352.48828125
        ],
        [
            "ltoe_smpl",
            161.07534790039062,
            3129.311279296875,
            -847.5372314453125
        ],
        [
            "rtoe_smpl",
            -218.14785766601562,
            3159.737060546875,
            -835.3181762695312
        ],
        [
            "neck_smpl",
            -4.649853229522705,
            3303.305419921875,
            564.917236328125
        ],
        [
            "lcla_smpl",
            70.68535614013672,
            3286.91748046875,
            471.01763916015625
        ],
        [
            "rcla_smpl",
            -82.27293395996094,
            3312.23974609375,
            471.33087158203125
        ],
        [
            "head_smpl",
            -13.411748886108398,
            3243.2392578125,
            626.3710327148438
        ],
        [
            "lsho_smpl",
            164.7451171875,
            3274.02978515625,
            471.4400329589844
        ],
        [
            "rsho_smpl",
            -175.0977020263672,
            3332.122314453125,
            470.4139099121094
        ],
        [
            "lelb_smpl",
            332.924560546875,
            3234.26708984375,
            292.3172912597656
        ],
        [
            "relb_smpl",
            -346.6246643066406,
            3340.09912109375,
            290.23309326171875
        ],
        [
            "lwri_smpl",
            416.645751953125,
            3021.33837890625,
            169.1603240966797
        ],
        [
            "rwri_smpl",
            -483.78582763671875,
            3153.07861328125,
            162.2976531982422
        ],
        [
            "lhan_smpl",
            449.59515380859375,
            2955.822265625,
            121.361572265625
        ],
        [
            "rhan_smpl",
            -530.9089965820312,
            3102.57177734375,
            114.59022521972656
        ],
        [
            "nose_coco",
            -31.287349700927734,
            3146.653076171875,
            683.6275634765625
        ],
        [
            "leye_coco",
            1.8075273036956787,
            3162.05615234375,
            714.4573364257812
        ],
        [
            "lear_coco",
            58.01111602783203,
            3235.92529296875,
            695.8733520507812
        ],
        [
            "reye_coco",
            -56.998077392578125,
            3175.58056640625,
            714.2305908203125
        ],
        [
            "rear_coco",
            -78.693115234375,
            3267.919921875,
            695.0858764648438
        ],
        [
            "htop_mpi_inf_3dhp",
            -5.4373369216918945,
            3275.240234375,
            819.08154296875
        ]
    ],
    "pose3d1": [],
    "pose3d2": []
}