{
    "boxes": [
        [
            447.093505859375,
            37.01739501953125
        ]
    ],
    "skeleton": "smpl+head_30",
    "joints": [
        "pelv_smpl",
        "lhip_smpl",
        "rhip_smpl",
        "bell_smpl",
        "lkne_smpl",
        "rkne_smpl",
        "spin_smpl",
        "lank_smpl",
        "rank_smpl",
        "thor_smpl",
        "ltoe_smpl",
        "rtoe_smpl",
        "neck_smpl",
        "lcla_smpl",
        "rcla_smpl",
        "head_smpl",
        "lsho_smpl",
        "rsho_smpl",
        "lelb_smpl",
        "relb_smpl",
        "lwri_smpl",
        "rwri_smpl",
        "lhan_smpl",
        "rhan_smpl",
        "nose_coco",
        "leye_coco",
        "lear_coco",
        "reye_coco",
        "rear_coco",
        "htop_mpi_inf_3dhp"
    ],
    "pose3d": [
        [
            "pelv_smpl",
            33.93907165527344,
            3468.106689453125,
            98.48274993896484
        ],
        [
            "lhip_smpl",
            20.606853485107422,
            3532.81005859375,
            8.379254341125488
        ],
        [
            "rhip_smpl",
            31.21433448791504,
            3399.810546875,
            6.8079833984375
        ],
        [
            "bell_smpl",
            7.5380754470825195,
            3466.339111328125,
            202.7275848388672
        ],
        [
            "lkne_smpl",
            29.004968643188477,
            3585.909423828125,
            -401.0810241699219
        ],
        [
            "rkne_smpl",
            58.60405349731445,
            3325.70556640625,
            -395.861328125
        ],
        [
            "spin_smpl",
            15.630777359008789,
            3471.61279296875,
            339.4247131347656
        ],
        [
            "lank_smpl",
            10.848237037658691,
            3596.389404296875,
            -828.1661376953125
        ],
        [
            "rank_smpl",
            31.036788940429688,
            3292.60888671875,
            -831.53466796875
        ],
        [
            "thor_smpl",
            37.7211799621582,
            3472.526123046875,
            391.24053955078125
        ],
        [
            "ltoe_smpl",
            123.62614440917969,
            3645.043701171875,
            -880.8759765625
        ],
        [
            "rtoe_smpl",
            145.8569793701172,
            3259.844970703125,
            -888.0965576171875
        ],
        [
            "neck_smpl",
            10.07129955291748,
            3478.612548828125,
            600.2965698242188
        ],
        [
            "lcla_smpl",
            6.309980869293213,
            3553.5703125,
            507.9876403808594
        ],
        [
            "rcla_smpl",
            15.289804458618164,
            3397.821533203125,
            504.5616149902344
        ],
        [
            "head_smpl",
            68.3057861328125,
            3480.99609375,
            665.7264404296875
        ],
        [
            "lsho_smpl",
            7.013853549957275,
            3646.367919921875,
            526.1303100585938
        ],
        [
            "rsho_smpl",
            25.213794708251953,
            3292.76611328125,
            518.6685791015625
        ],
        [
            "lelb_smpl",
            -15.619511604309082,
            3782.07373046875,
            303.95257568359375
        ],
        [
            "relb_smpl",
            52.59344482421875,
            3136.75048828125,
            306.39727783203125
        ],
        [
            "lwri_smpl",
            138.83349609375,
            3887.958251953125,
            160.41636657714844
        ],
        [
            "rwri_smpl",
            231.06576538085938,
            3005.133056640625,
            172.40768432617188
        ],
        [
            "lhan_smpl",
            188.84609985351562,
            3931.82275390625,
            111.3555908203125
        ],
        [
            "rhan_smpl",
            288.21929931640625,
            2952.387451171875,
            122.41890716552734
        ],
        [
            "nose_coco",
            157.10157775878906,
            3478.72998046875,
            728.3698120117188
        ],
        [
            "leye_coco",
            135.2390899658203,
            3508.994873046875,
            758.1582641601562
        ],
        [
            "lear_coco",
            50.1200065612793,
            3549.208251953125,
            735.7232666015625
        ],
        [
            "reye_coco",
            138.93629455566406,
            3443.40771484375,
            754.7515869140625
        ],
        [
            "rear_coco",
            62.067474365234375,
            3398.44873046875,
            729.3751220703125
        ],
        [
            "htop_mpi_inf_3dhp",
            37.508216857910156,
            3475.125732421875,
            852.54541015625
        ]
    ],
    "pose3d1": [],
    "pose3d2": []
}