{
    "boxes": [
        [
            401.8001708984375,
            40.239505767822266
        ]
    ],
    "skeleton": "smpl+head_30",
    "joints": [
        "pelv_smpl",
        "lhip_smpl",
        "rhip_smpl",
        "bell_smpl",
        "lkne_smpl",
        "rkne_smpl",
        "spin_smpl",
        "lank_smpl",
        "rank_smpl",
        "thor_smpl",
        "ltoe_smpl",
        "rtoe_smpl",
        "neck_smpl",
        "lcla_smpl",
        "rcla_smpl",
        "head_smpl",
        "lsho_smpl",
        "rsho_smpl",
        "lelb_smpl",
        "relb_smpl",
        "lwri_smpl",
        "rwri_smpl",
        "lhan_smpl",
        "rhan_smpl",
        "nose_coco",
        "leye_coco",
        "lear_coco",
        "reye_coco",
        "rear_coco",
        "htop_mpi_inf_3dhp"
    ],
    "pose3d": [
        [
            "pelv_smpl",
            15.898297309875488,
            3384.70263671875,
            93.68193054199219
        ],
        [
            "lhip_smpl",
            -50.37334442138672,
            3403.78125,
            0.7375884056091309
        ],
        [
            "rhip_smpl",
            70.66630554199219,
            3333.009765625,
            5.77734375
        ],
        [
            "bell_smpl",
            6.329129219055176,
            3380.714111328125,
            196.89141845703125
        ],
        [
            "lkne_smpl",
            -98.49198913574219,
            3401.59912109375,
            -386.2124938964844
        ],
        [
            "rkne_smpl",
            145.2457733154297,
            3260.475341796875,
            -379.96630859375
        ],
        [
            "spin_smpl",
            15.276371955871582,
            3403.53955078125,
            323.2744445800781
        ],
        [
            "lank_smpl",
            -131.2255096435547,
            3373.916015625,
            -789.7283935546875
        ],
        [
            "rank_smpl",
            151.54222106933594,
            3190.909423828125,
            -789.9147338867188
        ],
        [
            "thor_smpl",
            28.81803321838379,
            3425.22509765625,
            370.4383850097656
        ],
        [
            "ltoe_smpl",
            -82.88322448730469,
            3479.024169921875,
            -842.8190307617188
        ],
        [
            "rtoe_smpl",
            237.1473388671875,
            3256.87060546875,
            -840.32470703125
        ],
        [
            "neck_smpl",
            8.349013328552246,
            3412.37451171875,
            579.781494140625
        ],
        [
            "lcla_smpl",
            -51.80427932739258,
            3452.270751953125,
            485.7674865722656
        ],
        [
            "rcla_smpl",
            73.18871307373047,
            3365.416748046875,
            487.49493408203125
        ],
        [
            "head_smpl",
            35.371063232421875,
            3456.62744140625,
            643.8339233398438
        ],
        [
            "lsho_smpl",
            -131.93016052246094,
            3509.40478515625,
            486.704833984375
        ],
        [
            "rsho_smpl",
            151.41172790527344,
            3309.127685546875,
            487.79766845703125
        ],
        [
            "lelb_smpl",
            -275.24542236328125,
            3613.473876953125,
            297.5148620605469
        ],
        [
            "relb_smpl",
            316.9697265625,
            3248.474609375,
            298.130126953125
        ],
        [
            "lwri_smpl",
            -280.76837158203125,
            3826.80859375,
            166.04763793945312
        ],
        [
            "rwri_smpl",
            520.66845703125,
            3322.01708984375,
            155.5023193359375
        ],
        [
            "lhan_smpl",
            -287.89697265625,
            3909.833251953125,
            123.82659912109375
        ],
        [
            "rhan_smpl",
            582.16357421875,
            3345.029296875,
            102.7525634765625
        ],
        [
            "nose_coco",
            78.19822692871094,
            3532.530517578125,
            697.6095581054688
        ],
        [
            "leye_coco",
            40.95032501220703,
            3533.69775390625,
            727.7504272460938
        ],
        [
            "lear_coco",
            -35.41338348388672,
            3485.780029296875,
            709.433837890625
        ],
        [
            "reye_coco",
            95.73451232910156,
            3497.464111328125,
            728.9188842773438
        ],
        [
            "rear_coco",
            91.6254653930664,
            3405.21484375,
            711.3817138671875
        ],
        [
            "htop_mpi_inf_3dhp",
            24.650142669677734,
            3451.03564453125,
            834.279296875
        ]
    ],
    "pose3d1": [],
    "pose3d2": []
}