{
    "boxes": [
        [
            333.04046630859375,
            36.70903778076172
        ]
    ],
    "skeleton": "smpl+head_30",
    "joints": [
        "pelv_smpl",
        "lhip_smpl",
        "rhip_smpl",
        "bell_smpl",
        "lkne_smpl",
        "rkne_smpl",
        "spin_smpl",
        "lank_smpl",
        "rank_smpl",
        "thor_smpl",
        "ltoe_smpl",
        "rtoe_smpl",
        "neck_smpl",
        "lcla_smpl",
        "rcla_smpl",
        "head_smpl",
        "lsho_smpl",
        "rsho_smpl",
        "lelb_smpl",
        "relb_smpl",
        "lwri_smpl",
        "rwri_smpl",
        "lhan_smpl",
        "rhan_smpl",
        "nose_coco",
        "leye_coco",
        "lear_coco",
        "reye_coco",
        "rear_coco",
        "htop_mpi_inf_3dhp"
    ],
    "pose3d": [
        [
            "pelv_smpl",
            2.5534703731536865,
            3289.364013671875,
            83.46087646484375
        ],
        [
            "lhip_smpl",
            72.48741149902344,
            3307.19189453125,
            -5.720778942108154
        ],
        [
            "rhip_smpl",
            -69.5118637084961,
            3284.800048828125,
            -5.581597328186035
        ],
        [
            "bell_smpl",
            -0.006700706668198109,
            3313.542236328125,
            181.8643798828125
        ],
        [
            "lkne_smpl",
            152.015869140625,
            3277.038330078125,
            -377.98297119140625
        ],
        [
            "rkne_smpl",
            -132.3685760498047,
            3209.033203125,
            -369.88543701171875
        ],
        [
            "spin_smpl",
            2.2815237045288086,
            3306.275390625,
            307.36871337890625
        ],
        [
            "lank_smpl",
            173.79037475585938,
            3311.36474609375,
            -790.5013427734375
        ],
        [
            "rank_smpl",
            -167.962646484375,
            3223.67236328125,
            -785.2916259765625
        ],
        [
            "thor_smpl",
            7.523311614990234,
            3276.987060546875,
            354.90106201171875
        ],
        [
            "ltoe_smpl",
            216.11972045898438,
            3205.9794921875,
            -846.95849609375
        ],
        [
            "rtoe_smpl",
            -170.6906280517578,
            3108.571044921875,
            -846.5875244140625
        ],
        [
            "neck_smpl",
            -0.5409284830093384,
            3316.63818359375,
            567.91357421875
        ],
        [
            "lcla_smpl",
            77.33154296875,
            3326.212890625,
            474.16693115234375
        ],
        [
            "rcla_smpl",
            -75.46759796142578,
            3299.766845703125,
            474.0757751464844
        ],
        [
            "head_smpl",
            9.491625785827637,
            3256.163818359375,
            629.0294189453125
        ],
        [
            "lsho_smpl",
            170.297119140625,
            3344.244140625,
            473.6182556152344
        ],
        [
            "rsho_smpl",
            -168.897705078125,
            3284.62109375,
            474.5829162597656
        ],
        [
            "lelb_smpl",
            342.0229797363281,
            3342.966064453125,
            288.9799499511719
        ],
        [
            "relb_smpl",
            -338.8880310058594,
            3247.0576171875,
            294.0867614746094
        ],
        [
            "lwri_smpl",
            484.88568115234375,
            3169.81103515625,
            158.25448608398438
        ],
        [
            "rwri_smpl",
            -418.599609375,
            3026.541015625,
            169.59225463867188
        ],
        [
            "lhan_smpl",
            534.0391845703125,
            3119.94384765625,
            109.79966735839844
        ],
        [
            "rhan_smpl",
            -450.1415100097656,
            2960.02783203125,
            120.97503662109375
        ],
        [
            "nose_coco",
            29.107585906982422,
            3160.64013671875,
            686.4772338867188
        ],
        [
            "leye_coco",
            54.519920349121094,
            3189.130859375,
            716.8236083984375
        ],
        [
            "lear_coco",
            77.27482604980469,
            3281.04052734375,
            696.125244140625
        ],
        [
            "reye_coco",
            -3.594794750213623,
            3176.08154296875,
            717.4050903320312
        ],
        [
            "rear_coco",
            -60.105003356933594,
            3248.453857421875,
            698.1748046875
        ],
        [
            "htop_mpi_inf_3dhp",
            3.7904467582702637,
            3286.62890625,
            818.9595947265625
        ]
    ],
    "pose3d1": [],
    "pose3d2": []
}