{
    "boxes": [
        [
            442.2203674316406,
            38.210960388183594
        ]
    ],
    "skeleton": "smpl+head_30",
    "joints": [
        "pelv_smpl",
        "lhip_smpl",
        "rhip_smpl",
        "bell_smpl",
        "lkne_smpl",
        "rkne_smpl",
        "spin_smpl",
        "lank_smpl",
        "rank_smpl",
        "thor_smpl",
        "ltoe_smpl",
        "rtoe_smpl",
        "neck_smpl",
        "lcla_smpl",
        "rcla_smpl",
        "head_smpl",
        "lsho_smpl",
        "rsho_smpl",
        "lelb_smpl",
        "relb_smpl",
        "lwri_smpl",
        "rwri_smpl",
        "lhan_smpl",
        "rhan_smpl",
        "nose_coco",
        "leye_coco",
        "lear_coco",
        "reye_coco",
        "rear_coco",
        "htop_mpi_inf_3dhp"
    ],
    "pose3d": [
        [
            "pelv_smpl",
            34.947471618652344,
            3519.957763671875,
            91.24436950683594
        ],
        [
            "lhip_smpl",
            5.601556777954102,
            3573.991455078125,
            -1.8127481937408447
        ],
        [
            "rhip_smpl",
            43.910797119140625,
            3451.86376953125,
            2.0629849433898926
        ],
        [
            "bell_smpl",
            3.418261766433716,
            3518.968017578125,
            200.00137329101562
        ],
        [
            "lkne_smpl",
            0.21247205138206482,
            3629.940185546875,
            -410.59808349609375
        ],
        [
            "rkne_smpl",
            87.91340637207031,
            3366.69921875,
            -401.1336975097656
        ],
        [
            "spin_smpl",
            20.02484893798828,
            3534.842529296875,
            339.3663024902344
        ],
        [
            "lank_smpl",
            -16.3933048248291,
            3646.490234375,
            -839.92236328125
        ],
        [
            "rank_smpl",
            62.55303955078125,
            3324.899658203125,
            -845.2306518554688
        ],
        [
            "thor_smpl",
            34.5761604309082,
            3539.376953125,
            392.87628173828125
        ],
        [
            "ltoe_smpl",
            93.1337661743164,
            3713.87255859375,
            -895.8853759765625
        ],
        [
            "rtoe_smpl",
            183.48635864257812,
            3318.39697265625,
            -897.2181396484375
        ],
        [
            "neck_smpl",
            10.734689712524414,
            3548.385498046875,
            603.1392822265625
        ],
        [
            "lcla_smpl",
            -2.8152599334716797,
            3620.60595703125,
            507.8363342285156
        ],
        [
            "rcla_smpl",
            27.56156349182129,
            3465.655029296875,
            511.0234375
        ],
        [
            "head_smpl",
            67.34337615966797,
            3558.801513671875,
            675.46630859375
        ],
        [
            "lsho_smpl",
            -11.735062599182129,
            3722.934814453125,
            518.6065063476562
        ],
        [
            "rsho_smpl",
            55.03712844848633,
            3355.71533203125,
            525.6808471679688
        ],
        [
            "lelb_smpl",
            -20.269502639770508,
            3849.711669921875,
            286.44659423828125
        ],
        [
            "relb_smpl",
            116.3326416015625,
            3203.3583984375,
            313.0868225097656
        ],
        [
            "lwri_smpl",
            98.31083679199219,
            3951.45947265625,
            110.667236328125
        ],
        [
            "rwri_smpl",
            316.98468017578125,
            3100.882568359375,
            170.8460235595703
        ],
        [
            "lhan_smpl",
            139.13522338867188,
            4006.103515625,
            62.2958984375
        ],
        [
            "rhan_smpl",
            378.15020751953125,
            3064.95947265625,
            118.16754150390625
        ],
        [
            "nose_coco",
            155.4967041015625,
            3568.83984375,
            738.4434204101562
        ],
        [
            "leye_coco",
            129.52330017089844,
            3595.98974609375,
            768.9236450195312
        ],
        [
            "lear_coco",
            38.82924270629883,
            3626.871826171875,
            745.4813842773438
        ],
        [
            "reye_coco",
            142.16485595703125,
            3530.47509765625,
            765.2310180664062
        ],
        [
            "rear_coco",
            71.87104034423828,
            3475.37109375,
            739.6669921875
        ],
        [
            "htop_mpi_inf_3dhp",
            41.2739372253418,
            3547.52685546875,
            865.8351440429688
        ]
    ],
    "pose3d1": [],
    "pose3d2": []
}