{
    "boxes": [
        [
            431.2510681152344,
            36.06596755981445
        ]
    ],
    "skeleton": "smpl+head_30",
    "joints": [
        "pelv_smpl",
        "lhip_smpl",
        "rhip_smpl",
        "bell_smpl",
        "lkne_smpl",
        "rkne_smpl",
        "spin_smpl",
        "lank_smpl",
        "rank_smpl",
        "thor_smpl",
        "ltoe_smpl",
        "rtoe_smpl",
        "neck_smpl",
        "lcla_smpl",
        "rcla_smpl",
        "head_smpl",
        "lsho_smpl",
        "rsho_smpl",
        "lelb_smpl",
        "relb_smpl",
        "lwri_smpl",
        "rwri_smpl",
        "lhan_smpl",
        "rhan_smpl",
        "nose_coco",
        "leye_coco",
        "lear_coco",
        "reye_coco",
        "rear_coco",
        "htop_mpi_inf_3dhp"
    ],
    "pose3d": [
        [
            "pelv_smpl",
            29.971847534179688,
            3352.303466796875,
            95.11862182617188
        ],
        [
            "lhip_smpl",
            52.538108825683594,
            3412.24755859375,
            4.7946014404296875
        ],
        [
            "rhip_smpl",
            -8.173406600952148,
            3294.16162109375,
            8.544320106506348
        ],
        [
            "bell_smpl",
            11.256373405456543,
            3365.3984375,
            196.77041625976562
        ],
        [
            "lkne_smpl",
            113.07759094238281,
            3452.344970703125,
            -389.165771484375
        ],
        [
            "rkne_smpl",
            -27.531665802001953,
            3231.08837890625,
            -393.89752197265625
        ],
        [
            "spin_smpl",
            20.657451629638672,
            3368.057373046875,
            324.7000427246094
        ],
        [
            "lank_smpl",
            100.0225830078125,
            3462.78564453125,
            -801.1336059570312
        ],
        [
            "rank_smpl",
            -62.1494140625,
            3212.88623046875,
            -815.8349609375
        ],
        [
            "thor_smpl",
            44.23253631591797,
            3356.98193359375,
            375.0770568847656
        ],
        [
            "ltoe_smpl",
            208.57339477539062,
            3453.00244140625,
            -857.9935302734375
        ],
        [
            "rtoe_smpl",
            32.7186393737793,
            3145.6171875,
            -869.2227783203125
        ],
        [
            "neck_smpl",
            7.288289546966553,
            3380.775390625,
            582.7089233398438
        ],
        [
            "lcla_smpl",
            45.25758361816406,
            3445.211669921875,
            492.07720947265625
        ],
        [
            "rcla_smpl",
            -20.273263931274414,
            3306.72021484375,
            491.34698486328125
        ],
        [
            "head_smpl",
            58.48957443237305,
            3358.064453125,
            645.1802978515625
        ],
        [
            "lsho_smpl",
            88.61415100097656,
            3527.905029296875,
            501.3794860839844
        ],
        [
            "rsho_smpl",
            -60.82386016845703,
            3217.10986328125,
            500.79681396484375
        ],
        [
            "lelb_smpl",
            184.888427734375,
            3639.36962890625,
            294.36090087890625
        ],
        [
            "relb_smpl",
            -139.32742309570312,
            3076.60546875,
            309.14599609375
        ],
        [
            "lwri_smpl",
            384.94970703125,
            3704.059326171875,
            159.21365356445312
        ],
        [
            "rwri_smpl",
            -46.126853942871094,
            2883.326171875,
            170.2913360595703
        ],
        [
            "lhan_smpl",
            453.3004455566406,
            3734.162841796875,
            113.9568862915039
        ],
        [
            "rhan_smpl",
            -23.55707550048828,
            2814.654052734375,
            126.19560241699219
        ],
        [
            "nose_coco",
            142.8812255859375,
            3323.087890625,
            706.923095703125
        ],
        [
            "leye_coco",
            133.6103973388672,
            3360.01318359375,
            736.7229614257812
        ],
        [
            "lear_coco",
            66.75575256347656,
            3425.47216796875,
            714.1173706054688
        ],
        [
            "reye_coco",
            116.30393981933594,
            3298.867919921875,
            734.3797607421875
        ],
        [
            "rear_coco",
            27.254308700561523,
            3283.21875,
            706.2847290039062
        ],
        [
            "htop_mpi_inf_3dhp",
            28.746456146240234,
            3362.76806640625,
            830.64453125
        ]
    ],
    "pose3d1": [],
    "pose3d2": []
}